site,location,group,square,canopy,nets,plots,species,girth
S13,L1,G2,5,70%,1 Net,1 plot,Acacia caesia,0.1
S13,L1,G2,15,50%,,,Acacia caesia,0.2
S13,L1,G2,2,45%,,1 plot,Actinodaphne bourdillonii,6
S13,L1,G2,15,50%,,,Actinodaphne bourdillonii,2
S19,L1,G2,2,75%,1 Net,2 Plots,Actinodaphne bourdillonii,0.6
S19,L1,G2,4,70%,,,Actinodaphne bourdillonii,0.8
S19,L1,G2,5,65%,,,Actinodaphne bourdillonii,1.2
S19,L1,G2,6,70%,,,Actinodaphne bourdillonii,0.6
S19,L1,G2,6,70%,,,Actinodaphne bourdillonii,2
S19,L1,G2,8,50%,,,Actinodaphne bourdillonii,1.5
S19,L1,G2,9,70%,,,Actinodaphne bourdillonii,1.2
S18,L1,G2,1,55%,,,Actinodaphne bourdillonii,0.4
S18,L1,G2,1,55%,,,Actinodaphne bourdillonii,1.2
S18,L1,G2,1,55%,,,Actinodaphne bourdillonii,0.4
S18,L1,G2,1,55%,,,Actinodaphne bourdillonii,0.4
S18,L1,G2,1,55%,,,Actinodaphne bourdillonii,0.5
S18,L1,G2,1,55%,,,Actinodaphne bourdillonii,0.5
S18,L1,G2,2,55%,,,Actinodaphne bourdillonii,0.4
S18,L1,G2,2,55%,,,Actinodaphne bourdillonii,1.2
S18,L1,G2,2,55%,,,Actinodaphne bourdillonii,0.5
S18,L1,G2,2,55%,,,Actinodaphne bourdillonii,0.4
S18,L1,G2,3,40%,,,Actinodaphne bourdillonii,0.5
S18,L1,G2,3,40%,,,Actinodaphne bourdillonii,1.5
S18,L1,G2,3,40%,,,Actinodaphne bourdillonii,0.4
S18,L1,G2,3,40%,,,Actinodaphne bourdillonii,0.4
S18,L1,G2,3,40%,,,Actinodaphne bourdillonii,1.5
S18,L1,G2,3,40%,,,Actinodaphne bourdillonii,0.6
S18,L1,G2,3,40%,,,Actinodaphne bourdillonii,0.4
S18,L1,G2,4,70%,,,Actinodaphne bourdillonii,0.9
S18,L1,G2,4,70%,,,Actinodaphne bourdillonii,1.2
S18,L1,G2,4,70%,,,Actinodaphne bourdillonii,1.2
S18,L1,G2,4,70%,,,Actinodaphne bourdillonii,0.4
S18,L1,G2,4,70%,,,Actinodaphne bourdillonii,0.3
S18,L1,G2,4,70%,,,Actinodaphne bourdillonii,0.4
S18,L1,G2,4,70%,,,Actinodaphne bourdillonii,0.4
S18,L1,G2,4,70%,,,Actinodaphne bourdillonii,1.2
S18,L1,G2,4,70%,,,Actinodaphne bourdillonii,0.5
S18,L1,G2,4,70%,,,Actinodaphne bourdillonii,1.3
S18,L1,G2,5,55%,,0.5 Plot,Actinodaphne bourdillonii,0.4
S18,L1,G2,5,55%,,0.5 Plot,Actinodaphne bourdillonii,0.4
S18,L1,G2,5,55%,,0.5 Plot,Actinodaphne bourdillonii,0.4
S18,L1,G2,6,55%,1 Net,4 Plots,Actinodaphne bourdillonii,0.3
S18,L1,G2,6,55%,1 Net,4 Plots,Actinodaphne bourdillonii,0.5
S18,L1,G2,6,55%,1 Net,4 Plots,Actinodaphne bourdillonii,0.8
S18,L1,G2,6,55%,1 Net,4 Plots,Actinodaphne bourdillonii,24
S18,L1,G2,6,55%,1 Net,4 Plots,Actinodaphne bourdillonii,0.4
S18,L1,G2,7,60%,,,Actinodaphne bourdillonii,0.4
S18,L1,G2,7,60%,,,Actinodaphne bourdillonii,0.4
S18,L1,G2,8,55%,,,Actinodaphne bourdillonii,0.5
S18,L1,G2,8,55%,,,Actinodaphne bourdillonii,0.5
S18,L1,G2,8,55%,,,Actinodaphne bourdillonii,0.4
S18,L1,G2,8,55%,,,Actinodaphne bourdillonii,0.4
S18,L1,G2,9,60%,,,Actinodaphne bourdillonii,1
S18,L1,G2,10,65%,,,Actinodaphne bourdillonii,0.4
S18,L1,G2,10,65%,,,Actinodaphne bourdillonii,0.4
S18,L1,G2,10,65%,,,Actinodaphne bourdillonii,0.3
S18,L1,G2,10,65%,,,Actinodaphne bourdillonii,0.4
S18,L1,G2,10,65%,,,Actinodaphne bourdillonii,0.5
S18,L1,G2,10,65%,,,Actinodaphne bourdillonii,0.3
S18,L1,G2,10,65%,,,Actinodaphne bourdillonii,0.4
S18,L1,G2,10,65%,,,Actinodaphne bourdillonii,0.4
S18,L1,G2,10,65%,,,Actinodaphne bourdillonii,0.5
S18,L1,G2,10,65%,,,Actinodaphne bourdillonii,0.4
S18,L1,G2,10,65%,,,Actinodaphne bourdillonii,0.4
S18,L1,G2,11,55%,1 Net,,Actinodaphne bourdillonii,0.4
S18,L1,G2,11,55%,1 Net,,Actinodaphne bourdillonii,0.4
S18,L1,G2,11,55%,1 Net,,Actinodaphne bourdillonii,0.6
S18,L1,G2,11,55%,1 Net,,Actinodaphne bourdillonii,1.2
S18,L1,G2,11,55%,1 Net,,Actinodaphne bourdillonii,0.4
S18,L1,G2,11,55%,1 Net,,Actinodaphne bourdillonii,0.4
S18,L1,G2,11,55%,1 Net,,Actinodaphne bourdillonii,0.4
S18,L1,G2,12,55%,,,Actinodaphne bourdillonii,0.4
S18,L1,G2,12,55%,,,Actinodaphne bourdillonii,0.4
S18,L1,G2,12,55%,,,Actinodaphne bourdillonii,0.4
S18,L1,G2,12,55%,,,Actinodaphne bourdillonii,0.3
S18,L1,G2,12,55%,,,Actinodaphne bourdillonii,0.5
S18,L1,G2,12,55%,,,Actinodaphne bourdillonii,4.8
S18,L1,G2,12,55%,,,Actinodaphne bourdillonii,0.4
S18,L1,G2,13,57%,,,Actinodaphne bourdillonii,0.4
S18,L1,G2,13,57%,,,Actinodaphne bourdillonii,0.4
S18,L1,G2,13,57%,,,Actinodaphne bourdillonii,0.4
S18,L1,G2,13,57%,,,Actinodaphne bourdillonii,0.4
S18,L1,G2,13,57%,,,Actinodaphne bourdillonii,0.4
S18,L1,G2,14,60%,,,Actinodaphne bourdillonii,0.4
S18,L1,G2,14,60%,,,Actinodaphne bourdillonii,0.4
S18,L1,G2,15,60%,,,Actinodaphne bourdillonii,35
S18,L1,G2,15,60%,,,Actinodaphne bourdillonii,0.4
S18,L1,G2,15,60%,,,Actinodaphne bourdillonii,0.4
S18,L1,G2,15,60%,,,Actinodaphne bourdillonii,0.5
S18,L1,G2,15,60%,,,Actinodaphne bourdillonii,0.4
S18,L1,G2,15,60%,,,Actinodaphne bourdillonii,0.5
S18,L1,G2,15,60%,,,Actinodaphne bourdillonii,0.4
S18,L1,G2,16,65%,,,Actinodaphne bourdillonii,0.4
S18,L1,G2,16,65%,,,Actinodaphne bourdillonii,0.4
S18,L1,G2,16,65%,,,Actinodaphne bourdillonii,0.4
S18,L1,G2,16,65%,,,Actinodaphne bourdillonii,0.4
S18,L1,G2,16,65%,,,Actinodaphne bourdillonii,0.4
S12,L2,G3,1,75%,1 Net,,Actinodaphne bourdillonii,1.2
S12,L2,G3,1,75%,1 Net,,Actinodaphne bourdillonii,1.5
S12,L2,G3,2,75%,,,Actinodaphne bourdillonii,1.2
S12,L2,G3,2,75%,,,Actinodaphne bourdillonii,32
S12,L2,G3,3,70%,,,Actinodaphne bourdillonii,0.5
S12,L2,G3,3,70%,,,Actinodaphne bourdillonii,2
S12,L2,G3,5,77%,,,Actinodaphne bourdillonii,0.6
S12,L2,G3,7,70%,,,Actinodaphne bourdillonii,2
S12,L2,G3,7,70%,,,Actinodaphne bourdillonii,0.5
S12,L2,G3,8,80%,,,Actinodaphne bourdillonii,3
S12,L2,G3,8,80%,,,Actinodaphne bourdillonii,0.4
S12,L2,G3,8,80%,,,Actinodaphne bourdillonii,1.5
S12,L2,G3,9,75%,,,Actinodaphne bourdillonii,8
S12,L2,G3,9,75%,,,Actinodaphne bourdillonii,20
S12,L2,G3,10,70%,,,Actinodaphne bourdillonii,0.7
S12,L2,G3,12,78%,1 Net,,Actinodaphne bourdillonii,0.9
S12,L2,G3,14,75%,,,Actinodaphne bourdillonii,1.3
S12,L2,G3,14,75%,,,Actinodaphne bourdillonii,1.1
S12,L2,G3,14,75%,,,Actinodaphne bourdillonii,1.2
S12,L2,G3,15,80%,,,Actinodaphne bourdillonii,1.2
S12,L2,G3,15,80%,,,Actinodaphne bourdillonii,1.1
S12,L2,G3,15,80%,,,Actinodaphne bourdillonii,1.2
S12,L2,G3,16,78%,,,Actinodaphne bourdillonii,1.2
S12,L2,G3,16,78%,,,Actinodaphne bourdillonii,12
S3,L1,G2,1,60%,,,Actinodaphne bourdillonii,0.4
S3,L1,G2,1,60%,,,Actinodaphne bourdillonii,3.5
S3,L1,G2,1,60%,,,Actinodaphne bourdillonii,0.6
S3,L1,G2,1,60%,,,Actinodaphne bourdillonii,0.6
S3,L1,G2,2,78%,,,Actinodaphne bourdillonii,0.4
S3,L1,G2,2,78%,,,Actinodaphne bourdillonii,0.5
S3,L1,G2,2,78%,,,Actinodaphne bourdillonii,0.5
S3,L1,G2,3,60%,,,Actinodaphne bourdillonii,1.2
S3,L1,G2,3,60%,,,Actinodaphne bourdillonii,6
S3,L1,G2,13,68%,,,Actinodaphne bourdillonii,9
S3,L1,G2,14,80%,,,Actinodaphne bourdillonii,12
S3,L1,G2,15,70%,,,Actinodaphne bourdillonii,9
S3,L1,G2,16,80%,,,Actinodaphne bourdillonii,26
S3,L1,G2,16,80%,,,Actinodaphne bourdillonii,7
S2,L1,G2,13,65%,,,Actinodaphne bourdillonii,3.5
S5,L2,G2,5,78%,,,Actinodaphne bourdillonii,9
S5,L2,G2,9,80%,,,Actinodaphne bourdillonii,18
S5,L2,G2,9,80%,,,Actinodaphne bourdillonii,4.5
S5,L2,G2,15,67%,,,Actinodaphne bourdillonii,10
S8,L1,G2,3,60%,,,Actinodaphne bourdillonii,25
S8,L1,G2,3,60%,,,Actinodaphne bourdillonii,1.2
S8,L1,G2,12,80%,,,Actinodaphne bourdillonii,4
S3,L1,G2,3,60%,,,Actinodaphne sp.,3
S3,L1,G2,3,60%,,,Actinodaphne sp.,1.1
S3,L1,G2,3,60%,,,Actinodaphne sp.,4
S3,L1,G2,3,60%,,,Actinodaphne sp.,0.4
S3,L1,G2,4,75%,,,Actinodaphne sp.,8
S3,L1,G2,4,75%,,,Actinodaphne sp.,3
S3,L1,G2,8,60%,,,Actinodaphne sp.,1.3
S3,L1,G2,9,75%,,,Actinodaphne sp.,1.2
S8,L1,G2,5,65%,,,Actinodaphne sp.,0.5
S8,L1,G2,8,55%,,,Actinodaphne sp.,1.2
S13,L1,G2,9,40%,,,Aglaia barberi,2
S13,L1,G2,9,40%,,,Aglaia barberi,2.5
S13,L1,G2,12,60%,,,Aglaia barberi,1.2
S19,L1,G2,5,65%,,,Aglaia barberi,2.5
S19,L1,G2,9,70%,,,Aglaia barberi,4
S18,L1,G2,10,65%,,,Aglaia barberi,1.3
S12,L2,G3,2,75%,,,Aglaia barberi,1.2
S12,L2,G3,2,75%,,,Aglaia barberi,15
S12,L2,G3,3,70%,,,Aglaia barberi,2
S12,L2,G3,4,75%,,,Aglaia barberi,1.1
S12,L2,G3,4,75%,,,Aglaia barberi,1.1
S12,L2,G3,5,77%,,,Aglaia barberi,15
S12,L2,G3,11,85%,,,Aglaia barberi,5
S12,L2,G3,11,85%,,,Aglaia barberi,2
S12,L2,G3,11,85%,,,Aglaia barberi,4
S12,L2,G3,12,78%,1 Net,,Aglaia barberi,3
S3,L1,G2,3,60%,,,Aglaia barberi,14
S3,L1,G2,5,65%,,,Aglaia barberi,7
S3,L1,G2,13,68%,,,Aglaia barberi,32
S3,L1,G2,13,68%,,,Aglaia barberi,15
S3,L1,G2,15,70%,,,Aglaia barberi,29
S2,L1,G2,9,80%,,,Aglaia barberi,5
S2,L1,G2,12,60%,,,Aglaia barberi,6
S5,L2,G2,2,75%,,,Aglaia barberi,2
S5,L2,G2,2,75%,,,Aglaia barberi,2
S5,L2,G2,4,80%,,,Aglaia barberi,1.5
S5,L2,G2,7,80%,,,Aglaia barberi,1.5
S5,L2,G2,7,80%,,,Aglaia barberi,1.6
S5,L2,G2,16,75%,,,Aglaia barberi,1.2
S5,L2,G2,16,75%,,,Aglaia barberi,0.5
S8,L1,G2,13,85%,,,Aglaia barberi,1.2
S13,L1,G2,9,40%,,,Aglaia eleagnoidea,3
S13,L1,G2,9,40%,,,Aglaia eleagnoidea,2
S13,L1,G2,9,40%,,,Aglaia eleagnoidea,1.6
S13,L1,G2,9,40%,,,Aglaia eleagnoidea,1.6
S13,L1,G2,14,40%,,,Aglaia eleagnoidea,0.4
S13,L1,G2,16,50%,,,Aglaia eleagnoidea,1.5
S19,L1,G2,4,70%,,,Aglaia eleagnoidea,3
S19,L1,G2,4,70%,,,Aglaia eleagnoidea,0.5
S19,L1,G2,5,65%,,,Aglaia eleagnoidea,1.3
S19,L1,G2,5,65%,,,Aglaia eleagnoidea,0.6
S19,L1,G2,5,65%,,,Aglaia eleagnoidea,1.1
S19,L1,G2,5,65%,,,Aglaia eleagnoidea,0.9
S19,L1,G2,15,75%,,,Aglaia eleagnoidea,1.3
S19,L1,G2,15,75%,,,Aglaia eleagnoidea,1.1
S19,L1,G2,16,70%,,,Aglaia eleagnoidea,2
S18,L1,G2,13,57%,,,Aglaia eleagnoidea,0.8
S18,L1,G2,13,57%,,,Aglaia eleagnoidea,0.8
S18,L1,G2,15,60%,,,Aglaia eleagnoidea,0.5
S18,L1,G2,15,60%,,,Aglaia eleagnoidea,1
S18,L1,G2,16,65%,,,Aglaia eleagnoidea,1.2
S18,L1,G2,16,65%,,,Aglaia eleagnoidea,1.2
S12,L2,G3,3,70%,,,Aglaia eleagnoidea,4
S12,L2,G3,3,70%,,,Aglaia eleagnoidea,2.5
S12,L2,G3,3,70%,,,Aglaia eleagnoidea,10
S12,L2,G3,4,75%,,,Aglaia eleagnoidea,0.7
S12,L2,G3,4,75%,,,Aglaia eleagnoidea,3
S12,L2,G3,4,75%,,,Aglaia eleagnoidea,3
S12,L2,G3,5,77%,,,Aglaia eleagnoidea,0.7
S12,L2,G3,5,77%,,,Aglaia eleagnoidea,1.1
S12,L2,G3,6,70%,,,Aglaia eleagnoidea,1.2
S12,L2,G3,6,70%,,,Aglaia eleagnoidea,1.2
S12,L2,G3,6,70%,,,Aglaia eleagnoidea,2
S12,L2,G3,6,70%,,,Aglaia eleagnoidea,2
S12,L2,G3,6,70%,,,Aglaia eleagnoidea,3
S12,L2,G3,6,70%,,,Aglaia eleagnoidea,1.2
S12,L2,G3,7,70%,,,Aglaia eleagnoidea,0.5
S12,L2,G3,7,70%,,,Aglaia eleagnoidea,2
S12,L2,G3,11,85%,,,Aglaia eleagnoidea,1.2
S12,L2,G3,11,85%,,,Aglaia eleagnoidea,1.2
S12,L2,G3,11,85%,,,Aglaia eleagnoidea,1.2
S12,L2,G3,11,85%,,,Aglaia eleagnoidea,2
S12,L2,G3,11,85%,,,Aglaia eleagnoidea,1.2
S12,L2,G3,11,85%,,,Aglaia eleagnoidea,1.2
S12,L2,G3,13,70%,,,Aglaia eleagnoidea,9
S12,L2,G3,13,70%,,,Aglaia eleagnoidea,1.5
S12,L2,G3,13,70%,,,Aglaia eleagnoidea,7
S12,L2,G3,13,70%,,,Aglaia eleagnoidea,3
S12,L2,G3,14,75%,,,Aglaia eleagnoidea,0.5
S12,L2,G3,14,75%,,,Aglaia eleagnoidea,5
S12,L2,G3,16,78%,,,Aglaia eleagnoidea,2
S12,L2,G3,16,78%,,,Aglaia eleagnoidea,9
S2,L1,G2,7,69%,,,Aglaia eleagnoidea,0.6
S5,L2,G2,1,60%,,,Aglaia eleagnoidea,20
S5,L2,G2,1,60%,,,Aglaia eleagnoidea,2.5
S5,L2,G2,3,68%,,,Aglaia eleagnoidea,0.9
S5,L2,G2,9,80%,,,Aglaia eleagnoidea,7
S5,L2,G2,10,69%,,,Aglaia eleagnoidea,5
S5,L2,G2,10,69%,,,Aglaia eleagnoidea,7
S5,L2,G2,10,69%,,,Aglaia eleagnoidea,7
S5,L2,G2,10,69%,,,Aglaia eleagnoidea,13
S13,L1,G2,1,60%,,,Agrostistachis indica,5
S13,L1,G2,1,60%,,,Agrostistachis indica,6
S13,L1,G2,1,60%,,,Agrostistachis indica,5
S13,L1,G2,1,60%,,,Agrostistachis indica,4
S13,L1,G2,1,60%,,,Agrostistachis indica,4
S13,L1,G2,1,60%,,,Agrostistachis indica,3.5
S13,L1,G2,1,60%,,,Agrostistachis indica,3
S13,L1,G2,1,60%,,,Agrostistachis indica,3
S13,L1,G2,1,60%,,,Agrostistachis indica,5
S13,L1,G2,1,60%,,,Agrostistachis indica,5
S13,L1,G2,1,60%,,,Agrostistachis indica,5
S13,L1,G2,1,60%,,,Agrostistachis indica,3
S13,L1,G2,1,60%,,,Agrostistachis indica,5
S13,L1,G2,1,60%,,,Agrostistachis indica,3
S13,L1,G2,1,60%,,,Agrostistachis indica,6
S13,L1,G2,1,60%,,,Agrostistachis indica,3
S13,L1,G2,1,60%,,,Agrostistachis indica,0.5
S13,L1,G2,1,60%,,,Agrostistachis indica,3
S13,L1,G2,1,60%,,,Agrostistachis indica,1.5
S13,L1,G2,1,60%,,,Agrostistachis indica,0.5
S13,L1,G2,1,60%,,,Agrostistachis indica,5
S13,L1,G2,2,45%,,1 plot,Agrostistachis indica,2
S13,L1,G2,2,45%,,1 plot,Agrostistachis indica,3
S13,L1,G2,2,45%,,1 plot,Agrostistachis indica,3
S13,L1,G2,2,45%,,1 plot,Agrostistachis indica,1.5
S13,L1,G2,2,45%,,1 plot,Agrostistachis indica,2
S13,L1,G2,2,45%,,1 plot,Agrostistachis indica,1.5
S13,L1,G2,2,45%,,1 plot,Agrostistachis indica,3
S13,L1,G2,2,45%,,1 plot,Agrostistachis indica,5
S13,L1,G2,2,45%,,1 plot,Agrostistachis indica,3
S13,L1,G2,2,45%,,1 plot,Agrostistachis indica,3
S13,L1,G2,2,45%,,1 plot,Agrostistachis indica,3
S13,L1,G2,2,45%,,1 plot,Agrostistachis indica,4
S13,L1,G2,2,45%,,1 plot,Agrostistachis indica,3
S13,L1,G2,2,45%,,1 plot,Agrostistachis indica,3
S13,L1,G2,2,45%,,1 plot,Agrostistachis indica,2
S13,L1,G2,2,45%,,1 plot,Agrostistachis indica,6
S13,L1,G2,2,45%,,1 plot,Agrostistachis indica,1.5
S13,L1,G2,3,30%,1 Net,0.5 plot,Agrostistachis indica,7
S13,L1,G2,3,30%,1 Net,0.5 plot,Agrostistachis indica,1
S13,L1,G2,3,30%,1 Net,0.5 plot,Agrostistachis indica,4
S13,L1,G2,3,30%,1 Net,0.5 plot,Agrostistachis indica,1.5
S13,L1,G2,3,30%,1 Net,0.5 plot,Agrostistachis indica,0.6
S13,L1,G2,3,30%,1 Net,0.5 plot,Agrostistachis indica,1.5
S13,L1,G2,3,30%,1 Net,0.5 plot,Agrostistachis indica,1.5
S13,L1,G2,3,30%,1 Net,0.5 plot,Agrostistachis indica,4
S13,L1,G2,4,55%,,0.5 plot,Agrostistachis indica,4
S13,L1,G2,4,55%,,0.5 plot,Agrostistachis indica,5
S13,L1,G2,4,55%,,0.5 plot,Agrostistachis indica,6
S13,L1,G2,5,70%,1 Net,1 plot,Agrostistachis indica,2.5
S13,L1,G2,6,70%,1 Net,,Agrostistachis indica,4
S13,L1,G2,6,70%,1 Net,,Agrostistachis indica,3
S13,L1,G2,6,70%,1 Net,,Agrostistachis indica,3
S13,L1,G2,6,70%,1 Net,,Agrostistachis indica,3.5
S13,L1,G2,6,70%,1 Net,,Agrostistachis indica,9
S13,L1,G2,6,70%,1 Net,,Agrostistachis indica,3.5
S13,L1,G2,7,40%,,,Agrostistachis indica,4
S13,L1,G2,7,40%,,,Agrostistachis indica,4
S13,L1,G2,7,40%,,,Agrostistachis indica,3
S13,L1,G2,7,40%,,,Agrostistachis indica,2
S13,L1,G2,7,40%,,,Agrostistachis indica,3
S13,L1,G2,7,40%,,,Agrostistachis indica,3
S13,L1,G2,7,40%,,,Agrostistachis indica,1
S13,L1,G2,7,40%,,,Agrostistachis indica,4
S13,L1,G2,7,40%,,,Agrostistachis indica,5
S13,L1,G2,7,40%,,,Agrostistachis indica,9
S13,L1,G2,7,40%,,,Agrostistachis indica,2
S13,L1,G2,7,40%,,,Agrostistachis indica,6
S13,L1,G2,7,40%,,,Agrostistachis indica,1
S13,L1,G2,7,40%,,,Agrostistachis indica,1.5
S13,L1,G2,7,40%,,,Agrostistachis indica,1
S13,L1,G2,7,40%,,,Agrostistachis indica,0.5
S13,L1,G2,8,55%,,,Agrostistachis indica,6
S13,L1,G2,8,55%,,,Agrostistachis indica,3
S13,L1,G2,8,55%,,,Agrostistachis indica,3
S13,L1,G2,8,55%,,,Agrostistachis indica,2
S13,L1,G2,8,55%,,,Agrostistachis indica,6
S13,L1,G2,8,55%,,,Agrostistachis indica,3
S13,L1,G2,8,55%,,,Agrostistachis indica,2
S13,L1,G2,8,55%,,,Agrostistachis indica,0.7
S13,L1,G2,8,55%,,,Agrostistachis indica,0.5
S13,L1,G2,8,55%,,,Agrostistachis indica,1.5
S13,L1,G2,8,55%,,,Agrostistachis indica,0.5
S13,L1,G2,8,55%,,,Agrostistachis indica,4
S13,L1,G2,8,55%,,,Agrostistachis indica,3
S13,L1,G2,8,55%,,,Agrostistachis indica,4
S13,L1,G2,8,55%,,,Agrostistachis indica,4
S13,L1,G2,8,55%,,,Agrostistachis indica,3
S13,L1,G2,8,55%,,,Agrostistachis indica,3
S13,L1,G2,8,55%,,,Agrostistachis indica,2
S13,L1,G2,8,55%,,,Agrostistachis indica,4
S13,L1,G2,8,55%,,,Agrostistachis indica,2
S13,L1,G2,8,55%,,,Agrostistachis indica,2
S13,L1,G2,8,55%,,,Agrostistachis indica,1
S13,L1,G2,9,40%,,,Agrostistachis indica,4
S13,L1,G2,9,40%,,,Agrostistachis indica,5
S13,L1,G2,9,40%,,,Agrostistachis indica,7
S13,L1,G2,9,40%,,,Agrostistachis indica,8
S13,L1,G2,9,40%,,,Agrostistachis indica,3
S13,L1,G2,9,40%,,,Agrostistachis indica,2
S13,L1,G2,9,40%,,,Agrostistachis indica,2
S13,L1,G2,9,40%,,,Agrostistachis indica,2
S13,L1,G2,9,40%,,,Agrostistachis indica,2
S13,L1,G2,9,40%,,,Agrostistachis indica,2
S13,L1,G2,9,40%,,,Agrostistachis indica,2
S13,L1,G2,9,40%,,,Agrostistachis indica,5
S13,L1,G2,10,30%,,,Agrostistachis indica,5
S13,L1,G2,10,30%,,,Agrostistachis indica,7
S13,L1,G2,10,30%,,,Agrostistachis indica,2
S13,L1,G2,10,30%,,,Agrostistachis indica,2
S13,L1,G2,10,30%,,,Agrostistachis indica,1.5
S13,L1,G2,10,30%,,,Agrostistachis indica,1.5
S13,L1,G2,10,30%,,,Agrostistachis indica,2.5
S13,L1,G2,10,30%,,,Agrostistachis indica,3
S13,L1,G2,10,30%,,,Agrostistachis indica,1.5
S13,L1,G2,10,30%,,,Agrostistachis indica,1.5
S13,L1,G2,10,30%,,,Agrostistachis indica,3
S13,L1,G2,11,50%,,,Agrostistachis indica,4
S13,L1,G2,11,50%,,,Agrostistachis indica,3
S13,L1,G2,12,60%,,,Agrostistachis indica,1.3
S13,L1,G2,12,60%,,,Agrostistachis indica,4
S13,L1,G2,12,60%,,,Agrostistachis indica,5
S13,L1,G2,12,60%,,,Agrostistachis indica,3
S13,L1,G2,12,60%,,,Agrostistachis indica,2
S13,L1,G2,12,60%,,,Agrostistachis indica,2
S13,L1,G2,13,50%,,,Agrostistachis indica,2
S13,L1,G2,14,40%,,,Agrostistachis indica,4
S13,L1,G2,14,40%,,,Agrostistachis indica,4.5
S13,L1,G2,14,40%,,,Agrostistachis indica,8
S13,L1,G2,14,40%,,,Agrostistachis indica,2
S13,L1,G2,14,40%,,,Agrostistachis indica,2
S13,L1,G2,14,40%,,,Agrostistachis indica,2
S13,L1,G2,14,40%,,,Agrostistachis indica,5
S13,L1,G2,14,40%,,,Agrostistachis indica,4
S13,L1,G2,14,40%,,,Agrostistachis indica,4
S13,L1,G2,14,40%,,,Agrostistachis indica,2
S13,L1,G2,14,40%,,,Agrostistachis indica,2
S13,L1,G2,14,40%,,,Agrostistachis indica,3
S13,L1,G2,14,40%,,,Agrostistachis indica,4
S13,L1,G2,14,40%,,,Agrostistachis indica,5
S13,L1,G2,14,40%,,,Agrostistachis indica,2
S13,L1,G2,14,40%,,,Agrostistachis indica,2
S13,L1,G2,15,50%,,,Agrostistachis indica,2
S13,L1,G2,15,50%,,,Agrostistachis indica,3
S13,L1,G2,15,50%,,,Agrostistachis indica,5
S13,L1,G2,16,50%,,,Agrostistachis indica,4
S13,L1,G2,16,50%,,,Agrostistachis indica,4
S19,L1,G2,1,70%,,,Agrostistachis indica,3
S19,L1,G2,4,70%,,,Agrostistachis indica,4
S19,L1,G2,12,60%,,,Agrostistachis indica,2.4
S19,L1,G2,12,60%,,,Allophylus cobbe,0.3
S18,L1,G2,1,55%,,,Allophylus cobbe,0.3
S18,L1,G2,1,55%,,,Allophylus cobbe,0.4
S18,L1,G2,1,55%,,,Allophylus cobbe,0.5
S18,L1,G2,6,55%,1 Net,4 Plots,Allophylus cobbe,0.4
S2,L1,G2,8,80%,,,Allophylus cobbe,6
S2,L1,G2,13,65%,,,Allophylus cobbe,6
S2,L1,G2,14,70%,,,Allophylus cobbe,6
S2,L1,G2,14,70%,,,Allophylus cobbe,6
S2,L1,G2,15,75%,,,Allophylus cobbe,5
S2,L1,G2,16,80%,,,Allophylus cobbe,2
S12,L2,G3,4,75%,,,Antidesma montana,32
S12,L2,G3,10,70%,,,Antidesma montana,1.5
S12,L2,G3,10,70%,,,Antidesma montana,1.1
S2,L1,G2,9,80%,,,Antidesma montana,13
S2,L1,G2,9,80%,,,Antidesma montana,19
S2,L1,G2,16,80%,,,Antidesma montana,2
S3,L1,G2,1,60%,,,Aphanamixis polystachya,6
S3,L1,G2,3,60%,,,Aphanamixis polystachya,1.3
S3,L1,G2,3,60%,,,Aphanamixis polystachya,1.2
S3,L1,G2,10,70%,,,Aphanamixis polystachya,2
S5,L2,G2,6,76%,,,Aphanamixis polystachya,4
S5,L2,G2,16,75%,,,Aphanamixis polystachya,7
S13,L1,G2,11,50%,,,Apodytes dimidiata,1.2
S18,L1,G2,7,60%,,,Ardisia solanacea,1.2
S18,L1,G2,10,65%,,,Ardisia solanacea,1.1
S18,L1,G2,14,60%,,,Ardisia solanacea,0.5
S19,L1,G2,16,70%,,,Artocarpus gomezianus,1.2
S18,L1,G2,9,60%,,,Artocarpus gomezianus,2.6
S18,L1,G2,9,60%,,,Artocarpus gomezianus,1.3
S18,L1,G2,12,55%,,,Artocarpus gomezianus,0.7
S18,L1,G2,13,57%,,,Artocarpus gomezianus,1
S12,L2,G3,7,70%,,,Artocarpus heterophyllus,0.5
S5,L2,G2,9,80%,,,Artocarpus heterophyllus,263
S5,L2,G2,9,80%,,,Artocarpus heterophyllus,68
S13,L1,G2,8,55%,,,Atalantia sp.,3
S13,L1,G2,9,40%,,,Atalantia sp.,1
S13,L1,G2,12,60%,,,Atalantia sp.,1
S13,L1,G2,12,60%,,,Atalantia sp.,1.1
S13,L1,G2,12,60%,,,Atalantia sp.,1.1
S19,L1,G2,1,70%,,,Atalantia sp.,3
S19,L1,G2,1,70%,,,Atalantia sp.,2
S19,L1,G2,1,70%,,,Atalantia sp.,3
S19,L1,G2,1,70%,,,Atalantia sp.,1
S19,L1,G2,1,70%,,,Atalantia sp.,0.5
S19,L1,G2,1,70%,,,Atalantia sp.,2
S19,L1,G2,2,75%,1 Net,2 Plots,Atalantia sp.,1.2
S19,L1,G2,2,75%,1 Net,2 Plots,Atalantia sp.,2
S19,L1,G2,4,70%,,,Atalantia sp.,2
S19,L1,G2,10,65%,,1 Plot,Atalantia sp.,1.5
S19,L1,G2,14,69%,1 Net,,Atalantia sp.,2
S18,L1,G2,12,55%,,,Atalantia sp.,0.5
S18,L1,G2,12,55%,,,Atalantia sp.,3.3
S18,L1,G2,12,55%,,,Atalantia sp.,1.1
S18,L1,G2,12,55%,,,Atalantia sp.,0.7
S18,L1,G2,13,57%,,,Atalantia sp.,1.5
S18,L1,G2,13,57%,,,Atalantia sp.,1.2
S12,L2,G3,10,70%,,,Atalantia sp.,16
S2,L1,G2,10,75%,,,Atalantia sp.,2
S5,L2,G2,3,68%,,,Atalantia sp.,1.6
S5,L2,G2,12,78%,,,Atalantia sp.,6
S5,L2,G2,13,75%,,,Atalantia sp.,17
S5,L2,G2,7,80%,,,Beilschmiedia sp.,6.5
S5,L2,G2,7,80%,,,Beilschmiedia sp.,5
S5,L2,G2,7,80%,,,Beilschmiedia sp.,4.5
S5,L2,G2,7,80%,,,Beilschmiedia sp.,5.3
S5,L2,G2,7,80%,,,Beilschmiedia sp.,7
S5,L2,G2,14,70%,,,Beilschmiedia sp.,4
S5,L2,G2,14,70%,,,Beilschmiedia sp.,4
S13,L1,G2,3,30%,1 Net,0.5 plot,Blachia umbellata,9
S13,L1,G2,3,30%,1 Net,0.5 plot,Blachia umbellata,6
S13,L1,G2,11,50%,,,Blachia umbellata,4
S13,L1,G2,13,50%,,,Blachia umbellata,0.5
S19,L1,G2,10,65%,,1 Plot,Blachia umbellata,0.6
S19,L1,G2,13,70%,,,Blachia umbellata,1.2
S18,L1,G2,5,55%,,0.5 Plot,Blachia umbellata,3.5
S18,L1,G2,5,55%,,0.5 Plot,Blachia umbellata,2.5
S18,L1,G2,5,55%,,0.5 Plot,Blachia umbellata,6
S18,L1,G2,5,55%,,0.5 Plot,Blachia umbellata,5
S18,L1,G2,5,55%,,0.5 Plot,Blachia umbellata,4.5
S18,L1,G2,5,55%,,0.5 Plot,Blachia umbellata,5
S18,L1,G2,6,55%,1 Net,4 Plots,Blachia umbellata,7
S18,L1,G2,7,60%,,,Blachia umbellata,40
S18,L1,G2,7,60%,,,Blachia umbellata,1.3
S18,L1,G2,7,60%,,,Blachia umbellata,2
S18,L1,G2,7,60%,,,Blachia umbellata,9
S18,L1,G2,8,55%,,,Blachia umbellata,1.5
S18,L1,G2,11,55%,1 Net,,Blachia umbellata,1.1
S18,L1,G2,12,55%,,,Blachia umbellata,5.3
S18,L1,G2,12,55%,,,Blachia umbellata,2.9
S18,L1,G2,12,55%,,,Blachia umbellata,3.2
S18,L1,G2,12,55%,,,Blachia umbellata,1.1
S18,L1,G2,12,55%,,,Blachia umbellata,1.5
S18,L1,G2,12,55%,,,Blachia umbellata,6
S18,L1,G2,12,55%,,,Blachia umbellata,5
S18,L1,G2,12,55%,,,Blachia umbellata,1.3
S18,L1,G2,12,55%,,,Blachia umbellata,5.1
S18,L1,G2,13,57%,,,Blachia umbellata,0.4
S3,L1,G2,2,78%,,,Blachia umbellata,0.4
S3,L1,G2,5,65%,,,Blachia umbellata,0.5
S3,L1,G2,5,65%,,,Blachia umbellata,1.2
S3,L1,G2,5,65%,,,Blachia umbellata,1.2
S3,L1,G2,5,65%,,,Blachia umbellata,1.5
S3,L1,G2,5,65%,,,Blachia umbellata,3
S3,L1,G2,5,65%,,,Blachia umbellata,2.5
S3,L1,G2,5,65%,,,Blachia umbellata,1.2
S3,L1,G2,6,76%,,,Blachia umbellata,3
S3,L1,G2,7,70%,,,Blachia umbellata,1.2
S3,L1,G2,8,60%,,,Blachia umbellata,1.3
S3,L1,G2,9,75%,,,Blachia umbellata,4
S3,L1,G2,9,75%,,,Blachia umbellata,3
S3,L1,G2,9,75%,,,Blachia umbellata,2
S3,L1,G2,9,75%,,,Blachia umbellata,1.2
S3,L1,G2,10,70%,,,Blachia umbellata,1.5
S3,L1,G2,10,70%,,,Blachia umbellata,1.5
S3,L1,G2,14,80%,,,Blachia umbellata,3.2
S3,L1,G2,14,80%,,,Blachia umbellata,7
S3,L1,G2,15,70%,,,Blachia umbellata,2
S3,L1,G2,16,80%,,,Blachia umbellata,1.2
S3,L1,G2,16,80%,,,Blachia umbellata,0.7
S3,L1,G2,16,80%,,,Blachia umbellata,6
S3,L1,G2,16,80%,,,Blachia umbellata,7
S3,L1,G2,16,80%,,,Blachia umbellata,5
S3,L1,G2,16,80%,,,Blachia umbellata,2
S3,L1,G2,16,80%,,,Blachia umbellata,7
S5,L2,G2,1,60%,,,Blachia umbellata,4
S5,L2,G2,1,60%,,,Blachia umbellata,2
S5,L2,G2,1,60%,,,Blachia umbellata,6
S5,L2,G2,1,60%,,,Blachia umbellata,12
S5,L2,G2,1,60%,,,Blachia umbellata,16
S5,L2,G2,1,60%,,,Blachia umbellata,15
S5,L2,G2,1,60%,,,Blachia umbellata,2
S5,L2,G2,1,60%,,,Blachia umbellata,2
S5,L2,G2,1,60%,,,Blachia umbellata,1
S5,L2,G2,1,60%,,,Blachia umbellata,1.6
S5,L2,G2,1,60%,,,Blachia umbellata,2
S5,L2,G2,1,60%,,,Blachia umbellata,5.5
S5,L2,G2,1,60%,,,Blachia umbellata,2
S5,L2,G2,1,60%,,,Blachia umbellata,2
S5,L2,G2,1,60%,,,Blachia umbellata,3.5
S5,L2,G2,1,60%,,,Blachia umbellata,1.2
S5,L2,G2,1,60%,,,Blachia umbellata,2
S5,L2,G2,1,60%,,,Blachia umbellata,6.5
S5,L2,G2,1,60%,,,Blachia umbellata,8
S5,L2,G2,1,60%,,,Blachia umbellata,5.5
S5,L2,G2,1,60%,,,Blachia umbellata,6
S5,L2,G2,1,60%,,,Blachia umbellata,3
S5,L2,G2,1,60%,,,Blachia umbellata,3.5
S5,L2,G2,1,60%,,,Blachia umbellata,2
S5,L2,G2,1,60%,,,Blachia umbellata,2.5
S5,L2,G2,1,60%,,,Blachia umbellata,0.4
S5,L2,G2,1,60%,,,Blachia umbellata,1.3
S5,L2,G2,2,75%,,,Blachia umbellata,4
S5,L2,G2,2,75%,,,Blachia umbellata,5
S5,L2,G2,2,75%,,,Blachia umbellata,3.5
S5,L2,G2,2,75%,,,Blachia umbellata,5
S5,L2,G2,2,75%,,,Blachia umbellata,2.5
S5,L2,G2,2,75%,,,Blachia umbellata,8.5
S5,L2,G2,2,75%,,,Blachia umbellata,10.6
S5,L2,G2,2,75%,,,Blachia umbellata,8
S5,L2,G2,2,75%,,,Blachia umbellata,11.2
S5,L2,G2,2,75%,,,Blachia umbellata,7.6
S5,L2,G2,2,75%,,,Blachia umbellata,7.8
S5,L2,G2,2,75%,,,Blachia umbellata,5
S5,L2,G2,2,75%,,,Blachia umbellata,16
S5,L2,G2,2,75%,,,Blachia umbellata,6
S5,L2,G2,2,75%,,,Blachia umbellata,7
S5,L2,G2,2,75%,,,Blachia umbellata,3
S5,L2,G2,3,68%,,,Blachia umbellata,6.5
S5,L2,G2,3,68%,,,Blachia umbellata,5.5
S5,L2,G2,3,68%,,,Blachia umbellata,9
S5,L2,G2,3,68%,,,Blachia umbellata,4
S5,L2,G2,3,68%,,,Blachia umbellata,2
S5,L2,G2,3,68%,,,Blachia umbellata,8
S5,L2,G2,3,68%,,,Blachia umbellata,5
S5,L2,G2,3,68%,,,Blachia umbellata,13.2
S5,L2,G2,3,68%,,,Blachia umbellata,17
S5,L2,G2,3,68%,,,Blachia umbellata,10
S5,L2,G2,3,68%,,,Blachia umbellata,12
S5,L2,G2,3,68%,,,Blachia umbellata,10
S5,L2,G2,3,68%,,,Blachia umbellata,6
S5,L2,G2,3,68%,,,Blachia umbellata,5
S5,L2,G2,3,68%,,,Blachia umbellata,10
S5,L2,G2,3,68%,,,Blachia umbellata,6
S5,L2,G2,3,68%,,,Blachia umbellata,8
S5,L2,G2,3,68%,,,Blachia umbellata,10
S5,L2,G2,3,68%,,,Blachia umbellata,7
S5,L2,G2,3,68%,,,Blachia umbellata,5
S5,L2,G2,3,68%,,,Blachia umbellata,12
S5,L2,G2,3,68%,,,Blachia umbellata,4
S5,L2,G2,3,68%,,,Blachia umbellata,5
S5,L2,G2,3,68%,,,Blachia umbellata,10
S5,L2,G2,4,80%,,,Blachia umbellata,3
S5,L2,G2,4,80%,,,Blachia umbellata,3.5
S5,L2,G2,4,80%,,,Blachia umbellata,5
S5,L2,G2,4,80%,,,Blachia umbellata,8
S5,L2,G2,4,80%,,,Blachia umbellata,4
S5,L2,G2,4,80%,,,Blachia umbellata,8
S5,L2,G2,4,80%,,,Blachia umbellata,3
S5,L2,G2,4,80%,,,Blachia umbellata,10
S5,L2,G2,4,80%,,,Blachia umbellata,12.5
S5,L2,G2,4,80%,,,Blachia umbellata,9
S5,L2,G2,4,80%,,,Blachia umbellata,4
S5,L2,G2,4,80%,,,Blachia umbellata,5.6
S5,L2,G2,4,80%,,,Blachia umbellata,7.5
S5,L2,G2,4,80%,,,Blachia umbellata,8
S5,L2,G2,4,80%,,,Blachia umbellata,10
S5,L2,G2,4,80%,,,Blachia umbellata,5
S5,L2,G2,4,80%,,,Blachia umbellata,8.5
S5,L2,G2,4,80%,,,Blachia umbellata,9
S5,L2,G2,4,80%,,,Blachia umbellata,9
S5,L2,G2,4,80%,,,Blachia umbellata,6.5
S5,L2,G2,4,80%,,,Blachia umbellata,5
S5,L2,G2,4,80%,,,Blachia umbellata,13
S5,L2,G2,4,80%,,,Blachia umbellata,8
S5,L2,G2,4,80%,,,Blachia umbellata,9
S5,L2,G2,4,80%,,,Blachia umbellata,6
S5,L2,G2,4,80%,,,Blachia umbellata,7
S5,L2,G2,4,80%,,,Blachia umbellata,9
S5,L2,G2,4,80%,,,Blachia umbellata,11
S5,L2,G2,4,80%,,,Blachia umbellata,5
S5,L2,G2,4,80%,,,Blachia umbellata,9
S5,L2,G2,4,80%,,,Blachia umbellata,13
S5,L2,G2,4,80%,,,Blachia umbellata,12
S5,L2,G2,4,80%,,,Blachia umbellata,8
S5,L2,G2,4,80%,,,Blachia umbellata,10
S5,L2,G2,6,76%,,,Blachia umbellata,4
S5,L2,G2,6,76%,,,Blachia umbellata,0.5
S5,L2,G2,6,76%,,,Blachia umbellata,5
S5,L2,G2,6,76%,,,Blachia umbellata,7
S5,L2,G2,6,76%,,,Blachia umbellata,8
S5,L2,G2,6,76%,,,Blachia umbellata,5
S5,L2,G2,6,76%,,,Blachia umbellata,5.5
S5,L2,G2,6,76%,,,Blachia umbellata,0.5
S5,L2,G2,6,76%,,,Blachia umbellata,6.5
S5,L2,G2,6,76%,,,Blachia umbellata,5
S5,L2,G2,6,76%,,,Blachia umbellata,3
S5,L2,G2,6,76%,,,Blachia umbellata,7
S5,L2,G2,7,80%,,,Blachia umbellata,10
S5,L2,G2,7,80%,,,Blachia umbellata,11.3
S5,L2,G2,7,80%,,,Blachia umbellata,8
S5,L2,G2,7,80%,,,Blachia umbellata,4.5
S5,L2,G2,7,80%,,,Blachia umbellata,3
S5,L2,G2,7,80%,,,Blachia umbellata,5
S5,L2,G2,7,80%,,,Blachia umbellata,7
S5,L2,G2,7,80%,,,Blachia umbellata,4
S5,L2,G2,8,75%,,,Blachia umbellata,3.5
S5,L2,G2,8,75%,,,Blachia umbellata,2
S5,L2,G2,8,75%,,,Blachia umbellata,16
S5,L2,G2,8,75%,,,Blachia umbellata,4.5
S5,L2,G2,8,75%,,,Blachia umbellata,3
S5,L2,G2,8,75%,,,Blachia umbellata,7
S5,L2,G2,8,75%,,,Blachia umbellata,5
S5,L2,G2,9,80%,,,Blachia umbellata,7.5
S5,L2,G2,9,80%,,,Blachia umbellata,4
S5,L2,G2,9,80%,,,Blachia umbellata,4.3
S5,L2,G2,9,80%,,,Blachia umbellata,5.2
S5,L2,G2,9,80%,,,Blachia umbellata,9
S5,L2,G2,9,80%,,,Blachia umbellata,7
S5,L2,G2,9,80%,,,Blachia umbellata,4.5
S5,L2,G2,9,80%,,,Blachia umbellata,7.5
S5,L2,G2,9,80%,,,Blachia umbellata,12.3
S5,L2,G2,9,80%,,,Blachia umbellata,3
S5,L2,G2,9,80%,,,Blachia umbellata,7
S5,L2,G2,9,80%,,,Blachia umbellata,8
S5,L2,G2,9,80%,,,Blachia umbellata,7.2
S5,L2,G2,9,80%,,,Blachia umbellata,5
S5,L2,G2,10,69%,,,Blachia umbellata,4.5
S5,L2,G2,10,69%,,,Blachia umbellata,9.3
S5,L2,G2,10,69%,,,Blachia umbellata,7
S5,L2,G2,10,69%,,,Blachia umbellata,3.2
S5,L2,G2,10,69%,,,Blachia umbellata,4.3
S5,L2,G2,10,69%,,,Blachia umbellata,15
S5,L2,G2,10,69%,,,Blachia umbellata,5
S5,L2,G2,10,69%,,,Blachia umbellata,7.2
S5,L2,G2,10,69%,,,Blachia umbellata,5.3
S5,L2,G2,10,69%,,,Blachia umbellata,4.3
S5,L2,G2,10,69%,,,Blachia umbellata,5
S5,L2,G2,10,69%,,,Blachia umbellata,3
S5,L2,G2,10,69%,,,Blachia umbellata,1.5
S5,L2,G2,10,69%,,,Blachia umbellata,7
S5,L2,G2,10,69%,,,Blachia umbellata,5.5
S5,L2,G2,10,69%,,,Blachia umbellata,2.5
S5,L2,G2,10,69%,,,Blachia umbellata,2.5
S5,L2,G2,10,69%,,,Blachia umbellata,2.5
S5,L2,G2,10,69%,,,Blachia umbellata,8
S5,L2,G2,10,69%,,,Blachia umbellata,11
S5,L2,G2,10,69%,,,Blachia umbellata,3
S5,L2,G2,10,69%,,,Blachia umbellata,5
S5,L2,G2,10,69%,,,Blachia umbellata,5
S5,L2,G2,11,76%,,,Blachia umbellata,0.5
S5,L2,G2,11,76%,,,Blachia umbellata,1
S5,L2,G2,11,76%,,,Blachia umbellata,14
S5,L2,G2,11,76%,,,Blachia umbellata,7
S5,L2,G2,11,76%,,,Blachia umbellata,8
S5,L2,G2,11,76%,,,Blachia umbellata,6
S5,L2,G2,11,76%,,,Blachia umbellata,3.5
S5,L2,G2,11,76%,,,Blachia umbellata,8
S5,L2,G2,11,76%,,,Blachia umbellata,9
S5,L2,G2,11,76%,,,Blachia umbellata,11
S5,L2,G2,11,76%,,,Blachia umbellata,3
S5,L2,G2,11,76%,,,Blachia umbellata,6
S5,L2,G2,11,76%,,,Blachia umbellata,6
S5,L2,G2,11,76%,,,Blachia umbellata,9
S5,L2,G2,12,78%,,,Blachia umbellata,8
S5,L2,G2,12,78%,,,Blachia umbellata,1.5
S5,L2,G2,12,78%,,,Blachia umbellata,2
S5,L2,G2,12,78%,,,Blachia umbellata,8
S5,L2,G2,12,78%,,,Blachia umbellata,7
S5,L2,G2,12,78%,,,Blachia umbellata,5
S5,L2,G2,12,78%,,,Blachia umbellata,5
S5,L2,G2,12,78%,,,Blachia umbellata,5
S5,L2,G2,12,78%,,,Blachia umbellata,7
S5,L2,G2,12,78%,,,Blachia umbellata,7
S5,L2,G2,12,78%,,,Blachia umbellata,5
S5,L2,G2,12,78%,,,Blachia umbellata,7
S5,L2,G2,12,78%,,,Blachia umbellata,9
S5,L2,G2,12,78%,,,Blachia umbellata,3.5
S5,L2,G2,12,78%,,,Blachia umbellata,4
S5,L2,G2,12,78%,,,Blachia umbellata,2.5
S5,L2,G2,12,78%,,,Blachia umbellata,2.5
S5,L2,G2,12,78%,,,Blachia umbellata,4.5
S5,L2,G2,12,78%,,,Blachia umbellata,5
S5,L2,G2,12,78%,,,Blachia umbellata,6.1
S5,L2,G2,12,78%,,,Blachia umbellata,6.9
S5,L2,G2,13,75%,,,Blachia umbellata,13
S5,L2,G2,13,75%,,,Blachia umbellata,11
S5,L2,G2,13,75%,,,Blachia umbellata,10
S5,L2,G2,13,75%,,,Blachia umbellata,7
S5,L2,G2,13,75%,,,Blachia umbellata,13
S5,L2,G2,13,75%,,,Blachia umbellata,14
S5,L2,G2,13,75%,,,Blachia umbellata,14
S5,L2,G2,13,75%,,,Blachia umbellata,9
S5,L2,G2,13,75%,,,Blachia umbellata,13
S5,L2,G2,13,75%,,,Blachia umbellata,11
S5,L2,G2,13,75%,,,Blachia umbellata,11
S5,L2,G2,13,75%,,,Blachia umbellata,14
S5,L2,G2,13,75%,,,Blachia umbellata,9.2
S5,L2,G2,13,75%,,,Blachia umbellata,1.5
S5,L2,G2,13,75%,,,Blachia umbellata,3
S5,L2,G2,13,75%,,,Blachia umbellata,2.7
S5,L2,G2,13,75%,,,Blachia umbellata,4
S5,L2,G2,13,75%,,,Blachia umbellata,2.5
S5,L2,G2,13,75%,,,Blachia umbellata,2.5
S5,L2,G2,13,75%,,,Blachia umbellata,9
S5,L2,G2,13,75%,,,Blachia umbellata,11
S5,L2,G2,13,75%,,,Blachia umbellata,11
S5,L2,G2,13,75%,,,Blachia umbellata,8
S5,L2,G2,14,70%,,,Blachia umbellata,16
S5,L2,G2,14,70%,,,Blachia umbellata,16
S5,L2,G2,14,70%,,,Blachia umbellata,11
S5,L2,G2,14,70%,,,Blachia umbellata,7
S5,L2,G2,14,70%,,,Blachia umbellata,4
S5,L2,G2,14,70%,,,Blachia umbellata,4.7
S5,L2,G2,14,70%,,,Blachia umbellata,3
S5,L2,G2,14,70%,,,Blachia umbellata,8
S5,L2,G2,14,70%,,,Blachia umbellata,8.7
S5,L2,G2,14,70%,,,Blachia umbellata,2
S5,L2,G2,14,70%,,,Blachia umbellata,2
S5,L2,G2,14,70%,,,Blachia umbellata,7
S5,L2,G2,14,70%,,,Blachia umbellata,8
S5,L2,G2,14,70%,,,Blachia umbellata,9
S5,L2,G2,14,70%,,,Blachia umbellata,3
S5,L2,G2,14,70%,,,Blachia umbellata,8
S5,L2,G2,14,70%,,,Blachia umbellata,1.2
S5,L2,G2,14,70%,,,Blachia umbellata,1.2
S5,L2,G2,14,70%,,,Blachia umbellata,1.3
S5,L2,G2,14,70%,,,Blachia umbellata,1.3
S5,L2,G2,14,70%,,,Blachia umbellata,1.3
S5,L2,G2,15,67%,,,Blachia umbellata,7
S5,L2,G2,15,67%,,,Blachia umbellata,3.3
S5,L2,G2,15,67%,,,Blachia umbellata,8
S5,L2,G2,15,67%,,,Blachia umbellata,9.1
S5,L2,G2,15,67%,,,Blachia umbellata,7.7
S5,L2,G2,15,67%,,,Blachia umbellata,13
S5,L2,G2,15,67%,,,Blachia umbellata,16
S5,L2,G2,15,67%,,,Blachia umbellata,14.5
S5,L2,G2,15,67%,,,Blachia umbellata,14.5
S5,L2,G2,15,67%,,,Blachia umbellata,15
S5,L2,G2,15,67%,,,Blachia umbellata,3
S5,L2,G2,15,67%,,,Blachia umbellata,2.7
S5,L2,G2,15,67%,,,Blachia umbellata,1.8
S5,L2,G2,15,67%,,,Blachia umbellata,1.9
S5,L2,G2,15,67%,,,Blachia umbellata,7
S5,L2,G2,15,67%,,,Blachia umbellata,8
S5,L2,G2,15,67%,,,Blachia umbellata,8.7
S5,L2,G2,16,75%,,,Blachia umbellata,4
S5,L2,G2,16,75%,,,Blachia umbellata,3.5
S5,L2,G2,16,75%,,,Blachia umbellata,2
S5,L2,G2,16,75%,,,Blachia umbellata,7
S5,L2,G2,16,75%,,,Blachia umbellata,5
S5,L2,G2,16,75%,,,Blachia umbellata,4
S5,L2,G2,16,75%,,,Blachia umbellata,9.5
S5,L2,G2,16,75%,,,Blachia umbellata,5
S5,L2,G2,16,75%,,,Blachia umbellata,3
S5,L2,G2,16,75%,,,Blachia umbellata,8
S5,L2,G2,16,75%,,,Blachia umbellata,8
S5,L2,G2,16,75%,,,Blachia umbellata,6.5
S5,L2,G2,16,75%,,,Blachia umbellata,12.3
S5,L2,G2,16,75%,,,Blachia umbellata,4
S5,L2,G2,16,75%,,,Blachia umbellata,5
S13,L1,G2,7,40%,,,Breynia retusa,0.3
S13,L1,G2,8,55%,,,Breynia retusa,2
S8,L1,G2,1,70%,,,Breynia retusa,0.4
S8,L1,G2,5,65%,,,Breynia retusa,1.2
S8,L1,G2,5,65%,,,Breynia retusa,0.6
S8,L1,G2,12,80%,,,Breynia retusa,1.2
S8,L1,G2,13,85%,,,Breynia retusa,1.2
S19,L1,G2,8,50%,,,Callicarpa tomentosa,14
S18,L1,G2,3,40%,,,Callicarpa tomentosa,4.5
S8,L1,G2,12,80%,,,Callicarpa tomentosa,19
S8,L1,G2,16,75%,,,Callicarpa tomentosa,8
S18,L1,G2,6,55%,1 Net,4 Plots,Calophyllum lanceolatum,19
S18,L1,G2,8,55%,,,Calophyllum lanceolatum,10
S18,L1,G2,8,55%,,,Calophyllum lanceolatum,7
S12,L2,G3,1,75%,1 Net,,Calophyllum lanceolatum,8
S12,L2,G3,2,75%,,,Calophyllum lanceolatum,127
S12,L2,G3,7,70%,,,Calophyllum lanceolatum,6
S12,L2,G3,9,75%,,,Calophyllum lanceolatum,67
S12,L2,G3,12,78%,1 Net,,Calophyllum lanceolatum,6
S12,L2,G3,14,75%,,,Calophyllum lanceolatum,7
S13,L1,G2,7,40%,,,Canthium dicoccum,7
S13,L1,G2,10,30%,,,Canthium dicoccum,6
S18,L1,G2,6,55%,1 Net,4 Plots,Canthium dicoccum,1.2
S12,L2,G3,1,75%,1 Net,,Canthium dicoccum,3
S12,L2,G3,2,75%,,,Canthium dicoccum,8
S12,L2,G3,2,75%,,,Canthium dicoccum,7
S12,L2,G3,6,70%,,,Canthium dicoccum,3
S12,L2,G3,11,85%,,,Canthium dicoccum,3
S12,L2,G3,14,75%,,,Canthium dicoccum,6
S2,L1,G2,1,80%,,,Canthium dicoccum,0.6
S2,L1,G2,3,85%,,,Canthium dicoccum,15
S13,L1,G2,2,45%,,1 plot,Caryota urens,0.5
S13,L1,G2,11,50%,,,Caryota urens,1.2
S13,L1,G2,11,50%,,,Caryota urens,1.2
S13,L1,G2,11,50%,,,Caryota urens,1.2
S13,L1,G2,11,50%,,,Caryota urens,1.2
S13,L1,G2,11,50%,,,Caryota urens,1.2
S13,L1,G2,11,50%,,,Caryota urens,1.2
S13,L1,G2,11,50%,,,Caryota urens,1.2
S13,L1,G2,11,50%,,,Caryota urens,1.2
S13,L1,G2,11,50%,,,Caryota urens,1.2
S13,L1,G2,11,50%,,,Caryota urens,1.2
S13,L1,G2,11,50%,,,Caryota urens,1.2
S13,L1,G2,11,50%,,,Caryota urens,1.2
S13,L1,G2,11,50%,,,Caryota urens,1.2
S13,L1,G2,11,50%,,,Caryota urens,1.2
S13,L1,G2,11,50%,,,Caryota urens,1.2
S13,L1,G2,11,50%,,,Caryota urens,1.2
S13,L1,G2,11,50%,,,Caryota urens,1.2
S13,L1,G2,11,50%,,,Caryota urens,1.2
S13,L1,G2,11,50%,,,Caryota urens,1.2
S13,L1,G2,11,50%,,,Caryota urens,1.2
S13,L1,G2,11,50%,,,Caryota urens,1.2
S13,L1,G2,11,50%,,,Caryota urens,1.2
S13,L1,G2,11,50%,,,Caryota urens,1.2
S13,L1,G2,11,50%,,,Caryota urens,1.2
S13,L1,G2,11,50%,,,Caryota urens,1.2
S13,L1,G2,11,50%,,,Caryota urens,1.2
S13,L1,G2,11,50%,,,Caryota urens,1.2
S13,L1,G2,11,50%,,,Caryota urens,1.2
S13,L1,G2,11,50%,,,Caryota urens,1.2
S13,L1,G2,11,50%,,,Caryota urens,1.2
S13,L1,G2,11,50%,,,Caryota urens,0.3
S19,L1,G2,6,70%,,,Caryota urens,0.4
S19,L1,G2,6,70%,,,Caryota urens,0.4
S18,L1,G2,1,55%,,,Caryota urens,0.4
S18,L1,G2,1,55%,,,Caryota urens,0.4
S18,L1,G2,1,55%,,,Caryota urens,0.4
S18,L1,G2,1,55%,,,Caryota urens,0.4
S18,L1,G2,1,55%,,,Caryota urens,3
S18,L1,G2,1,55%,,,Caryota urens,0.4
S18,L1,G2,2,55%,,,Caryota urens,0.4
S18,L1,G2,2,55%,,,Caryota urens,3
S18,L1,G2,2,55%,,,Caryota urens,3.5
S18,L1,G2,2,55%,,,Caryota urens,0.4
S18,L1,G2,2,55%,,,Caryota urens,0.3
S18,L1,G2,2,55%,,,Caryota urens,0.4
S18,L1,G2,2,55%,,,Caryota urens,0.4
S18,L1,G2,3,40%,,,Caryota urens,0.5
S18,L1,G2,3,40%,,,Caryota urens,0.4
S18,L1,G2,3,40%,,,Caryota urens,0.4
S18,L1,G2,3,40%,,,Caryota urens,0.4
S18,L1,G2,4,70%,,,Caryota urens,0.4
S18,L1,G2,4,70%,,,Caryota urens,0.4
S18,L1,G2,4,70%,,,Caryota urens,0.4
S18,L1,G2,7,60%,,,Caryota urens,0.4
S18,L1,G2,8,55%,,,Caryota urens,0.4
S18,L1,G2,9,60%,,,Caryota urens,0.4
S18,L1,G2,11,55%,1 Net,,Caryota urens,0.4
S18,L1,G2,12,55%,,,Caryota urens,0.3
S18,L1,G2,12,55%,,,Caryota urens,0.3
S18,L1,G2,13,57%,,,Caryota urens,0.4
S18,L1,G2,15,60%,,,Caryota urens,0.4
S18,L1,G2,15,60%,,,Caryota urens,0.4
S12,L2,G3,9,75%,,,Caryota urens,0.4
S12,L2,G3,13,70%,,,Caryota urens,0.5
S12,L2,G3,15,80%,,,Caryota urens,0.2
S12,L2,G3,15,80%,,,Caryota urens,0.5
S12,L2,G3,15,80%,,,Caryota urens,2.9
S12,L2,G3,16,78%,,,Caryota urens,0.5
S3,L1,G2,7,70%,,,Caryota urens,0.6
S19,L1,G2,5,65%,,,Casearia ovata,0.4
S19,L1,G2,15,75%,,,Casearia ovata,2
S18,L1,G2,2,55%,,,Casearia ovata,2
S18,L1,G2,13,57%,,,Casearia ovata,1.2
S12,L2,G3,4,75%,,,Casearia ovata,1.1
S13,L1,G2,8,55%,,,Casearia wynadensis,3
S13,L1,G2,14,40%,,,Casearia wynadensis,0.4
S13,L1,G2,16,50%,,,Casearia wynadensis,1.5
S19,L1,G2,2,75%,1 Net,2 Plots,Casearia wynadensis,1.2
S19,L1,G2,5,65%,,,Casearia wynadensis,10
S19,L1,G2,6,70%,,,Casearia wynadensis,6
S19,L1,G2,6,70%,,,Casearia wynadensis,0.6
S18,L1,G2,10,65%,,,Casearia wynadensis,1
S18,L1,G2,14,60%,,,Casearia wynadensis,0.4
S18,L1,G2,15,60%,,,Casearia wynadensis,0.4
S18,L1,G2,15,60%,,,Casearia wynadensis,0.4
S18,L1,G2,15,60%,,,Casearia wynadensis,0.4
S18,L1,G2,15,60%,,,Casearia wynadensis,0.4
S18,L1,G2,15,60%,,,Casearia wynadensis,0.4
S18,L1,G2,15,60%,,,Casearia wynadensis,0.4
S18,L1,G2,15,60%,,,Casearia wynadensis,0.4
S18,L1,G2,15,60%,,,Casearia wynadensis,0.4
S18,L1,G2,15,60%,,,Casearia wynadensis,0.4
S18,L1,G2,15,60%,,,Casearia wynadensis,0.4
S18,L1,G2,15,60%,,,Casearia wynadensis,0.4
S18,L1,G2,15,60%,,,Casearia wynadensis,0.4
S18,L1,G2,15,60%,,,Casearia wynadensis,0.4
S18,L1,G2,15,60%,,,Casearia wynadensis,0.4
S18,L1,G2,15,60%,,,Casearia wynadensis,0.4
S18,L1,G2,15,60%,,,Casearia wynadensis,0.4
S18,L1,G2,15,60%,,,Casearia wynadensis,0.4
S18,L1,G2,15,60%,,,Casearia wynadensis,0.4
S18,L1,G2,15,60%,,,Casearia wynadensis,0.4
S18,L1,G2,15,60%,,,Casearia wynadensis,0.4
S18,L1,G2,16,65%,,,Casearia wynadensis,0.4
S18,L1,G2,16,65%,,,Casearia wynadensis,0.4
S12,L2,G3,1,75%,1 Net,,Casearia wynadensis,8
S12,L2,G3,3,70%,,,Casearia wynadensis,5
S12,L2,G3,5,77%,,,Casearia wynadensis,2
S12,L2,G3,5,77%,,,Casearia wynadensis,2
S12,L2,G3,6,70%,,,Casearia wynadensis,7
S12,L2,G3,8,80%,,,Casearia wynadensis,3
S12,L2,G3,8,80%,,,Casearia wynadensis,1.1
S12,L2,G3,9,75%,,,Casearia wynadensis,5
S12,L2,G3,9,75%,,,Casearia wynadensis,19
S12,L2,G3,11,85%,,,Casearia wynadensis,4
S12,L2,G3,11,85%,,,Casearia wynadensis,6
S12,L2,G3,12,78%,1 Net,,Casearia wynadensis,19
S12,L2,G3,13,70%,,,Casearia wynadensis,4
S3,L1,G2,13,68%,,,Casearia wynadensis,7
S5,L2,G2,2,75%,,,Casearia wynadensis,0.5
S8,L1,G2,1,70%,,,Casearia wynadensis,1.3
S8,L1,G2,1,70%,,,Casearia wynadensis,1.2
S8,L1,G2,1,70%,,,Casearia wynadensis,1.2
S8,L1,G2,1,70%,,,Casearia wynadensis,0.4
S8,L1,G2,1,70%,,,Casearia wynadensis,2
S8,L1,G2,5,65%,,,Casearia wynadensis,1.1
S8,L1,G2,5,65%,,,Casearia wynadensis,1.6
S8,L1,G2,6,75%,,,Casearia wynadensis,1.3
S8,L1,G2,12,80%,,,Casearia wynadensis,0.6
S12,L2,G3,9,75%,,,Celtis tetrandra,8
S18,L1,G2,3,40%,,,Chassalia ophyoxyloides,1.3
S18,L1,G2,8,55%,,,Chassalia ophyoxyloides,1.2
S18,L1,G2,8,55%,,,Chassalia ophyoxyloides,0.6
S18,L1,G2,8,55%,,,Chassalia ophyoxyloides,0.6
S18,L1,G2,11,55%,1 Net,,Chassalia ophyoxyloides,0.7
S18,L1,G2,13,57%,,,Chassalia ophyoxyloides,0.4
S12,L2,G3,1,75%,1 Net,,Chassalia ophyoxyloides,4
S12,L2,G3,1,75%,1 Net,,Chassalia ophyoxyloides,3
S12,L2,G3,2,75%,,,Chassalia ophyoxyloides,1.5
S12,L2,G3,2,75%,,,Chassalia ophyoxyloides,3
S12,L2,G3,3,70%,,,Chassalia ophyoxyloides,1.1
S12,L2,G3,3,70%,,,Chassalia ophyoxyloides,6
S12,L2,G3,4,75%,,,Chassalia ophyoxyloides,2
S12,L2,G3,4,75%,,,Chassalia ophyoxyloides,1.1
S12,L2,G3,6,70%,,,Chassalia ophyoxyloides,2
S12,L2,G3,6,70%,,,Chassalia ophyoxyloides,1.2
S12,L2,G3,9,75%,,,Chassalia ophyoxyloides,3
S12,L2,G3,10,70%,,,Chassalia ophyoxyloides,3
S12,L2,G3,11,85%,,,Chassalia ophyoxyloides,0.7
S12,L2,G3,11,85%,,,Chassalia ophyoxyloides,0.7
S12,L2,G3,11,85%,,,Chassalia ophyoxyloides,2
S12,L2,G3,12,78%,1 Net,,Chassalia ophyoxyloides,0.7
S12,L2,G3,14,75%,,,Chassalia ophyoxyloides,1.5
S3,L1,G2,1,60%,,,Chassalia ophyoxyloides,1.3
S3,L1,G2,1,60%,,,Chassalia ophyoxyloides,4
S3,L1,G2,1,60%,,,Chassalia ophyoxyloides,1.2
S3,L1,G2,1,60%,,,Chassalia ophyoxyloides,0.6
S3,L1,G2,2,78%,,,Chassalia ophyoxyloides,0.6
S3,L1,G2,2,78%,,,Chassalia ophyoxyloides,1.2
S3,L1,G2,2,78%,,,Chassalia ophyoxyloides,0.6
S3,L1,G2,3,60%,,,Chassalia ophyoxyloides,1.5
S3,L1,G2,3,60%,,,Chassalia ophyoxyloides,3
S3,L1,G2,3,60%,,,Chassalia ophyoxyloides,2
S3,L1,G2,3,60%,,,Chassalia ophyoxyloides,1.2
S3,L1,G2,5,65%,,,Chassalia ophyoxyloides,0.6
S3,L1,G2,6,76%,,,Chassalia ophyoxyloides,1.2
S3,L1,G2,6,76%,,,Chassalia ophyoxyloides,0.9
S3,L1,G2,6,76%,,,Chassalia ophyoxyloides,0.5
S3,L1,G2,6,76%,,,Chassalia ophyoxyloides,0.7
S3,L1,G2,6,76%,,,Chassalia ophyoxyloides,4
S3,L1,G2,6,76%,,,Chassalia ophyoxyloides,0.9
S3,L1,G2,7,70%,,,Chassalia ophyoxyloides,3
S3,L1,G2,7,70%,,,Chassalia ophyoxyloides,3.5
S3,L1,G2,12,75%,,,Chassalia ophyoxyloides,2.5
S3,L1,G2,14,80%,,,Chassalia ophyoxyloides,1.5
S2,L1,G2,3,85%,,,Chassalia ophyoxyloides,3
S5,L2,G2,12,78%,,,Chassalia ophyoxyloides,13
S5,L2,G2,12,78%,,,Chassalia ophyoxyloides,13
S8,L1,G2,1,70%,,,Chassalia ophyoxyloides,0.5
S8,L1,G2,1,70%,,,Chassalia ophyoxyloides,1.2
S8,L1,G2,2,65%,,,Chassalia ophyoxyloides,0.5
S8,L1,G2,2,65%,,,Chassalia ophyoxyloides,0.4
S8,L1,G2,5,65%,,,Chassalia ophyoxyloides,1.3
S8,L1,G2,11,65%,,,Chassalia ophyoxyloides,0.7
S8,L1,G2,15,60%,,,Chassalia ophyoxyloides,0.7
S13,L1,G2,2,45%,,1 plot,Chassalia ophyoxyloides ,1
S13,L1,G2,4,55%,,0.5 plot,Chassalia ophyoxyloides ,3
S13,L1,G2,5,70%,1 Net,1 plot,Chassalia ophyoxyloides ,1.5
S13,L1,G2,9,40%,,,Chassalia ophyoxyloides ,0.5
S13,L1,G2,9,40%,,,Chassalia ophyoxyloides ,0.4
S13,L1,G2,9,40%,,,Chassalia ophyoxyloides ,0.6
S13,L1,G2,9,40%,,,Chassalia ophyoxyloides ,0.5
S13,L1,G2,11,50%,,,Chassalia ophyoxyloides ,1
S13,L1,G2,11,50%,,,Chassalia ophyoxyloides ,1
S13,L1,G2,12,60%,,,Chassalia ophyoxyloides ,3
S13,L1,G2,13,50%,,,Chassalia ophyoxyloides ,2
S13,L1,G2,15,50%,,,Chassalia ophyoxyloides ,1.2
S13,L1,G2,15,50%,,,Chassalia ophyoxyloides ,0.5
S13,L1,G2,16,50%,,,Chassalia ophyoxyloides ,1
S3,L1,G2,1,60%,,,Chassalia ophyoxyloides ,0.5
S18,L1,G2,15,60%,,,Chionanthus ramiflorus,0.5
S12,L2,G3,2,75%,,,Chionanthus ramiflorus,1.2
S19,L1,G2,9,70%,,,Chionanthus sp.,1.3
S19,L1,G2,9,70%,,,Chionanthus sp.,0.5
S19,L1,G2,15,75%,,,Chionanthus sp.,1.5
S18,L1,G2,1,55%,,,Chionanthus sp.,1.6
S18,L1,G2,1,55%,,,Chionanthus sp.,1.1
S18,L1,G2,1,55%,,,Chionanthus sp.,1.2
S18,L1,G2,2,55%,,,Chionanthus sp.,1.2
S18,L1,G2,2,55%,,,Chionanthus sp.,2
S18,L1,G2,3,40%,,,Chionanthus sp.,1.3
S18,L1,G2,3,40%,,,Chionanthus sp.,1.2
S18,L1,G2,4,70%,,,Chionanthus sp.,0.7
S18,L1,G2,5,55%,,0.5 Plot,Chionanthus sp.,6
S18,L1,G2,5,55%,,0.5 Plot,Chionanthus sp.,0.7
S18,L1,G2,5,55%,,0.5 Plot,Chionanthus sp.,0.4
S18,L1,G2,6,55%,1 Net,4 Plots,Chionanthus sp.,2
S18,L1,G2,6,55%,1 Net,4 Plots,Chionanthus sp.,1.5
S18,L1,G2,6,55%,1 Net,4 Plots,Chionanthus sp.,1.2
S18,L1,G2,7,60%,,,Chionanthus sp.,1.2
S18,L1,G2,8,55%,,,Chionanthus sp.,1.2
S18,L1,G2,9,60%,,,Chionanthus sp.,0.4
S18,L1,G2,9,60%,,,Chionanthus sp.,1
S18,L1,G2,10,65%,,,Chionanthus sp.,1.1
S18,L1,G2,10,65%,,,Chionanthus sp.,1.2
S18,L1,G2,10,65%,,,Chionanthus sp.,0.3
S18,L1,G2,10,65%,,,Chionanthus sp.,1.1
S18,L1,G2,10,65%,,,Chionanthus sp.,0.4
S18,L1,G2,10,65%,,,Chionanthus sp.,0.7
S18,L1,G2,10,65%,,,Chionanthus sp.,0.7
S18,L1,G2,11,55%,1 Net,,Chionanthus sp.,1.1
S18,L1,G2,11,55%,1 Net,,Chionanthus sp.,1.1
S18,L1,G2,11,55%,1 Net,,Chionanthus sp.,1.1
S18,L1,G2,11,55%,1 Net,,Chionanthus sp.,1.2
S18,L1,G2,12,55%,,,Chionanthus sp.,1.1
S18,L1,G2,12,55%,,,Chionanthus sp.,1.2
S18,L1,G2,14,60%,,,Chionanthus sp.,0.6
S18,L1,G2,16,65%,,,Chionanthus sp.,1.9
S18,L1,G2,16,65%,,,Chionanthus sp.,0.7
S3,L1,G2,2,78%,,,Chionanthus sp.,1.2
S3,L1,G2,2,78%,,,Chionanthus sp.,1.2
S13,L1,G2,10,30%,,,Chrysophyllum roxburghii,2
S18,L1,G2,4,70%,,,Chrysophyllum roxburghii,1.2
S18,L1,G2,16,65%,,,Chrysophyllum roxburghii,0.4
S12,L2,G3,12,78%,1 Net,,Chrysophyllum roxburghii,3.5
S2,L1,G2,13,65%,,,Chrysophyllum roxburghii,2.5
S5,L2,G2,1,60%,,,Chrysophyllum roxburghii,2.5
S5,L2,G2,9,80%,,,Chrysophyllum roxburghii,33
S13,L1,G2,2,45%,,1 plot,Cinnamomum sp.,2
S13,L1,G2,2,45%,,1 plot,Cinnamomum sp.,1
S13,L1,G2,2,45%,,1 plot,Cinnamomum sp.,1.5
S13,L1,G2,3,30%,1 Net,0.5 plot,Cinnamomum sp.,3
S13,L1,G2,3,30%,1 Net,0.5 plot,Cinnamomum sp.,1.5
S13,L1,G2,5,70%,1 Net,1 plot,Cinnamomum sp.,0.5
S13,L1,G2,7,40%,,,Cinnamomum sp.,1
S13,L1,G2,7,40%,,,Cinnamomum sp.,0.4
S13,L1,G2,8,55%,,,Cinnamomum sp.,0.4
S13,L1,G2,8,55%,,,Cinnamomum sp.,2.5
S13,L1,G2,8,55%,,,Cinnamomum sp.,4
S13,L1,G2,8,55%,,,Cinnamomum sp.,0.5
S13,L1,G2,8,55%,,,Cinnamomum sp.,1
S13,L1,G2,9,40%,,,Cinnamomum sp.,1
S13,L1,G2,9,40%,,,Cinnamomum sp.,0.5
S13,L1,G2,15,50%,,,Cinnamomum sp.,1
S13,L1,G2,15,50%,,,Cinnamomum sp.,1.2
S13,L1,G2,16,50%,,,Cinnamomum sp.,0.9
S13,L1,G2,16,50%,,,Cinnamomum sp.,1.3
S19,L1,G2,5,65%,,,Cinnamomum sp.,1.5
S19,L1,G2,6,70%,,,Cinnamomum sp.,1
S19,L1,G2,12,60%,,,Cinnamomum sp.,1.5
S19,L1,G2,13,70%,,,Cinnamomum sp.,1.3
S19,L1,G2,14,69%,1 Net,,Cinnamomum sp.,8
S18,L1,G2,8,55%,,,Cinnamomum sp.,1.3
S18,L1,G2,13,57%,,,Cinnamomum sp.,6.5
S18,L1,G2,13,57%,,,Cinnamomum sp.,1.2
S18,L1,G2,13,57%,,,Cinnamomum sp.,1.5
S12,L2,G3,5,77%,,,Cinnamomum sp.,32
S12,L2,G3,7,70%,,,Cinnamomum sp.,2
S12,L2,G3,11,85%,,,Cinnamomum sp.,0.7
S3,L1,G2,2,78%,,,Cinnamomum sp.,2
S3,L1,G2,2,78%,,,Cinnamomum sp.,8
S3,L1,G2,2,78%,,,Cinnamomum sp.,4
S3,L1,G2,2,78%,,,Cinnamomum sp.,6
S3,L1,G2,3,60%,,,Cinnamomum sp.,1.6
S3,L1,G2,6,76%,,,Cinnamomum sp.,8
S3,L1,G2,11,75%,,,Cinnamomum sp.,0.7
S3,L1,G2,15,70%,,,Cinnamomum sp.,19
S3,L1,G2,16,80%,,,Cinnamomum sp.,0.5
S2,L1,G2,1,80%,,,Cinnamomum sp.,1
S2,L1,G2,1,80%,,,Cinnamomum sp.,1.2
S2,L1,G2,2,79%,,,Cinnamomum sp.,3
S2,L1,G2,6,79%,,,Cinnamomum sp.,15
S2,L1,G2,6,79%,,,Cinnamomum sp.,8
S2,L1,G2,7,69%,,,Cinnamomum sp.,25
S2,L1,G2,8,80%,,,Cinnamomum sp.,7
S2,L1,G2,8,80%,,,Cinnamomum sp.,0.5
S2,L1,G2,8,80%,,,Cinnamomum sp.,0.6
S2,L1,G2,9,80%,,,Cinnamomum sp.,0.4
S2,L1,G2,9,80%,,,Cinnamomum sp.,19
S2,L1,G2,10,75%,,,Cinnamomum sp.,0.5
S2,L1,G2,10,75%,,,Cinnamomum sp.,0.5
S2,L1,G2,11,75%,,,Cinnamomum sp.,1.1
S2,L1,G2,11,75%,,,Cinnamomum sp.,0.9
S2,L1,G2,11,75%,,,Cinnamomum sp.,0.5
S2,L1,G2,11,75%,,,Cinnamomum sp.,0.4
S2,L1,G2,11,75%,,,Cinnamomum sp.,1.2
S2,L1,G2,11,75%,,,Cinnamomum sp.,3
S2,L1,G2,11,75%,,,Cinnamomum sp.,0.5
S2,L1,G2,12,60%,,,Cinnamomum sp.,2
S2,L1,G2,12,60%,,,Cinnamomum sp.,1.5
S2,L1,G2,12,60%,,,Cinnamomum sp.,0.5
S2,L1,G2,12,60%,,,Cinnamomum sp.,0.6
S2,L1,G2,12,60%,,,Cinnamomum sp.,0.5
S2,L1,G2,12,60%,,,Cinnamomum sp.,0.4
S2,L1,G2,13,65%,,,Cinnamomum sp.,0.5
S2,L1,G2,13,65%,,,Cinnamomum sp.,0.4
S2,L1,G2,13,65%,,,Cinnamomum sp.,2
S2,L1,G2,13,65%,,,Cinnamomum sp.,1.2
S2,L1,G2,13,65%,,,Cinnamomum sp.,1.1
S2,L1,G2,13,65%,,,Cinnamomum sp.,0.5
S2,L1,G2,13,65%,,,Cinnamomum sp.,0.5
S2,L1,G2,13,65%,,,Cinnamomum sp.,0.6
S2,L1,G2,13,65%,,,Cinnamomum sp.,15
S2,L1,G2,15,75%,,,Cinnamomum sp.,1.2
S2,L1,G2,15,75%,,,Cinnamomum sp.,0.5
S2,L1,G2,15,75%,,,Cinnamomum sp.,1.2
S2,L1,G2,15,75%,,,Cinnamomum sp.,0.5
S2,L1,G2,16,80%,,,Cinnamomum sp.,0.5
S2,L1,G2,16,80%,,,Cinnamomum sp.,0.6
S2,L1,G2,16,80%,,,Cinnamomum sp.,17
S5,L2,G2,15,67%,,,Cinnamomum sp.,9
S8,L1,G2,1,70%,,,Cinnamomum sp.,0.5
S8,L1,G2,1,70%,,,Cinnamomum sp.,0.5
S8,L1,G2,1,70%,,,Cinnamomum sp.,0.6
S8,L1,G2,1,70%,,,Cinnamomum sp.,1.5
S8,L1,G2,1,70%,,,Cinnamomum sp.,2
S8,L1,G2,1,70%,,,Cinnamomum sp.,2
S8,L1,G2,1,70%,,,Cinnamomum sp.,1
S8,L1,G2,1,70%,,,Cinnamomum sp.,1.2
S8,L1,G2,1,70%,,,Cinnamomum sp.,8
S8,L1,G2,1,70%,,,Cinnamomum sp.,42
S8,L1,G2,2,65%,,,Cinnamomum sp.,61
S8,L1,G2,2,65%,,,Cinnamomum sp.,0.6
S8,L1,G2,2,65%,,,Cinnamomum sp.,0.4
S8,L1,G2,2,65%,,,Cinnamomum sp.,2
S8,L1,G2,2,65%,,,Cinnamomum sp.,0.5
S8,L1,G2,2,65%,,,Cinnamomum sp.,0.4
S8,L1,G2,2,65%,,,Cinnamomum sp.,0.5
S8,L1,G2,2,65%,,,Cinnamomum sp.,0.4
S8,L1,G2,2,65%,,,Cinnamomum sp.,0.5
S8,L1,G2,2,65%,,,Cinnamomum sp.,0.6
S8,L1,G2,3,60%,,,Cinnamomum sp.,0.4
S8,L1,G2,3,60%,,,Cinnamomum sp.,0.5
S8,L1,G2,3,60%,,,Cinnamomum sp.,32
S8,L1,G2,3,60%,,,Cinnamomum sp.,0.5
S8,L1,G2,3,60%,,,Cinnamomum sp.,0.5
S8,L1,G2,3,60%,,,Cinnamomum sp.,0.4
S8,L1,G2,3,60%,,,Cinnamomum sp.,0.4
S8,L1,G2,4,60%,,,Cinnamomum sp.,0.5
S8,L1,G2,4,60%,,,Cinnamomum sp.,0.4
S8,L1,G2,4,60%,,,Cinnamomum sp.,0.4
S8,L1,G2,4,60%,,,Cinnamomum sp.,0.4
S8,L1,G2,4,60%,,,Cinnamomum sp.,1.9
S8,L1,G2,4,60%,,,Cinnamomum sp.,1.2
S8,L1,G2,4,60%,,,Cinnamomum sp.,2
S8,L1,G2,4,60%,,,Cinnamomum sp.,3
S8,L1,G2,5,65%,,,Cinnamomum sp.,0.5
S8,L1,G2,5,65%,,,Cinnamomum sp.,0.5
S8,L1,G2,5,65%,,,Cinnamomum sp.,0.5
S8,L1,G2,5,65%,,,Cinnamomum sp.,0.5
S8,L1,G2,6,75%,,,Cinnamomum sp.,0.5
S8,L1,G2,6,75%,,,Cinnamomum sp.,0.5
S8,L1,G2,6,75%,,,Cinnamomum sp.,0.5
S8,L1,G2,6,75%,,,Cinnamomum sp.,1.5
S8,L1,G2,7,70%,,,Cinnamomum sp.,1
S8,L1,G2,7,70%,,,Cinnamomum sp.,0.5
S8,L1,G2,7,70%,,,Cinnamomum sp.,1
S8,L1,G2,7,70%,,,Cinnamomum sp.,1
S8,L1,G2,7,70%,,,Cinnamomum sp.,0.6
S8,L1,G2,7,70%,,,Cinnamomum sp.,1.1
S8,L1,G2,7,70%,,,Cinnamomum sp.,0.5
S8,L1,G2,7,70%,,,Cinnamomum sp.,0.6
S8,L1,G2,7,70%,,,Cinnamomum sp.,0.9
S8,L1,G2,8,55%,,,Cinnamomum sp.,0.9
S8,L1,G2,8,55%,,,Cinnamomum sp.,0.4
S8,L1,G2,8,55%,,,Cinnamomum sp.,0.6
S8,L1,G2,8,55%,,,Cinnamomum sp.,0.4
S8,L1,G2,8,55%,,,Cinnamomum sp.,0.4
S8,L1,G2,10,70%,,,Cinnamomum sp.,0.5
S8,L1,G2,10,70%,,,Cinnamomum sp.,1.6
S8,L1,G2,11,65%,,,Cinnamomum sp.,1.2
S8,L1,G2,11,65%,,,Cinnamomum sp.,0.4
S8,L1,G2,11,65%,,,Cinnamomum sp.,1.6
S8,L1,G2,11,65%,,,Cinnamomum sp.,1.2
S8,L1,G2,11,65%,,,Cinnamomum sp.,25
S8,L1,G2,12,80%,,,Cinnamomum sp.,0.4
S8,L1,G2,12,80%,,,Cinnamomum sp.,0.4
S8,L1,G2,12,80%,,,Cinnamomum sp.,1.2
S8,L1,G2,12,80%,,,Cinnamomum sp.,1.2
S8,L1,G2,12,80%,,,Cinnamomum sp.,0.5
S8,L1,G2,12,80%,,,Cinnamomum sp.,0.4
S8,L1,G2,13,85%,,,Cinnamomum sp.,1.2
S8,L1,G2,13,85%,,,Cinnamomum sp.,1.1
S8,L1,G2,13,85%,,,Cinnamomum sp.,30
S8,L1,G2,13,85%,,,Cinnamomum sp.,0.5
S8,L1,G2,14,70%,,,Cinnamomum sp.,0.4
S8,L1,G2,14,70%,,,Cinnamomum sp.,7
S8,L1,G2,14,70%,,,Cinnamomum sp.,6
S8,L1,G2,14,70%,,,Cinnamomum sp.,0.4
S8,L1,G2,14,70%,,,Cinnamomum sp.,0.4
S8,L1,G2,14,70%,,,Cinnamomum sp.,1.5
S8,L1,G2,14,70%,,,Cinnamomum sp.,0.5
S8,L1,G2,15,60%,,,Cinnamomum sp.,39
S8,L1,G2,15,60%,,,Cinnamomum sp.,1.1
S8,L1,G2,15,60%,,,Cinnamomum sp.,1.1
S8,L1,G2,15,60%,,,Cinnamomum sp.,1.1
S8,L1,G2,15,60%,,,Cinnamomum sp.,0.9
S8,L1,G2,15,60%,,,Cinnamomum sp.,2
S8,L1,G2,15,60%,,,Cinnamomum sp.,1.2
S8,L1,G2,15,60%,,,Cinnamomum sp.,1.2
S8,L1,G2,15,60%,,,Cinnamomum sp.,0.9
S8,L1,G2,15,60%,,,Cinnamomum sp.,0.4
S8,L1,G2,16,75%,,,Cinnamomum sp.,0.5
S8,L1,G2,16,75%,,,Cinnamomum sp.,0.5
S13,L1,G2,2,45%,,1 plot,Clausena dentata,1.5
S19,L1,G2,12,60%,,,Clausena dentata,0.5
S18,L1,G2,4,70%,,,Clausena dentata,1.1
S18,L1,G2,5,55%,,0.5 Plot,Clausena dentata,0.4
S18,L1,G2,8,55%,,,Clausena dentata,1.6
S18,L1,G2,9,60%,,,Clausena dentata,0.5
S18,L1,G2,10,65%,,,Clausena dentata,0.5
S18,L1,G2,10,65%,,,Clausena dentata,0.4
S18,L1,G2,16,65%,,,Clausena dentata,0.6
S12,L2,G3,9,75%,,,Clausena dentata,0.5
S12,L2,G3,11,85%,,,Clausena dentata,0.9
S13,L1,G2,15,50%,,,Cleistanthus sp.,8
S13,L1,G2,16,50%,,,Cleistanthus sp.,0.4
S13,L1,G2,15,50%,,,Clerodendrum infortunatum,1.2
S13,L1,G2,15,50%,,,Clerodendrum infortunatum,1.2
S13,L1,G2,15,50%,,,Clerodendrum infortunatum,1.5
S13,L1,G2,15,50%,,,Clerodendrum infortunatum,1.5
S13,L1,G2,15,50%,,,Clerodendrum infortunatum,1.5
S13,L1,G2,15,50%,,,Clerodendrum infortunatum,1.5
S13,L1,G2,15,50%,,,Clerodendrum infortunatum,1.5
S13,L1,G2,15,50%,,,Clerodendrum infortunatum,1
S13,L1,G2,15,50%,,,Clerodendrum infortunatum,1.2
S13,L1,G2,15,50%,,,Clerodendrum infortunatum,2.3
S13,L1,G2,15,50%,,,Clerodendrum infortunatum,0.5
S13,L1,G2,15,50%,,,Clerodendrum infortunatum,2
S13,L1,G2,15,50%,,,Clerodendrum infortunatum,1.2
S13,L1,G2,15,50%,,,Clerodendrum infortunatum,1.2
S13,L1,G2,15,50%,,,Clerodendrum infortunatum,1.2
S13,L1,G2,16,50%,,,Clerodendrum infortunatum,2
S13,L1,G2,16,50%,,,Clerodendrum infortunatum,1.5
S13,L1,G2,16,50%,,,Clerodendrum infortunatum,1.5
S13,L1,G2,16,50%,,,Clerodendrum infortunatum,1.5
S13,L1,G2,16,50%,,,Clerodendrum infortunatum,1.2
S13,L1,G2,16,50%,,,Clerodendrum infortunatum,1.2
S3,L1,G2,4,75%,,,Clerodendrum infortunatum,1.5
S3,L1,G2,4,75%,,,Clerodendrum infortunatum,1.5
S3,L1,G2,4,75%,,,Clerodendrum infortunatum,1.2
S3,L1,G2,5,65%,,,Clerodendrum infortunatum,3
S3,L1,G2,5,65%,,,Clerodendrum infortunatum,1.2
S3,L1,G2,6,76%,,,Clerodendrum infortunatum,1.2
S3,L1,G2,6,76%,,,Clerodendrum infortunatum,1.5
S3,L1,G2,14,80%,,,Clerodendrum infortunatum,1.5
S3,L1,G2,15,70%,,,Clerodendrum infortunatum,1.5
S3,L1,G2,15,70%,,,Clerodendrum infortunatum,1.2
S3,L1,G2,15,70%,,,Clerodendrum infortunatum,1.3
S3,L1,G2,16,80%,,,Clerodendrum infortunatum,1.2
S3,L1,G2,16,80%,,,Clerodendrum infortunatum,1.5
S3,L1,G2,16,80%,,,Clerodendrum infortunatum,1.2
S3,L1,G2,16,80%,,,Clerodendrum infortunatum,0.7
S3,L1,G2,16,80%,,,Clerodendrum infortunatum,1.2
S2,L1,G2,2,79%,,,Clerodendrum infortunatum,3
S2,L1,G2,2,79%,,,Clerodendrum infortunatum,3
S2,L1,G2,2,79%,,,Clerodendrum infortunatum,2.5
S2,L1,G2,4,75%,,,Clerodendrum infortunatum,2
S2,L1,G2,6,79%,,,Clerodendrum infortunatum,3
S2,L1,G2,7,69%,,,Clerodendrum infortunatum,3
S2,L1,G2,7,69%,,,Clerodendrum infortunatum,3
S2,L1,G2,7,69%,,,Clerodendrum infortunatum,2.5
S2,L1,G2,7,69%,,,Clerodendrum infortunatum,3
S2,L1,G2,7,69%,,,Clerodendrum infortunatum,3
S2,L1,G2,7,69%,,,Clerodendrum infortunatum,3
S2,L1,G2,7,69%,,,Clerodendrum infortunatum,2
S2,L1,G2,7,69%,,,Clerodendrum infortunatum,1.5
S8,L1,G2,1,70%,,,Clerodendrum infortunatum,4
S8,L1,G2,1,70%,,,Clerodendrum infortunatum,1.2
S8,L1,G2,1,70%,,,Clerodendrum infortunatum,2
S8,L1,G2,1,70%,,,Clerodendrum infortunatum,1.2
S8,L1,G2,1,70%,,,Clerodendrum infortunatum,1.2
S8,L1,G2,2,65%,,,Clerodendrum infortunatum,1.2
S8,L1,G2,2,65%,,,Clerodendrum infortunatum,0.6
S8,L1,G2,2,65%,,,Clerodendrum infortunatum,2
S8,L1,G2,2,65%,,,Clerodendrum infortunatum,1.1
S8,L1,G2,3,60%,,,Clerodendrum infortunatum,0.5
S8,L1,G2,4,60%,,,Clerodendrum infortunatum,1.2
S8,L1,G2,4,60%,,,Clerodendrum infortunatum,1.2
S8,L1,G2,4,60%,,,Clerodendrum infortunatum,1.3
S8,L1,G2,5,65%,,,Clerodendrum infortunatum,1.2
S8,L1,G2,5,65%,,,Clerodendrum infortunatum,1.2
S8,L1,G2,5,65%,,,Clerodendrum infortunatum,3
S8,L1,G2,5,65%,,,Clerodendrum infortunatum,2
S8,L1,G2,5,65%,,,Clerodendrum infortunatum,15
S8,L1,G2,5,65%,,,Clerodendrum infortunatum,0.3
S8,L1,G2,6,75%,,,Clerodendrum infortunatum,0.9
S8,L1,G2,6,75%,,,Clerodendrum infortunatum,2
S8,L1,G2,6,75%,,,Clerodendrum infortunatum,1.2
S8,L1,G2,6,75%,,,Clerodendrum infortunatum,1.3
S8,L1,G2,6,75%,,,Clerodendrum infortunatum,1.2
S8,L1,G2,6,75%,,,Clerodendrum infortunatum,1.1
S8,L1,G2,6,75%,,,Clerodendrum infortunatum,0.4
S8,L1,G2,6,75%,,,Clerodendrum infortunatum,1
S8,L1,G2,6,75%,,,Clerodendrum infortunatum,1
S8,L1,G2,6,75%,,,Clerodendrum infortunatum,0.7
S8,L1,G2,6,75%,,,Clerodendrum infortunatum,0.5
S8,L1,G2,6,75%,,,Clerodendrum infortunatum,0.6
S8,L1,G2,6,75%,,,Clerodendrum infortunatum,0.6
S8,L1,G2,6,75%,,,Clerodendrum infortunatum,1.1
S8,L1,G2,6,75%,,,Clerodendrum infortunatum,0.5
S8,L1,G2,6,75%,,,Clerodendrum infortunatum,1.5
S8,L1,G2,7,70%,,,Clerodendrum infortunatum,1.5
S8,L1,G2,7,70%,,,Clerodendrum infortunatum,1.1
S8,L1,G2,7,70%,,,Clerodendrum infortunatum,1.2
S8,L1,G2,7,70%,,,Clerodendrum infortunatum,0.9
S8,L1,G2,7,70%,,,Clerodendrum infortunatum,1.2
S8,L1,G2,7,70%,,,Clerodendrum infortunatum,1.2
S8,L1,G2,7,70%,,,Clerodendrum infortunatum,0.6
S8,L1,G2,7,70%,,,Clerodendrum infortunatum,1.2
S8,L1,G2,7,70%,,,Clerodendrum infortunatum,1.3
S8,L1,G2,7,70%,,,Clerodendrum infortunatum,1.3
S8,L1,G2,7,70%,,,Clerodendrum infortunatum,1.3
S8,L1,G2,7,70%,,,Clerodendrum infortunatum,1.3
S8,L1,G2,7,70%,,,Clerodendrum infortunatum,1.2
S8,L1,G2,8,55%,,,Clerodendrum infortunatum,2
S8,L1,G2,8,55%,,,Clerodendrum infortunatum,1
S8,L1,G2,8,55%,,,Clerodendrum infortunatum,0.4
S8,L1,G2,8,55%,,,Clerodendrum infortunatum,0.5
S8,L1,G2,8,55%,,,Clerodendrum infortunatum,0.5
S8,L1,G2,8,55%,,,Clerodendrum infortunatum,0.5
S8,L1,G2,8,55%,,,Clerodendrum infortunatum,0.5
S8,L1,G2,8,55%,,,Clerodendrum infortunatum,0.4
S8,L1,G2,8,55%,,,Clerodendrum infortunatum,0.5
S8,L1,G2,8,55%,,,Clerodendrum infortunatum,0.5
S8,L1,G2,8,55%,,,Clerodendrum infortunatum,0.9
S8,L1,G2,8,55%,,,Clerodendrum infortunatum,0.4
S8,L1,G2,8,55%,,,Clerodendrum infortunatum,0.4
S8,L1,G2,10,70%,,,Clerodendrum infortunatum,0.5
S8,L1,G2,10,70%,,,Clerodendrum infortunatum,0.5
S8,L1,G2,11,65%,,,Clerodendrum infortunatum,0.5
S8,L1,G2,11,65%,,,Clerodendrum infortunatum,0.4
S8,L1,G2,11,65%,,,Clerodendrum infortunatum,0.5
S8,L1,G2,11,65%,,,Clerodendrum infortunatum,1.5
S8,L1,G2,11,65%,,,Clerodendrum infortunatum,0.4
S8,L1,G2,11,65%,,,Clerodendrum infortunatum,1.2
S8,L1,G2,11,65%,,,Clerodendrum infortunatum,0.5
S8,L1,G2,11,65%,,,Clerodendrum infortunatum,0.5
S8,L1,G2,11,65%,,,Clerodendrum infortunatum,1.2
S8,L1,G2,11,65%,,,Clerodendrum infortunatum,0.4
S8,L1,G2,11,65%,,,Clerodendrum infortunatum,0.5
S8,L1,G2,11,65%,,,Clerodendrum infortunatum,1.2
S8,L1,G2,11,65%,,,Clerodendrum infortunatum,0.5
S8,L1,G2,11,65%,,,Clerodendrum infortunatum,2
S8,L1,G2,11,65%,,,Clerodendrum infortunatum,1.2
S8,L1,G2,11,65%,,,Clerodendrum infortunatum,2
S8,L1,G2,11,65%,,,Clerodendrum infortunatum,0.5
S8,L1,G2,11,65%,,,Clerodendrum infortunatum,2
S8,L1,G2,11,65%,,,Clerodendrum infortunatum,1
S8,L1,G2,11,65%,,,Clerodendrum infortunatum,0.4
S8,L1,G2,12,80%,,,Clerodendrum infortunatum,1.2
S8,L1,G2,12,80%,,,Clerodendrum infortunatum,1.2
S8,L1,G2,12,80%,,,Clerodendrum infortunatum,1.2
S8,L1,G2,12,80%,,,Clerodendrum infortunatum,1.2
S8,L1,G2,12,80%,,,Clerodendrum infortunatum,3
S8,L1,G2,12,80%,,,Clerodendrum infortunatum,1.2
S8,L1,G2,12,80%,,,Clerodendrum infortunatum,0.4
S8,L1,G2,12,80%,,,Clerodendrum infortunatum,2
S8,L1,G2,12,80%,,,Clerodendrum infortunatum,2
S8,L1,G2,12,80%,,,Clerodendrum infortunatum,2
S8,L1,G2,12,80%,,,Clerodendrum infortunatum,2
S8,L1,G2,12,80%,,,Clerodendrum infortunatum,1.2
S8,L1,G2,12,80%,,,Clerodendrum infortunatum,3
S8,L1,G2,12,80%,,,Clerodendrum infortunatum,1.2
S8,L1,G2,12,80%,,,Clerodendrum infortunatum,1.3
S8,L1,G2,12,80%,,,Clerodendrum infortunatum,1.2
S8,L1,G2,12,80%,,,Clerodendrum infortunatum,1.3
S8,L1,G2,12,80%,,,Clerodendrum infortunatum,0.9
S8,L1,G2,12,80%,,,Clerodendrum infortunatum,1.2
S8,L1,G2,12,80%,,,Clerodendrum infortunatum,1.3
S8,L1,G2,12,80%,,,Clerodendrum infortunatum,2.9
S8,L1,G2,12,80%,,,Clerodendrum infortunatum,2.5
S8,L1,G2,12,80%,,,Clerodendrum infortunatum,1.2
S8,L1,G2,12,80%,,,Clerodendrum infortunatum,3
S8,L1,G2,12,80%,,,Clerodendrum infortunatum,1.2
S8,L1,G2,13,85%,,,Clerodendrum infortunatum,1.2
S8,L1,G2,13,85%,,,Clerodendrum infortunatum,1.2
S8,L1,G2,13,85%,,,Clerodendrum infortunatum,1.2
S8,L1,G2,13,85%,,,Clerodendrum infortunatum,1.2
S8,L1,G2,13,85%,,,Clerodendrum infortunatum,0.9
S8,L1,G2,13,85%,,,Clerodendrum infortunatum,2.1
S8,L1,G2,13,85%,,,Clerodendrum infortunatum,2.1
S8,L1,G2,13,85%,,,Clerodendrum infortunatum,2.2
S8,L1,G2,13,85%,,,Clerodendrum infortunatum,2.1
S8,L1,G2,13,85%,,,Clerodendrum infortunatum,1.2
S8,L1,G2,13,85%,,,Clerodendrum infortunatum,3
S8,L1,G2,13,85%,,,Clerodendrum infortunatum,2
S8,L1,G2,13,85%,,,Clerodendrum infortunatum,2.2
S8,L1,G2,13,85%,,,Clerodendrum infortunatum,4
S8,L1,G2,13,85%,,,Clerodendrum infortunatum,1.2
S8,L1,G2,13,85%,,,Clerodendrum infortunatum,1.2
S8,L1,G2,13,85%,,,Clerodendrum infortunatum,0.5
S8,L1,G2,13,85%,,,Clerodendrum infortunatum,1.4
S8,L1,G2,13,85%,,,Clerodendrum infortunatum,0.5
S8,L1,G2,13,85%,,,Clerodendrum infortunatum,0.5
S8,L1,G2,13,85%,,,Clerodendrum infortunatum,1.2
S8,L1,G2,13,85%,,,Clerodendrum infortunatum,1.5
S8,L1,G2,14,70%,,,Clerodendrum infortunatum,1.5
S8,L1,G2,14,70%,,,Clerodendrum infortunatum,1.5
S8,L1,G2,14,70%,,,Clerodendrum infortunatum,1.5
S8,L1,G2,14,70%,,,Clerodendrum infortunatum,1.2
S8,L1,G2,14,70%,,,Clerodendrum infortunatum,1.5
S8,L1,G2,14,70%,,,Clerodendrum infortunatum,1.5
S8,L1,G2,14,70%,,,Clerodendrum infortunatum,1.5
S8,L1,G2,15,60%,,,Clerodendrum infortunatum,1.2
S8,L1,G2,15,60%,,,Clerodendrum infortunatum,1.2
S8,L1,G2,15,60%,,,Clerodendrum infortunatum,1.2
S8,L1,G2,15,60%,,,Clerodendrum infortunatum,0.9
S8,L1,G2,15,60%,,,Clerodendrum infortunatum,0.9
S8,L1,G2,15,60%,,,Clerodendrum infortunatum,1.2
S8,L1,G2,15,60%,,,Clerodendrum infortunatum,1.2
S8,L1,G2,16,75%,,,Clerodendrum infortunatum,0.5
S2,L1,G2,16,80%,,,Colebrookea oppositifolia,2.5
S8,L1,G2,13,85%,,,Colebrookea oppositifolia,9
S13,L1,G2,2,45%,,1 plot,Cryptocarya sp.,2
S13,L1,G2,8,55%,,,Cryptocarya sp.,4
S13,L1,G2,8,55%,,,Cryptocarya sp.,3.5
S13,L1,G2,10,30%,,,Cryptocarya sp.,6
S13,L1,G2,12,60%,,,Cryptocarya sp.,1.2
S13,L1,G2,12,60%,,,Cryptocarya sp.,5
S13,L1,G2,13,50%,,,Cryptocarya sp.,0.4
S13,L1,G2,14,40%,,,Cryptocarya sp.,0.4
S13,L1,G2,14,40%,,,Cryptocarya sp.,0.4
S13,L1,G2,14,40%,,,Cryptocarya sp.,0.4
S13,L1,G2,16,50%,,,Cryptocarya sp.,3
S19,L1,G2,2,75%,1 Net,2 Plots,Cryptocarya sp.,19
S19,L1,G2,2,75%,1 Net,2 Plots,Cryptocarya sp.,5
S19,L1,G2,3,75%,1 Net,,Cryptocarya sp.,55
S19,L1,G2,6,70%,,,Cryptocarya sp.,0.5
S19,L1,G2,9,70%,,,Cryptocarya sp.,7
S19,L1,G2,9,70%,,,Cryptocarya sp.,1.3
S19,L1,G2,9,70%,,,Cryptocarya sp.,25
S19,L1,G2,12,60%,,,Cryptocarya sp.,1.5
S19,L1,G2,13,70%,,,Cryptocarya sp.,9
S19,L1,G2,15,75%,,,Cryptocarya sp.,46
S18,L1,G2,1,55%,,,Cryptocarya sp.,1.3
S18,L1,G2,1,55%,,,Cryptocarya sp.,1.9
S18,L1,G2,3,40%,,,Cryptocarya sp.,20
S18,L1,G2,4,70%,,,Cryptocarya sp.,0.4
S18,L1,G2,5,55%,,0.5 Plot,Cryptocarya sp.,24
S18,L1,G2,6,55%,1 Net,4 Plots,Cryptocarya sp.,12
S18,L1,G2,6,55%,1 Net,4 Plots,Cryptocarya sp.,9
S18,L1,G2,6,55%,1 Net,4 Plots,Cryptocarya sp.,22
S18,L1,G2,8,55%,,,Cryptocarya sp.,1.6
S18,L1,G2,8,55%,,,Cryptocarya sp.,0.4
S18,L1,G2,13,57%,,,Cryptocarya sp.,8.6
S18,L1,G2,13,57%,,,Cryptocarya sp.,8.2
S18,L1,G2,13,57%,,,Cryptocarya sp.,5
S18,L1,G2,13,57%,,,Cryptocarya sp.,6
S18,L1,G2,13,57%,,,Cryptocarya sp.,48
S18,L1,G2,13,57%,,,Cryptocarya sp.,6.6
S18,L1,G2,14,60%,,,Cryptocarya sp.,14
S18,L1,G2,14,60%,,,Cryptocarya sp.,7.2
S18,L1,G2,14,60%,,,Cryptocarya sp.,4.2
S18,L1,G2,14,60%,,,Cryptocarya sp.,7.8
S18,L1,G2,15,60%,,,Cryptocarya sp.,0.6
S18,L1,G2,16,65%,,,Cryptocarya sp.,1.6
S12,L2,G3,6,70%,,,Cryptocarya sp.,25
S12,L2,G3,7,70%,,,Cryptocarya sp.,3
S12,L2,G3,11,85%,,,Cryptocarya sp.,1.1
S3,L1,G2,1,60%,,,Cryptocarya sp.,2.5
S3,L1,G2,2,78%,,,Cryptocarya sp.,0.9
S3,L1,G2,2,78%,,,Cryptocarya sp.,2
S3,L1,G2,2,78%,,,Cryptocarya sp.,1.2
S3,L1,G2,2,78%,,,Cryptocarya sp.,1.1
S3,L1,G2,2,78%,,,Cryptocarya sp.,0.5
S3,L1,G2,3,60%,,,Cryptocarya sp.,1.2
S3,L1,G2,3,60%,,,Cryptocarya sp.,0.6
S3,L1,G2,4,75%,,,Cryptocarya sp.,3
S3,L1,G2,7,70%,,,Cryptocarya sp.,4
S3,L1,G2,8,60%,,,Cryptocarya sp.,2
S3,L1,G2,11,75%,,,Cryptocarya sp.,4
S5,L2,G2,9,80%,,,Cryptocarya sp.,3.8
S5,L2,G2,9,80%,,,Cryptocarya sp.,11.2
S5,L2,G2,9,80%,,,Cryptocarya sp.,7
S5,L2,G2,12,78%,,,Cryptocarya sp.,13
S5,L2,G2,13,75%,,,Cryptocarya sp.,10.7
S5,L2,G2,15,67%,,,Cryptocarya sp.,22
S5,L2,G2,15,67%,,,Cryptocarya sp.,30
S5,L2,G2,15,67%,,,Cryptocarya sp.,28
S8,L1,G2,5,65%,,,Cryptocarya sp.,0.4
S8,L1,G2,7,70%,,,Cryptocarya sp.,0.9
S8,L1,G2,10,70%,,,Cryptocarya sp.,2
S8,L1,G2,10,70%,,,Cryptocarya sp.,12
S8,L1,G2,10,70%,,,Cryptocarya sp.,11
S8,L1,G2,16,75%,,,Cryptocarya sp.,5
S12,L2,G3,8,80%,,,Dendrocnide sinuata,3
S12,L2,G3,8,80%,,,Dendrocnide sinuata,2
S12,L2,G3,8,80%,,,Dendrocnide sinuata,3
S12,L2,G3,8,80%,,,Dendrocnide sinuata,2
S12,L2,G3,9,75%,,,Dendrocnide sinuata,0.5
S12,L2,G3,9,75%,,,Dendrocnide sinuata,9
S12,L2,G3,15,80%,,,Dendrocnide sinuata,3
S12,L2,G3,16,78%,,,Dendrocnide sinuata,8
S12,L2,G3,16,78%,,,Dendrocnide sinuata,3
S12,L2,G3,16,78%,,,Dendrocnide sinuata,1.2
S3,L1,G2,2,78%,,,Dendrocnide sinuata,1.3
S3,L1,G2,2,78%,,,Dendrocnide sinuata,1.6
S13,L1,G2,1,60%,,,Dichapetalum gelonioides,1.5
S13,L1,G2,1,60%,,,Dichapetalum gelonioides,5
S13,L1,G2,1,60%,,,Dichapetalum gelonioides,4
S13,L1,G2,1,60%,,,Dichapetalum gelonioides,1.5
S13,L1,G2,1,60%,,,Dichapetalum gelonioides,6
S13,L1,G2,1,60%,,,Dichapetalum gelonioides,3
S13,L1,G2,2,45%,,1 plot,Dichapetalum gelonioides,0.5
S13,L1,G2,2,45%,,1 plot,Dichapetalum gelonioides,1.5
S13,L1,G2,2,45%,,1 plot,Dichapetalum gelonioides,1.5
S13,L1,G2,2,45%,,1 plot,Dichapetalum gelonioides,3
S13,L1,G2,3,30%,1 Net,0.5 plot,Dichapetalum gelonioides,5
S13,L1,G2,3,30%,1 Net,0.5 plot,Dichapetalum gelonioides,1.5
S13,L1,G2,3,30%,1 Net,0.5 plot,Dichapetalum gelonioides,2
S13,L1,G2,4,55%,,0.5 plot,Dichapetalum gelonioides,1.5
S13,L1,G2,4,55%,,0.5 plot,Dichapetalum gelonioides,1
S13,L1,G2,7,40%,,,Dichapetalum gelonioides,1
S13,L1,G2,7,40%,,,Dichapetalum gelonioides,1
S13,L1,G2,7,40%,,,Dichapetalum gelonioides,1
S13,L1,G2,7,40%,,,Dichapetalum gelonioides,1
S13,L1,G2,7,40%,,,Dichapetalum gelonioides,2
S13,L1,G2,7,40%,,,Dichapetalum gelonioides,1
S13,L1,G2,8,55%,,,Dichapetalum gelonioides,3
S13,L1,G2,8,55%,,,Dichapetalum gelonioides,1
S13,L1,G2,9,40%,,,Dichapetalum gelonioides,1.5
S13,L1,G2,9,40%,,,Dichapetalum gelonioides,1.4
S13,L1,G2,9,40%,,,Dichapetalum gelonioides,1
S13,L1,G2,9,40%,,,Dichapetalum gelonioides,2
S13,L1,G2,10,30%,,,Dichapetalum gelonioides,1.5
S13,L1,G2,10,30%,,,Dichapetalum gelonioides,1
S13,L1,G2,12,60%,,,Dichapetalum gelonioides,2
S13,L1,G2,12,60%,,,Dichapetalum gelonioides,4
S13,L1,G2,12,60%,,,Dichapetalum gelonioides,3
S13,L1,G2,12,60%,,,Dichapetalum gelonioides,4
S13,L1,G2,12,60%,,,Dichapetalum gelonioides,1.3
S13,L1,G2,13,50%,,,Dichapetalum gelonioides,0.4
S13,L1,G2,14,40%,,,Dichapetalum gelonioides,1.2
S13,L1,G2,14,40%,,,Dichapetalum gelonioides,1.5
S13,L1,G2,14,40%,,,Dichapetalum gelonioides,4
S13,L1,G2,14,40%,,,Dichapetalum gelonioides,2
S13,L1,G2,15,50%,,,Dichapetalum gelonioides,2
S13,L1,G2,15,50%,,,Dichapetalum gelonioides,3
S13,L1,G2,15,50%,,,Dichapetalum gelonioides,2
S13,L1,G2,15,50%,,,Dichapetalum gelonioides,2
S13,L1,G2,15,50%,,,Dichapetalum gelonioides,2
S13,L1,G2,15,50%,,,Dichapetalum gelonioides,4
S13,L1,G2,16,50%,,,Dichapetalum gelonioides,1.3
S13,L1,G2,16,50%,,,Dichapetalum gelonioides,2
S13,L1,G2,16,50%,,,Dichapetalum gelonioides,1.3
S13,L1,G2,16,50%,,,Dichapetalum gelonioides,1.3
S13,L1,G2,16,50%,,,Dichapetalum gelonioides,1.4
S19,L1,G2,1,70%,,,Dichapetalum gelonioides,1.2
S19,L1,G2,1,70%,,,Dichapetalum gelonioides,1.2
S19,L1,G2,1,70%,,,Dichapetalum gelonioides,1
S19,L1,G2,2,75%,1 Net,2 Plots,Dichapetalum gelonioides,0.6
S19,L1,G2,2,75%,1 Net,2 Plots,Dichapetalum gelonioides,3
S19,L1,G2,2,75%,1 Net,2 Plots,Dichapetalum gelonioides,4
S19,L1,G2,3,75%,1 Net,,Dichapetalum gelonioides,2
S19,L1,G2,3,75%,1 Net,,Dichapetalum gelonioides,0.4
S19,L1,G2,4,70%,,,Dichapetalum gelonioides,2
S19,L1,G2,4,70%,,,Dichapetalum gelonioides,2
S19,L1,G2,6,70%,,,Dichapetalum gelonioides,0.6
S19,L1,G2,9,70%,,,Dichapetalum gelonioides,1.4
S19,L1,G2,10,65%,,1 Plot,Dichapetalum gelonioides,0.7
S19,L1,G2,13,70%,,,Dichapetalum gelonioides,2
S19,L1,G2,14,69%,1 Net,,Dichapetalum gelonioides,0.7
S19,L1,G2,14,69%,1 Net,,Dichapetalum gelonioides,1.2
S19,L1,G2,14,69%,1 Net,,Dichapetalum gelonioides,2
S19,L1,G2,14,69%,1 Net,,Dichapetalum gelonioides,2
S19,L1,G2,14,69%,1 Net,,Dichapetalum gelonioides,1.5
S19,L1,G2,14,69%,1 Net,,Dichapetalum gelonioides,1.2
S19,L1,G2,14,69%,1 Net,,Dichapetalum gelonioides,0.6
S19,L1,G2,14,69%,1 Net,,Dichapetalum gelonioides,1
S19,L1,G2,15,75%,,,Dichapetalum gelonioides,1.3
S19,L1,G2,15,75%,,,Dichapetalum gelonioides,1.5
S19,L1,G2,15,75%,,,Dichapetalum gelonioides,1.2
S19,L1,G2,15,75%,,,Dichapetalum gelonioides,1.1
S18,L1,G2,1,55%,,,Dichapetalum gelonioides,2
S18,L1,G2,6,55%,1 Net,4 Plots,Dichapetalum gelonioides,1.1
S18,L1,G2,9,60%,,,Dichapetalum gelonioides,0.4
S18,L1,G2,10,65%,,,Dichapetalum gelonioides,0.5
S18,L1,G2,10,65%,,,Dichapetalum gelonioides,1.2
S18,L1,G2,10,65%,,,Dichapetalum gelonioides,0.4
S18,L1,G2,11,55%,1 Net,,Dichapetalum gelonioides,0.4
S18,L1,G2,11,55%,1 Net,,Dichapetalum gelonioides,0.5
S18,L1,G2,12,55%,,,Dichapetalum gelonioides,1
S18,L1,G2,12,55%,,,Dichapetalum gelonioides,1.2
S18,L1,G2,13,57%,,,Dichapetalum gelonioides,1.1
S18,L1,G2,13,57%,,,Dichapetalum gelonioides,0.4
S18,L1,G2,16,65%,,,Dichapetalum gelonioides,0.6
S12,L2,G3,1,75%,1 Net,,Dichapetalum gelonioides,1.1
S12,L2,G3,1,75%,1 Net,,Dichapetalum gelonioides,2
S12,L2,G3,1,75%,1 Net,,Dichapetalum gelonioides,3
S12,L2,G3,1,75%,1 Net,,Dichapetalum gelonioides,4
S12,L2,G3,1,75%,1 Net,,Dichapetalum gelonioides,4
S12,L2,G3,1,75%,1 Net,,Dichapetalum gelonioides,0.4
S12,L2,G3,2,75%,,,Dichapetalum gelonioides,1.2
S12,L2,G3,2,75%,,,Dichapetalum gelonioides,0.7
S12,L2,G3,2,75%,,,Dichapetalum gelonioides,1
S12,L2,G3,4,75%,,,Dichapetalum gelonioides,1.2
S12,L2,G3,5,77%,,,Dichapetalum gelonioides,3
S12,L2,G3,5,77%,,,Dichapetalum gelonioides,1.2
S12,L2,G3,5,77%,,,Dichapetalum gelonioides,5
S12,L2,G3,6,70%,,,Dichapetalum gelonioides,1.1
S12,L2,G3,9,75%,,,Dichapetalum gelonioides,2
S12,L2,G3,9,75%,,,Dichapetalum gelonioides,0.9
S12,L2,G3,9,75%,,,Dichapetalum gelonioides,1.2
S12,L2,G3,11,85%,,,Dichapetalum gelonioides,2
S12,L2,G3,11,85%,,,Dichapetalum gelonioides,2.5
S12,L2,G3,11,85%,,,Dichapetalum gelonioides,0.7
S12,L2,G3,11,85%,,,Dichapetalum gelonioides,3
S12,L2,G3,12,78%,1 Net,,Dichapetalum gelonioides,4
S12,L2,G3,13,70%,,,Dichapetalum gelonioides,1
S12,L2,G3,13,70%,,,Dichapetalum gelonioides,3
S12,L2,G3,16,78%,,,Dichapetalum gelonioides,0.5
S3,L1,G2,1,60%,,,Dichapetalum gelonioides,0.9
S3,L1,G2,1,60%,,,Dichapetalum gelonioides,0.9
S3,L1,G2,1,60%,,,Dichapetalum gelonioides,6
S3,L1,G2,1,60%,,,Dichapetalum gelonioides,1.2
S3,L1,G2,1,60%,,,Dichapetalum gelonioides,1.2
S3,L1,G2,1,60%,,,Dichapetalum gelonioides,1.2
S3,L1,G2,1,60%,,,Dichapetalum gelonioides,1.2
S3,L1,G2,1,60%,,,Dichapetalum gelonioides,6
S3,L1,G2,1,60%,,,Dichapetalum gelonioides,0.4
S3,L1,G2,1,60%,,,Dichapetalum gelonioides,0.5
S3,L1,G2,1,60%,,,Dichapetalum gelonioides,3.5
S3,L1,G2,1,60%,,,Dichapetalum gelonioides,0.4
S3,L1,G2,2,78%,,,Dichapetalum gelonioides,3.5
S3,L1,G2,2,78%,,,Dichapetalum gelonioides,1.2
S3,L1,G2,2,78%,,,Dichapetalum gelonioides,1.1
S3,L1,G2,2,78%,,,Dichapetalum gelonioides,1.1
S3,L1,G2,2,78%,,,Dichapetalum gelonioides,3
S3,L1,G2,2,78%,,,Dichapetalum gelonioides,5
S3,L1,G2,2,78%,,,Dichapetalum gelonioides,2.5
S3,L1,G2,2,78%,,,Dichapetalum gelonioides,1.3
S3,L1,G2,3,60%,,,Dichapetalum gelonioides,1.5
S3,L1,G2,3,60%,,,Dichapetalum gelonioides,1.6
S3,L1,G2,3,60%,,,Dichapetalum gelonioides,1.1
S3,L1,G2,3,60%,,,Dichapetalum gelonioides,1.2
S3,L1,G2,3,60%,,,Dichapetalum gelonioides,2.3
S3,L1,G2,3,60%,,,Dichapetalum gelonioides,2.3
S3,L1,G2,3,60%,,,Dichapetalum gelonioides,0.7
S3,L1,G2,3,60%,,,Dichapetalum gelonioides,2
S3,L1,G2,3,60%,,,Dichapetalum gelonioides,1.1
S3,L1,G2,3,60%,,,Dichapetalum gelonioides,1.1
S3,L1,G2,3,60%,,,Dichapetalum gelonioides,3
S3,L1,G2,3,60%,,,Dichapetalum gelonioides,1.2
S3,L1,G2,3,60%,,,Dichapetalum gelonioides,2
S3,L1,G2,3,60%,,,Dichapetalum gelonioides,1.2
S3,L1,G2,3,60%,,,Dichapetalum gelonioides,1.2
S3,L1,G2,3,60%,,,Dichapetalum gelonioides,0.9
S3,L1,G2,4,75%,,,Dichapetalum gelonioides,1.2
S3,L1,G2,4,75%,,,Dichapetalum gelonioides,2
S3,L1,G2,4,75%,,,Dichapetalum gelonioides,2
S3,L1,G2,5,65%,,,Dichapetalum gelonioides,0.9
S3,L1,G2,5,65%,,,Dichapetalum gelonioides,1.2
S3,L1,G2,5,65%,,,Dichapetalum gelonioides,1.2
S3,L1,G2,5,65%,,,Dichapetalum gelonioides,2
S3,L1,G2,5,65%,,,Dichapetalum gelonioides,3
S3,L1,G2,5,65%,,,Dichapetalum gelonioides,0.5
S3,L1,G2,5,65%,,,Dichapetalum gelonioides,1.9
S3,L1,G2,6,76%,,,Dichapetalum gelonioides,1.2
S3,L1,G2,6,76%,,,Dichapetalum gelonioides,2
S3,L1,G2,6,76%,,,Dichapetalum gelonioides,3.5
S3,L1,G2,6,76%,,,Dichapetalum gelonioides,1.5
S3,L1,G2,6,76%,,,Dichapetalum gelonioides,0.9
S3,L1,G2,7,70%,,,Dichapetalum gelonioides,1.5
S3,L1,G2,9,75%,,,Dichapetalum gelonioides,1.5
S3,L1,G2,10,70%,,,Dichapetalum gelonioides,0.7
S3,L1,G2,10,70%,,,Dichapetalum gelonioides,1.5
S3,L1,G2,10,70%,,,Dichapetalum gelonioides,0.5
S3,L1,G2,10,70%,,,Dichapetalum gelonioides,1.7
S3,L1,G2,10,70%,,,Dichapetalum gelonioides,1.5
S3,L1,G2,11,75%,,,Dichapetalum gelonioides,7
S3,L1,G2,11,75%,,,Dichapetalum gelonioides,6
S3,L1,G2,11,75%,,,Dichapetalum gelonioides,4.5
S3,L1,G2,12,75%,,,Dichapetalum gelonioides,4
S3,L1,G2,14,80%,,,Dichapetalum gelonioides,2.5
S3,L1,G2,14,80%,,,Dichapetalum gelonioides,0.9
S3,L1,G2,14,80%,,,Dichapetalum gelonioides,1.5
S3,L1,G2,14,80%,,,Dichapetalum gelonioides,1.5
S3,L1,G2,14,80%,,,Dichapetalum gelonioides,1.5
S3,L1,G2,14,80%,,,Dichapetalum gelonioides,1.5
S3,L1,G2,15,70%,,,Dichapetalum gelonioides,4
S3,L1,G2,15,70%,,,Dichapetalum gelonioides,0.5
S3,L1,G2,16,80%,,,Dichapetalum gelonioides,1.2
S5,L2,G2,1,60%,,,Dichapetalum gelonioides,0.4
S5,L2,G2,1,60%,,,Dichapetalum gelonioides,0.6
S5,L2,G2,1,60%,,,Dichapetalum gelonioides,0.6
S5,L2,G2,1,60%,,,Dichapetalum gelonioides,2
S5,L2,G2,1,60%,,,Dichapetalum gelonioides,0.4
S5,L2,G2,2,75%,,,Dichapetalum gelonioides,1
S5,L2,G2,3,68%,,,Dichapetalum gelonioides,1.5
S5,L2,G2,3,68%,,,Dichapetalum gelonioides,1.7
S5,L2,G2,4,80%,,,Dichapetalum gelonioides,2.5
S5,L2,G2,4,80%,,,Dichapetalum gelonioides,3.5
S5,L2,G2,4,80%,,,Dichapetalum gelonioides,1.3
S5,L2,G2,7,80%,,,Dichapetalum gelonioides,3
S5,L2,G2,7,80%,,,Dichapetalum gelonioides,3
S5,L2,G2,12,78%,,,Dichapetalum gelonioides,7
S5,L2,G2,12,78%,,,Dichapetalum gelonioides,10
S5,L2,G2,12,78%,,,Dichapetalum gelonioides,11.3
S5,L2,G2,16,75%,,,Dichapetalum gelonioides,1.2
S8,L1,G2,1,70%,,,Dichapetalum gelonioides,2
S8,L1,G2,2,65%,,,Dichapetalum gelonioides,0.5
S8,L1,G2,2,65%,,,Dichapetalum gelonioides,0.5
S8,L1,G2,3,60%,,,Dichapetalum gelonioides,0.5
S8,L1,G2,4,60%,,,Dichapetalum gelonioides,1.2
S8,L1,G2,4,60%,,,Dichapetalum gelonioides,1.9
S8,L1,G2,4,60%,,,Dichapetalum gelonioides,2
S8,L1,G2,5,65%,,,Dichapetalum gelonioides,1.2
S8,L1,G2,5,65%,,,Dichapetalum gelonioides,4
S8,L1,G2,5,65%,,,Dichapetalum gelonioides,1
S8,L1,G2,7,70%,,,Dichapetalum gelonioides,0.9
S8,L1,G2,7,70%,,,Dichapetalum gelonioides,1.2
S8,L1,G2,9,60%,,,Dichapetalum gelonioides,0.4
S8,L1,G2,9,60%,,,Dichapetalum gelonioides,1.6
S8,L1,G2,10,70%,,,Dichapetalum gelonioides,1.2
S8,L1,G2,13,85%,,,Dichapetalum gelonioides,1.2
S8,L1,G2,13,85%,,,Dichapetalum gelonioides,1.2
S8,L1,G2,14,70%,,,Dichapetalum gelonioides,0.5
S8,L1,G2,15,60%,,,Dichapetalum gelonioides,1.2
S8,L1,G2,16,75%,,,Dichapetalum gelonioides,3.5
S13,L1,G2,1,60%,,,Dimocarpus longan,30
S13,L1,G2,1,60%,,,Dimocarpus longan,30
S13,L1,G2,1,60%,,,Dimocarpus longan,1
S13,L1,G2,1,60%,,,Dimocarpus longan,21
S13,L1,G2,2,45%,,1 plot,Dimocarpus longan,18
S13,L1,G2,2,45%,,1 plot,Dimocarpus longan,0.5
S13,L1,G2,2,45%,,1 plot,Dimocarpus longan,17
S13,L1,G2,2,45%,,1 plot,Dimocarpus longan,13
S13,L1,G2,2,45%,,1 plot,Dimocarpus longan,4
S13,L1,G2,3,30%,1 Net,0.5 plot,Dimocarpus longan,46
S13,L1,G2,5,70%,1 Net,1 plot,Dimocarpus longan,47
S13,L1,G2,5,70%,1 Net,1 plot,Dimocarpus longan,0.5
S13,L1,G2,5,70%,1 Net,1 plot,Dimocarpus longan,0.4
S13,L1,G2,5,70%,1 Net,1 plot,Dimocarpus longan,24
S13,L1,G2,5,70%,1 Net,1 plot,Dimocarpus longan,19
S13,L1,G2,6,70%,1 Net,,Dimocarpus longan,5
S13,L1,G2,6,70%,1 Net,,Dimocarpus longan,4
S13,L1,G2,6,70%,1 Net,,Dimocarpus longan,4
S13,L1,G2,6,70%,1 Net,,Dimocarpus longan,29
S13,L1,G2,8,55%,,,Dimocarpus longan,32
S13,L1,G2,8,55%,,,Dimocarpus longan,16
S13,L1,G2,8,55%,,,Dimocarpus longan,1.5
S13,L1,G2,8,55%,,,Dimocarpus longan,0.4
S13,L1,G2,8,55%,,,Dimocarpus longan,27
S13,L1,G2,8,55%,,,Dimocarpus longan,19
S13,L1,G2,8,55%,,,Dimocarpus longan,5
S13,L1,G2,8,55%,,,Dimocarpus longan,9
S13,L1,G2,8,55%,,,Dimocarpus longan,1
S13,L1,G2,8,55%,,,Dimocarpus longan,25
S13,L1,G2,8,55%,,,Dimocarpus longan,0.9
S13,L1,G2,9,40%,,,Dimocarpus longan,0.3
S13,L1,G2,9,40%,,,Dimocarpus longan,0.4
S13,L1,G2,10,30%,,,Dimocarpus longan,11
S13,L1,G2,10,30%,,,Dimocarpus longan,2
S13,L1,G2,10,30%,,,Dimocarpus longan,1.2
S13,L1,G2,10,30%,,,Dimocarpus longan,1
S13,L1,G2,10,30%,,,Dimocarpus longan,1.5
S13,L1,G2,10,30%,,,Dimocarpus longan,4
S13,L1,G2,10,30%,,,Dimocarpus longan,3
S13,L1,G2,10,30%,,,Dimocarpus longan,1
S13,L1,G2,10,30%,,,Dimocarpus longan,1.5
S13,L1,G2,11,50%,,,Dimocarpus longan,1.2
S13,L1,G2,11,50%,,,Dimocarpus longan,9
S13,L1,G2,11,50%,,,Dimocarpus longan,23
S13,L1,G2,11,50%,,,Dimocarpus longan,15
S13,L1,G2,11,50%,,,Dimocarpus longan,16
S13,L1,G2,11,50%,,,Dimocarpus longan,12
S13,L1,G2,11,50%,,,Dimocarpus longan,0.6
S13,L1,G2,11,50%,,,Dimocarpus longan,1.2
S13,L1,G2,11,50%,,,Dimocarpus longan,1.2
S13,L1,G2,11,50%,,,Dimocarpus longan,1.2
S13,L1,G2,12,60%,,,Dimocarpus longan,3
S13,L1,G2,12,60%,,,Dimocarpus longan,1.2
S13,L1,G2,12,60%,,,Dimocarpus longan,1.2
S13,L1,G2,12,60%,,,Dimocarpus longan,1.2
S13,L1,G2,12,60%,,,Dimocarpus longan,1.2
S13,L1,G2,12,60%,,,Dimocarpus longan,5
S13,L1,G2,13,50%,,,Dimocarpus longan,10
S13,L1,G2,13,50%,,,Dimocarpus longan,3
S13,L1,G2,13,50%,,,Dimocarpus longan,6
S13,L1,G2,13,50%,,,Dimocarpus longan,5
S13,L1,G2,14,40%,,,Dimocarpus longan,0.4
S13,L1,G2,14,40%,,,Dimocarpus longan,3
S13,L1,G2,14,40%,,,Dimocarpus longan,0.5
S13,L1,G2,14,40%,,,Dimocarpus longan,0.4
S13,L1,G2,14,40%,,,Dimocarpus longan,0.4
S13,L1,G2,14,40%,,,Dimocarpus longan,5
S13,L1,G2,14,40%,,,Dimocarpus longan,2
S13,L1,G2,15,50%,,,Dimocarpus longan,5
S13,L1,G2,15,50%,,,Dimocarpus longan,3
S13,L1,G2,15,50%,,,Dimocarpus longan,9
S13,L1,G2,15,50%,,,Dimocarpus longan,6
S13,L1,G2,15,50%,,,Dimocarpus longan,1.2
S13,L1,G2,16,50%,,,Dimocarpus longan,10
S13,L1,G2,16,50%,,,Dimocarpus longan,9
S13,L1,G2,16,50%,,,Dimocarpus longan,5
S13,L1,G2,16,50%,,,Dimocarpus longan,2
S13,L1,G2,16,50%,,,Dimocarpus longan,0.9
S13,L1,G2,16,50%,,,Dimocarpus longan,0.3
S13,L1,G2,16,50%,,,Dimocarpus longan,0.5
S13,L1,G2,16,50%,,,Dimocarpus longan,35
S13,L1,G2,16,50%,,,Dimocarpus longan,2
S19,L1,G2,1,70%,,,Dimocarpus longan,25
S19,L1,G2,1,70%,,,Dimocarpus longan,5.5
S19,L1,G2,1,70%,,,Dimocarpus longan,1.2
S19,L1,G2,2,75%,1 Net,2 Plots,Dimocarpus longan,3
S19,L1,G2,2,75%,1 Net,2 Plots,Dimocarpus longan,17
S19,L1,G2,2,75%,1 Net,2 Plots,Dimocarpus longan,22
S19,L1,G2,2,75%,1 Net,2 Plots,Dimocarpus longan,0.4
S19,L1,G2,2,75%,1 Net,2 Plots,Dimocarpus longan,0.4
S19,L1,G2,2,75%,1 Net,2 Plots,Dimocarpus longan,7
S19,L1,G2,2,75%,1 Net,2 Plots,Dimocarpus longan,8
S19,L1,G2,2,75%,1 Net,2 Plots,Dimocarpus longan,1.3
S19,L1,G2,2,75%,1 Net,2 Plots,Dimocarpus longan,65
S19,L1,G2,2,75%,1 Net,2 Plots,Dimocarpus longan,20
S19,L1,G2,2,75%,1 Net,2 Plots,Dimocarpus longan,7
S19,L1,G2,2,75%,1 Net,2 Plots,Dimocarpus longan,8
S19,L1,G2,2,75%,1 Net,2 Plots,Dimocarpus longan,1.6
S19,L1,G2,2,75%,1 Net,2 Plots,Dimocarpus longan,6
S19,L1,G2,2,75%,1 Net,2 Plots,Dimocarpus longan,1
S19,L1,G2,2,75%,1 Net,2 Plots,Dimocarpus longan,35
S19,L1,G2,2,75%,1 Net,2 Plots,Dimocarpus longan,8
S19,L1,G2,2,75%,1 Net,2 Plots,Dimocarpus longan,1.3
S19,L1,G2,2,75%,1 Net,2 Plots,Dimocarpus longan,7
S19,L1,G2,3,75%,1 Net,,Dimocarpus longan,19
S19,L1,G2,3,75%,1 Net,,Dimocarpus longan,20
S19,L1,G2,3,75%,1 Net,,Dimocarpus longan,1.5
S19,L1,G2,3,75%,1 Net,,Dimocarpus longan,16
S19,L1,G2,3,75%,1 Net,,Dimocarpus longan,8
S19,L1,G2,3,75%,1 Net,,Dimocarpus longan,3
S19,L1,G2,3,75%,1 Net,,Dimocarpus longan,16
S19,L1,G2,3,75%,1 Net,,Dimocarpus longan,2
S19,L1,G2,3,75%,1 Net,,Dimocarpus longan,25
S19,L1,G2,3,75%,1 Net,,Dimocarpus longan,10
S19,L1,G2,3,75%,1 Net,,Dimocarpus longan,1.2
S19,L1,G2,3,75%,1 Net,,Dimocarpus longan,2
S19,L1,G2,4,70%,,,Dimocarpus longan,3.2
S19,L1,G2,4,70%,,,Dimocarpus longan,0.6
S19,L1,G2,4,70%,,,Dimocarpus longan,1.2
S19,L1,G2,4,70%,,,Dimocarpus longan,19
S19,L1,G2,4,70%,,,Dimocarpus longan,19
S19,L1,G2,4,70%,,,Dimocarpus longan,19
S19,L1,G2,4,70%,,,Dimocarpus longan,0.5
S19,L1,G2,4,70%,,,Dimocarpus longan,0.5
S19,L1,G2,4,70%,,,Dimocarpus longan,0.5
S19,L1,G2,4,70%,,,Dimocarpus longan,0.5
S19,L1,G2,4,70%,,,Dimocarpus longan,1.2
S19,L1,G2,4,70%,,,Dimocarpus longan,12
S19,L1,G2,5,65%,,,Dimocarpus longan,22
S19,L1,G2,5,65%,,,Dimocarpus longan,1.5
S19,L1,G2,5,65%,,,Dimocarpus longan,1.2
S19,L1,G2,5,65%,,,Dimocarpus longan,1.2
S19,L1,G2,5,65%,,,Dimocarpus longan,1.3
S19,L1,G2,6,70%,,,Dimocarpus longan,1.6
S19,L1,G2,6,70%,,,Dimocarpus longan,11
S19,L1,G2,6,70%,,,Dimocarpus longan,20
S19,L1,G2,6,70%,,,Dimocarpus longan,35
S19,L1,G2,6,70%,,,Dimocarpus longan,16
S19,L1,G2,7,60%,,I Plot,Dimocarpus longan,7
S19,L1,G2,7,60%,,I Plot,Dimocarpus longan,6
S19,L1,G2,8,50%,,,Dimocarpus longan,15
S19,L1,G2,8,50%,,,Dimocarpus longan,10
S19,L1,G2,10,65%,,1 Plot,Dimocarpus longan,4
S19,L1,G2,10,65%,,1 Plot,Dimocarpus longan,0.4
S19,L1,G2,11,60%,,1 Plot,Dimocarpus longan,30
S19,L1,G2,11,60%,,1 Plot,Dimocarpus longan,2
S19,L1,G2,11,60%,,1 Plot,Dimocarpus longan,1.3
S19,L1,G2,11,60%,,1 Plot,Dimocarpus longan,1.3
S19,L1,G2,12,60%,,,Dimocarpus longan,1.5
S19,L1,G2,12,60%,,,Dimocarpus longan,1.5
S19,L1,G2,12,60%,,,Dimocarpus longan,0.4
S19,L1,G2,12,60%,,,Dimocarpus longan,0.4
S19,L1,G2,13,70%,,,Dimocarpus longan,5
S19,L1,G2,13,70%,,,Dimocarpus longan,2
S19,L1,G2,13,70%,,,Dimocarpus longan,3
S19,L1,G2,13,70%,,,Dimocarpus longan,2
S19,L1,G2,13,70%,,,Dimocarpus longan,9.8
S19,L1,G2,13,70%,,,Dimocarpus longan,27
S19,L1,G2,15,75%,,,Dimocarpus longan,8
S19,L1,G2,15,75%,,,Dimocarpus longan,16
S19,L1,G2,16,70%,,,Dimocarpus longan,0.9
S18,L1,G2,1,55%,,,Dimocarpus longan,2
S18,L1,G2,1,55%,,,Dimocarpus longan,25
S18,L1,G2,1,55%,,,Dimocarpus longan,4
S18,L1,G2,1,55%,,,Dimocarpus longan,1
S18,L1,G2,1,55%,,,Dimocarpus longan,0.9
S18,L1,G2,1,55%,,,Dimocarpus longan,0.9
S18,L1,G2,1,55%,,,Dimocarpus longan,3.2
S18,L1,G2,1,55%,,,Dimocarpus longan,1.3
S18,L1,G2,2,55%,,,Dimocarpus longan,1.3
S18,L1,G2,2,55%,,,Dimocarpus longan,0.4
S18,L1,G2,2,55%,,,Dimocarpus longan,1.2
S18,L1,G2,3,40%,,,Dimocarpus longan,0.6
S18,L1,G2,4,70%,,,Dimocarpus longan,13
S18,L1,G2,4,70%,,,Dimocarpus longan,0.3
S18,L1,G2,5,55%,,0.5 Plot,Dimocarpus longan,1.9
S18,L1,G2,5,55%,,0.5 Plot,Dimocarpus longan,6
S18,L1,G2,5,55%,,0.5 Plot,Dimocarpus longan,4
S18,L1,G2,5,55%,,0.5 Plot,Dimocarpus longan,1.9
S18,L1,G2,5,55%,,0.5 Plot,Dimocarpus longan,5.6
S18,L1,G2,5,55%,,0.5 Plot,Dimocarpus longan,7
S18,L1,G2,5,55%,,0.5 Plot,Dimocarpus longan,1.5
S18,L1,G2,6,55%,1 Net,4 Plots,Dimocarpus longan,1.2
S18,L1,G2,6,55%,1 Net,4 Plots,Dimocarpus longan,1.2
S18,L1,G2,6,55%,1 Net,4 Plots,Dimocarpus longan,0.9
S18,L1,G2,7,60%,,,Dimocarpus longan,0.5
S18,L1,G2,7,60%,,,Dimocarpus longan,1.1
S18,L1,G2,7,60%,,,Dimocarpus longan,0.3
S18,L1,G2,7,60%,,,Dimocarpus longan,1.2
S18,L1,G2,7,60%,,,Dimocarpus longan,0.4
S18,L1,G2,7,60%,,,Dimocarpus longan,1.5
S18,L1,G2,8,55%,,,Dimocarpus longan,37
S18,L1,G2,8,55%,,,Dimocarpus longan,12
S18,L1,G2,9,60%,,,Dimocarpus longan,0.3
S18,L1,G2,9,60%,,,Dimocarpus longan,0.3
S18,L1,G2,9,60%,,,Dimocarpus longan,0.7
S18,L1,G2,9,60%,,,Dimocarpus longan,1.1
S18,L1,G2,9,60%,,,Dimocarpus longan,1.6
S18,L1,G2,9,60%,,,Dimocarpus longan,1
S18,L1,G2,9,60%,,,Dimocarpus longan,2.2
S18,L1,G2,10,65%,,,Dimocarpus longan,0.6
S18,L1,G2,10,65%,,,Dimocarpus longan,0.7
S18,L1,G2,10,65%,,,Dimocarpus longan,0.7
S18,L1,G2,10,65%,,,Dimocarpus longan,0.5
S18,L1,G2,10,65%,,,Dimocarpus longan,0.7
S18,L1,G2,10,65%,,,Dimocarpus longan,2
S18,L1,G2,10,65%,,,Dimocarpus longan,0.9
S18,L1,G2,10,65%,,,Dimocarpus longan,1.1
S18,L1,G2,10,65%,,,Dimocarpus longan,0.5
S18,L1,G2,11,55%,1 Net,,Dimocarpus longan,9
S18,L1,G2,11,55%,1 Net,,Dimocarpus longan,0.9
S18,L1,G2,11,55%,1 Net,,Dimocarpus longan,0.5
S18,L1,G2,11,55%,1 Net,,Dimocarpus longan,0.9
S18,L1,G2,11,55%,1 Net,,Dimocarpus longan,1
S18,L1,G2,12,55%,,,Dimocarpus longan,8
S18,L1,G2,12,55%,,,Dimocarpus longan,1.2
S18,L1,G2,12,55%,,,Dimocarpus longan,1.2
S18,L1,G2,12,55%,,,Dimocarpus longan,4.6
S18,L1,G2,12,55%,,,Dimocarpus longan,0.8
S18,L1,G2,12,55%,,,Dimocarpus longan,4
S18,L1,G2,12,55%,,,Dimocarpus longan,6
S18,L1,G2,12,55%,,,Dimocarpus longan,1.3
S18,L1,G2,12,55%,,,Dimocarpus longan,0.6
S18,L1,G2,13,57%,,,Dimocarpus longan,0.4
S18,L1,G2,13,57%,,,Dimocarpus longan,0.7
S18,L1,G2,13,57%,,,Dimocarpus longan,0.8
S18,L1,G2,13,57%,,,Dimocarpus longan,1
S18,L1,G2,13,57%,,,Dimocarpus longan,1
S18,L1,G2,13,57%,,,Dimocarpus longan,1.8
S18,L1,G2,14,60%,,,Dimocarpus longan,9
S18,L1,G2,14,60%,,,Dimocarpus longan,3
S18,L1,G2,14,60%,,,Dimocarpus longan,2.2
S18,L1,G2,15,60%,,,Dimocarpus longan,0.9
S18,L1,G2,15,60%,,,Dimocarpus longan,1
S18,L1,G2,15,60%,,,Dimocarpus longan,5.2
S18,L1,G2,15,60%,,,Dimocarpus longan,0.4
S18,L1,G2,15,60%,,,Dimocarpus longan,0.7
S18,L1,G2,15,60%,,,Dimocarpus longan,0.7
S18,L1,G2,15,60%,,,Dimocarpus longan,0.7
S18,L1,G2,16,65%,,,Dimocarpus longan,74
S18,L1,G2,16,65%,,,Dimocarpus longan,2.6
S18,L1,G2,16,65%,,,Dimocarpus longan,1
S12,L2,G3,1,75%,1 Net,,Dimocarpus longan,22
S12,L2,G3,1,75%,1 Net,,Dimocarpus longan,7
S12,L2,G3,1,75%,1 Net,,Dimocarpus longan,75
S12,L2,G3,1,75%,1 Net,,Dimocarpus longan,9
S12,L2,G3,1,75%,1 Net,,Dimocarpus longan,6
S12,L2,G3,1,75%,1 Net,,Dimocarpus longan,0.4
S12,L2,G3,2,75%,,,Dimocarpus longan,1.2
S12,L2,G3,2,75%,,,Dimocarpus longan,16
S12,L2,G3,2,75%,,,Dimocarpus longan,7
S12,L2,G3,2,75%,,,Dimocarpus longan,10
S12,L2,G3,3,70%,,,Dimocarpus longan,1.1
S12,L2,G3,3,70%,,,Dimocarpus longan,0.5
S12,L2,G3,4,75%,,,Dimocarpus longan,1.1
S12,L2,G3,4,75%,,,Dimocarpus longan,1.2
S12,L2,G3,4,75%,,,Dimocarpus longan,0.5
S12,L2,G3,4,75%,,,Dimocarpus longan,1.5
S12,L2,G3,4,75%,,,Dimocarpus longan,1.1
S12,L2,G3,4,75%,,,Dimocarpus longan,1.5
S12,L2,G3,4,75%,,,Dimocarpus longan,1.1
S12,L2,G3,4,75%,,,Dimocarpus longan,3
S12,L2,G3,4,75%,,,Dimocarpus longan,2
S12,L2,G3,4,75%,,,Dimocarpus longan,1.5
S12,L2,G3,4,75%,,,Dimocarpus longan,0.4
S12,L2,G3,4,75%,,,Dimocarpus longan,1.1
S12,L2,G3,4,75%,,,Dimocarpus longan,1.1
S12,L2,G3,5,77%,,,Dimocarpus longan,1.2
S12,L2,G3,5,77%,,,Dimocarpus longan,7
S12,L2,G3,5,77%,,,Dimocarpus longan,1.2
S12,L2,G3,5,77%,,,Dimocarpus longan,3
S12,L2,G3,5,77%,,,Dimocarpus longan,2
S12,L2,G3,5,77%,,,Dimocarpus longan,0.7
S12,L2,G3,5,77%,,,Dimocarpus longan,0.4
S12,L2,G3,5,77%,,,Dimocarpus longan,2
S12,L2,G3,6,70%,,,Dimocarpus longan,10
S12,L2,G3,6,70%,,,Dimocarpus longan,12
S12,L2,G3,6,70%,,,Dimocarpus longan,1.2
S12,L2,G3,6,70%,,,Dimocarpus longan,0.7
S12,L2,G3,7,70%,,,Dimocarpus longan,7
S12,L2,G3,7,70%,,,Dimocarpus longan,7
S12,L2,G3,8,80%,,,Dimocarpus longan,1.6
S12,L2,G3,8,80%,,,Dimocarpus longan,2.5
S12,L2,G3,8,80%,,,Dimocarpus longan,0.7
S12,L2,G3,8,80%,,,Dimocarpus longan,0.5
S12,L2,G3,8,80%,,,Dimocarpus longan,0.5
S12,L2,G3,8,80%,,,Dimocarpus longan,1.1
S12,L2,G3,8,80%,,,Dimocarpus longan,1.2
S12,L2,G3,8,80%,,,Dimocarpus longan,1.3
S12,L2,G3,8,80%,,,Dimocarpus longan,29
S12,L2,G3,9,75%,,,Dimocarpus longan,39
S12,L2,G3,10,70%,,,Dimocarpus longan,2
S12,L2,G3,11,85%,,,Dimocarpus longan,2
S12,L2,G3,11,85%,,,Dimocarpus longan,1.5
S12,L2,G3,11,85%,,,Dimocarpus longan,2
S12,L2,G3,11,85%,,,Dimocarpus longan,2
S12,L2,G3,11,85%,,,Dimocarpus longan,1.6
S12,L2,G3,11,85%,,,Dimocarpus longan,32
S12,L2,G3,11,85%,,,Dimocarpus longan,1.1
S12,L2,G3,11,85%,,,Dimocarpus longan,3
S12,L2,G3,11,85%,,,Dimocarpus longan,1.5
S12,L2,G3,11,85%,,,Dimocarpus longan,2
S12,L2,G3,11,85%,,,Dimocarpus longan,2
S12,L2,G3,11,85%,,,Dimocarpus longan,2.5
S12,L2,G3,11,85%,,,Dimocarpus longan,1.5
S12,L2,G3,11,85%,,,Dimocarpus longan,1.5
S12,L2,G3,11,85%,,,Dimocarpus longan,0.4
S12,L2,G3,11,85%,,,Dimocarpus longan,1.1
S12,L2,G3,11,85%,,,Dimocarpus longan,3
S12,L2,G3,11,85%,,,Dimocarpus longan,0.9
S12,L2,G3,12,78%,1 Net,,Dimocarpus longan,1.2
S12,L2,G3,12,78%,1 Net,,Dimocarpus longan,2
S12,L2,G3,12,78%,1 Net,,Dimocarpus longan,0.5
S12,L2,G3,12,78%,1 Net,,Dimocarpus longan,1.2
S12,L2,G3,12,78%,1 Net,,Dimocarpus longan,2
S12,L2,G3,12,78%,1 Net,,Dimocarpus longan,1.6
S12,L2,G3,12,78%,1 Net,,Dimocarpus longan,0.7
S12,L2,G3,12,78%,1 Net,,Dimocarpus longan,0.7
S12,L2,G3,12,78%,1 Net,,Dimocarpus longan,0.7
S12,L2,G3,12,78%,1 Net,,Dimocarpus longan,1.1
S12,L2,G3,12,78%,1 Net,,Dimocarpus longan,1.6
S12,L2,G3,12,78%,1 Net,,Dimocarpus longan,1
S12,L2,G3,12,78%,1 Net,,Dimocarpus longan,0.7
S12,L2,G3,12,78%,1 Net,,Dimocarpus longan,0.7
S12,L2,G3,12,78%,1 Net,,Dimocarpus longan,0.7
S12,L2,G3,12,78%,1 Net,,Dimocarpus longan,1.2
S12,L2,G3,12,78%,1 Net,,Dimocarpus longan,95
S12,L2,G3,13,70%,,,Dimocarpus longan,3
S12,L2,G3,13,70%,,,Dimocarpus longan,1.1
S12,L2,G3,13,70%,,,Dimocarpus longan,5
S12,L2,G3,13,70%,,,Dimocarpus longan,2
S12,L2,G3,13,70%,,,Dimocarpus longan,9
S12,L2,G3,13,70%,,,Dimocarpus longan,7
S12,L2,G3,13,70%,,,Dimocarpus longan,0.9
S12,L2,G3,13,70%,,,Dimocarpus longan,9
S12,L2,G3,14,75%,,,Dimocarpus longan,0.5
S12,L2,G3,14,75%,,,Dimocarpus longan,1.1
S12,L2,G3,14,75%,,,Dimocarpus longan,8
S12,L2,G3,14,75%,,,Dimocarpus longan,1.1
S12,L2,G3,14,75%,,,Dimocarpus longan,0.5
S12,L2,G3,14,75%,,,Dimocarpus longan,1.2
S12,L2,G3,14,75%,,,Dimocarpus longan,1.2
S12,L2,G3,14,75%,,,Dimocarpus longan,0.5
S12,L2,G3,14,75%,,,Dimocarpus longan,0.7
S12,L2,G3,14,75%,,,Dimocarpus longan,2
S12,L2,G3,15,80%,,,Dimocarpus longan,3
S12,L2,G3,15,80%,,,Dimocarpus longan,9
S12,L2,G3,15,80%,,,Dimocarpus longan,1.1
S12,L2,G3,15,80%,,,Dimocarpus longan,0.5
S12,L2,G3,15,80%,,,Dimocarpus longan,1.1
S12,L2,G3,15,80%,,,Dimocarpus longan,1.9
S12,L2,G3,16,78%,,,Dimocarpus longan,2.5
S12,L2,G3,16,78%,,,Dimocarpus longan,2
S12,L2,G3,16,78%,,,Dimocarpus longan,1.2
S12,L2,G3,16,78%,,,Dimocarpus longan,9
S12,L2,G3,16,78%,,,Dimocarpus longan,3
S12,L2,G3,16,78%,,,Dimocarpus longan,1.1
S12,L2,G3,16,78%,,,Dimocarpus longan,5
S12,L2,G3,16,78%,,,Dimocarpus longan,4
S12,L2,G3,16,78%,,,Dimocarpus longan,5
S12,L2,G3,16,78%,,,Dimocarpus longan,1.2
S12,L2,G3,16,78%,,,Dimocarpus longan,1.1
S3,L1,G2,1,60%,,,Dimocarpus longan,6
S3,L1,G2,1,60%,,,Dimocarpus longan,3
S3,L1,G2,1,60%,,,Dimocarpus longan,0.7
S3,L1,G2,1,60%,,,Dimocarpus longan,0.5
S3,L1,G2,1,60%,,,Dimocarpus longan,29
S3,L1,G2,2,78%,,,Dimocarpus longan,0.6
S3,L1,G2,2,78%,,,Dimocarpus longan,1.7
S3,L1,G2,2,78%,,,Dimocarpus longan,0.5
S3,L1,G2,2,78%,,,Dimocarpus longan,3
S3,L1,G2,2,78%,,,Dimocarpus longan,8
S3,L1,G2,2,78%,,,Dimocarpus longan,1.9
S3,L1,G2,2,78%,,,Dimocarpus longan,2
S3,L1,G2,2,78%,,,Dimocarpus longan,2
S3,L1,G2,2,78%,,,Dimocarpus longan,2
S3,L1,G2,2,78%,,,Dimocarpus longan,2.5
S3,L1,G2,2,78%,,,Dimocarpus longan,3.5
S3,L1,G2,2,78%,,,Dimocarpus longan,3
S3,L1,G2,3,60%,,,Dimocarpus longan,1.2
S3,L1,G2,3,60%,,,Dimocarpus longan,1
S3,L1,G2,3,60%,,,Dimocarpus longan,1.2
S3,L1,G2,3,60%,,,Dimocarpus longan,0.6
S3,L1,G2,3,60%,,,Dimocarpus longan,0.5
S3,L1,G2,3,60%,,,Dimocarpus longan,1.1
S3,L1,G2,3,60%,,,Dimocarpus longan,2
S3,L1,G2,3,60%,,,Dimocarpus longan,0.5
S3,L1,G2,4,75%,,,Dimocarpus longan,3
S3,L1,G2,4,75%,,,Dimocarpus longan,2
S3,L1,G2,4,75%,,,Dimocarpus longan,1.5
S3,L1,G2,5,65%,,,Dimocarpus longan,0.9
S3,L1,G2,5,65%,,,Dimocarpus longan,1.2
S3,L1,G2,5,65%,,,Dimocarpus longan,6
S3,L1,G2,6,76%,,,Dimocarpus longan,2
S3,L1,G2,6,76%,,,Dimocarpus longan,2
S3,L1,G2,8,60%,,,Dimocarpus longan,2
S3,L1,G2,8,60%,,,Dimocarpus longan,5
S3,L1,G2,9,75%,,,Dimocarpus longan,2
S3,L1,G2,9,75%,,,Dimocarpus longan,1.9
S3,L1,G2,9,75%,,,Dimocarpus longan,1.7
S3,L1,G2,9,75%,,,Dimocarpus longan,3
S3,L1,G2,10,70%,,,Dimocarpus longan,2
S3,L1,G2,10,70%,,,Dimocarpus longan,3.5
S3,L1,G2,10,70%,,,Dimocarpus longan,1.5
S3,L1,G2,11,75%,,,Dimocarpus longan,1.2
S3,L1,G2,11,75%,,,Dimocarpus longan,0.5
S3,L1,G2,11,75%,,,Dimocarpus longan,1.5
S3,L1,G2,11,75%,,,Dimocarpus longan,0.7
S3,L1,G2,11,75%,,,Dimocarpus longan,1.2
S3,L1,G2,11,75%,,,Dimocarpus longan,0.5
S3,L1,G2,12,75%,,,Dimocarpus longan,5
S3,L1,G2,12,75%,,,Dimocarpus longan,12
S3,L1,G2,12,75%,,,Dimocarpus longan,0.6
S3,L1,G2,13,68%,,,Dimocarpus longan,2
S3,L1,G2,14,80%,,,Dimocarpus longan,0.7
S3,L1,G2,14,80%,,,Dimocarpus longan,0.5
S3,L1,G2,14,80%,,,Dimocarpus longan,0.4
S3,L1,G2,14,80%,,,Dimocarpus longan,0.5
S3,L1,G2,14,80%,,,Dimocarpus longan,1.5
S3,L1,G2,14,80%,,,Dimocarpus longan,1.3
S3,L1,G2,14,80%,,,Dimocarpus longan,1.2
S3,L1,G2,14,80%,,,Dimocarpus longan,0.5
S3,L1,G2,14,80%,,,Dimocarpus longan,1.5
S3,L1,G2,14,80%,,,Dimocarpus longan,2
S3,L1,G2,14,80%,,,Dimocarpus longan,1.5
S3,L1,G2,14,80%,,,Dimocarpus longan,1.2
S3,L1,G2,15,70%,,,Dimocarpus longan,0.5
S3,L1,G2,15,70%,,,Dimocarpus longan,2.4
S3,L1,G2,15,70%,,,Dimocarpus longan,1.5
S3,L1,G2,15,70%,,,Dimocarpus longan,0.5
S3,L1,G2,15,70%,,,Dimocarpus longan,1.2
S3,L1,G2,15,70%,,,Dimocarpus longan,0.9
S3,L1,G2,15,70%,,,Dimocarpus longan,3
S3,L1,G2,15,70%,,,Dimocarpus longan,2
S3,L1,G2,15,70%,,,Dimocarpus longan,1
S3,L1,G2,15,70%,,,Dimocarpus longan,1.2
S3,L1,G2,15,70%,,,Dimocarpus longan,0.7
S3,L1,G2,16,80%,,,Dimocarpus longan,19
S2,L1,G2,16,80%,,,Dimocarpus longan,0.6
S5,L2,G2,2,75%,,,Dimocarpus longan,0.3
S5,L2,G2,3,68%,,,Dimocarpus longan,2.6
S5,L2,G2,3,68%,,,Dimocarpus longan,5
S5,L2,G2,3,68%,,,Dimocarpus longan,12
S5,L2,G2,4,80%,,,Dimocarpus longan,35
S5,L2,G2,4,80%,,,Dimocarpus longan,6
S5,L2,G2,5,78%,,,Dimocarpus longan,28
S5,L2,G2,5,78%,,,Dimocarpus longan,7
S5,L2,G2,5,78%,,,Dimocarpus longan,13
S5,L2,G2,5,78%,,,Dimocarpus longan,5
S5,L2,G2,5,78%,,,Dimocarpus longan,2
S5,L2,G2,5,78%,,,Dimocarpus longan,28
S5,L2,G2,6,76%,,,Dimocarpus longan,6
S5,L2,G2,6,76%,,,Dimocarpus longan,4
S5,L2,G2,6,76%,,,Dimocarpus longan,5.2
S5,L2,G2,6,76%,,,Dimocarpus longan,12
S5,L2,G2,6,76%,,,Dimocarpus longan,10
S5,L2,G2,6,76%,,,Dimocarpus longan,6
S5,L2,G2,6,76%,,,Dimocarpus longan,0.5
S5,L2,G2,6,76%,,,Dimocarpus longan,0.5
S5,L2,G2,6,76%,,,Dimocarpus longan,0.5
S5,L2,G2,6,76%,,,Dimocarpus longan,16
S5,L2,G2,6,76%,,,Dimocarpus longan,16
S5,L2,G2,8,75%,,,Dimocarpus longan,12
S5,L2,G2,8,75%,,,Dimocarpus longan,10
S5,L2,G2,8,75%,,,Dimocarpus longan,6
S5,L2,G2,8,75%,,,Dimocarpus longan,0.5
S5,L2,G2,8,75%,,,Dimocarpus longan,26
S5,L2,G2,8,75%,,,Dimocarpus longan,17
S5,L2,G2,8,75%,,,Dimocarpus longan,12
S5,L2,G2,8,75%,,,Dimocarpus longan,5
S5,L2,G2,8,75%,,,Dimocarpus longan,20
S5,L2,G2,8,75%,,,Dimocarpus longan,15
S5,L2,G2,8,75%,,,Dimocarpus longan,12
S5,L2,G2,8,75%,,,Dimocarpus longan,10.5
S5,L2,G2,9,80%,,,Dimocarpus longan,27
S5,L2,G2,9,80%,,,Dimocarpus longan,10
S5,L2,G2,9,80%,,,Dimocarpus longan,7
S5,L2,G2,9,80%,,,Dimocarpus longan,11.2
S5,L2,G2,9,80%,,,Dimocarpus longan,13.5
S5,L2,G2,9,80%,,,Dimocarpus longan,0.6
S5,L2,G2,9,80%,,,Dimocarpus longan,10
S5,L2,G2,10,69%,,,Dimocarpus longan,10.5
S5,L2,G2,10,69%,,,Dimocarpus longan,11
S5,L2,G2,10,69%,,,Dimocarpus longan,9
S5,L2,G2,10,69%,,,Dimocarpus longan,3.5
S5,L2,G2,10,69%,,,Dimocarpus longan,4
S5,L2,G2,10,69%,,,Dimocarpus longan,10
S5,L2,G2,10,69%,,,Dimocarpus longan,7
S5,L2,G2,10,69%,,,Dimocarpus longan,21.2
S5,L2,G2,10,69%,,,Dimocarpus longan,5
S5,L2,G2,10,69%,,,Dimocarpus longan,9
S5,L2,G2,10,69%,,,Dimocarpus longan,8
S5,L2,G2,10,69%,,,Dimocarpus longan,7
S5,L2,G2,10,69%,,,Dimocarpus longan,5.5
S5,L2,G2,10,69%,,,Dimocarpus longan,7
S5,L2,G2,11,76%,,,Dimocarpus longan,9
S5,L2,G2,11,76%,,,Dimocarpus longan,3
S5,L2,G2,12,78%,,,Dimocarpus longan,11
S5,L2,G2,12,78%,,,Dimocarpus longan,8
S5,L2,G2,14,70%,,,Dimocarpus longan,17
S5,L2,G2,14,70%,,,Dimocarpus longan,15
S5,L2,G2,14,70%,,,Dimocarpus longan,3
S5,L2,G2,14,70%,,,Dimocarpus longan,3
S5,L2,G2,14,70%,,,Dimocarpus longan,3
S5,L2,G2,14,70%,,,Dimocarpus longan,9
S5,L2,G2,14,70%,,,Dimocarpus longan,8
S5,L2,G2,14,70%,,,Dimocarpus longan,3
S5,L2,G2,14,70%,,,Dimocarpus longan,5
S5,L2,G2,14,70%,,,Dimocarpus longan,3.9
S5,L2,G2,14,70%,,,Dimocarpus longan,3
S5,L2,G2,14,70%,,,Dimocarpus longan,5
S5,L2,G2,14,70%,,,Dimocarpus longan,7
S5,L2,G2,14,70%,,,Dimocarpus longan,11
S5,L2,G2,14,70%,,,Dimocarpus longan,5
S5,L2,G2,14,70%,,,Dimocarpus longan,4
S5,L2,G2,14,70%,,,Dimocarpus longan,7
S5,L2,G2,14,70%,,,Dimocarpus longan,3
S5,L2,G2,14,70%,,,Dimocarpus longan,4
S5,L2,G2,15,67%,,,Dimocarpus longan,7
S5,L2,G2,15,67%,,,Dimocarpus longan,8
S5,L2,G2,15,67%,,,Dimocarpus longan,9
S5,L2,G2,15,67%,,,Dimocarpus longan,13
S5,L2,G2,15,67%,,,Dimocarpus longan,16
S8,L1,G2,1,70%,,,Dimocarpus longan,5
S8,L1,G2,2,65%,,,Dimocarpus longan,3
S8,L1,G2,2,65%,,,Dimocarpus longan,18
S8,L1,G2,2,65%,,,Dimocarpus longan,7
S8,L1,G2,2,65%,,,Dimocarpus longan,1.2
S8,L1,G2,2,65%,,,Dimocarpus longan,1.2
S8,L1,G2,2,65%,,,Dimocarpus longan,1.2
S8,L1,G2,2,65%,,,Dimocarpus longan,1.2
S8,L1,G2,2,65%,,,Dimocarpus longan,0.9
S8,L1,G2,2,65%,,,Dimocarpus longan,1.2
S8,L1,G2,2,65%,,,Dimocarpus longan,1.1
S8,L1,G2,2,65%,,,Dimocarpus longan,1.6
S8,L1,G2,2,65%,,,Dimocarpus longan,1.5
S8,L1,G2,2,65%,,,Dimocarpus longan,1.2
S8,L1,G2,2,65%,,,Dimocarpus longan,5
S8,L1,G2,3,60%,,,Dimocarpus longan,1.3
S8,L1,G2,3,60%,,,Dimocarpus longan,1.2
S8,L1,G2,3,60%,,,Dimocarpus longan,2
S8,L1,G2,3,60%,,,Dimocarpus longan,1.2
S8,L1,G2,3,60%,,,Dimocarpus longan,1.2
S8,L1,G2,4,60%,,,Dimocarpus longan,1.1
S8,L1,G2,4,60%,,,Dimocarpus longan,2
S8,L1,G2,4,60%,,,Dimocarpus longan,0.6
S8,L1,G2,5,65%,,,Dimocarpus longan,0.4
S8,L1,G2,5,65%,,,Dimocarpus longan,5
S8,L1,G2,5,65%,,,Dimocarpus longan,6
S8,L1,G2,5,65%,,,Dimocarpus longan,12
S8,L1,G2,5,65%,,,Dimocarpus longan,8
S8,L1,G2,5,65%,,,Dimocarpus longan,7
S8,L1,G2,5,65%,,,Dimocarpus longan,1.2
S8,L1,G2,6,75%,,,Dimocarpus longan,4
S8,L1,G2,6,75%,,,Dimocarpus longan,3
S8,L1,G2,6,75%,,,Dimocarpus longan,1.6
S8,L1,G2,6,75%,,,Dimocarpus longan,5
S8,L1,G2,6,75%,,,Dimocarpus longan,12
S8,L1,G2,6,75%,,,Dimocarpus longan,2
S8,L1,G2,6,75%,,,Dimocarpus longan,0.4
S8,L1,G2,6,75%,,,Dimocarpus longan,1.7
S8,L1,G2,6,75%,,,Dimocarpus longan,1.2
S8,L1,G2,6,75%,,,Dimocarpus longan,19
S8,L1,G2,7,70%,,,Dimocarpus longan,19
S8,L1,G2,7,70%,,,Dimocarpus longan,2
S8,L1,G2,8,55%,,,Dimocarpus longan,0.9
S8,L1,G2,8,55%,,,Dimocarpus longan,0.9
S8,L1,G2,8,55%,,,Dimocarpus longan,14
S8,L1,G2,9,60%,,,Dimocarpus longan,3
S8,L1,G2,9,60%,,,Dimocarpus longan,7
S8,L1,G2,9,60%,,,Dimocarpus longan,7
S8,L1,G2,9,60%,,,Dimocarpus longan,9
S8,L1,G2,10,70%,,,Dimocarpus longan,5
S8,L1,G2,10,70%,,,Dimocarpus longan,19
S8,L1,G2,10,70%,,,Dimocarpus longan,0.5
S8,L1,G2,10,70%,,,Dimocarpus longan,0.5
S8,L1,G2,10,70%,,,Dimocarpus longan,7
S8,L1,G2,10,70%,,,Dimocarpus longan,13
S8,L1,G2,10,70%,,,Dimocarpus longan,18
S8,L1,G2,11,65%,,,Dimocarpus longan,15
S8,L1,G2,11,65%,,,Dimocarpus longan,7
S8,L1,G2,11,65%,,,Dimocarpus longan,1.2
S8,L1,G2,11,65%,,,Dimocarpus longan,8
S8,L1,G2,11,65%,,,Dimocarpus longan,4
S8,L1,G2,12,80%,,,Dimocarpus longan,6
S8,L1,G2,12,80%,,,Dimocarpus longan,3
S8,L1,G2,12,80%,,,Dimocarpus longan,4
S8,L1,G2,12,80%,,,Dimocarpus longan,6
S8,L1,G2,12,80%,,,Dimocarpus longan,19
S8,L1,G2,12,80%,,,Dimocarpus longan,6
S8,L1,G2,12,80%,,,Dimocarpus longan,14
S8,L1,G2,12,80%,,,Dimocarpus longan,0.9
S8,L1,G2,13,85%,,,Dimocarpus longan,0.6
S8,L1,G2,15,60%,,,Dimocarpus longan,9
S8,L1,G2,15,60%,,,Dimocarpus longan,19
S8,L1,G2,16,75%,,,Dimocarpus longan,6
S13,L1,G2,2,45%,,1 plot,Dimorphocalyx sp.,6
S13,L1,G2,2,45%,,1 plot,Dimorphocalyx sp.,13
S13,L1,G2,3,30%,1 Net,0.5 plot,Dimorphocalyx sp.,10
S13,L1,G2,3,30%,1 Net,0.5 plot,Dimorphocalyx sp.,7
S18,L1,G2,9,60%,,,Dimorphocalyx sp.,0.4
S18,L1,G2,13,57%,,,Dimorphocalyx sp.,2.1
S18,L1,G2,13,57%,,,Dimorphocalyx sp.,1.2
S18,L1,G2,14,60%,,,Dimorphocalyx sp.,19
S18,L1,G2,14,60%,,,Dimorphocalyx sp.,4.3
S18,L1,G2,15,60%,,,Dimorphocalyx sp.,7.2
S18,L1,G2,15,60%,,,Dimorphocalyx sp.,2.5
S18,L1,G2,16,65%,,,Dimorphocalyx sp.,36
S18,L1,G2,16,65%,,,Dimorphocalyx sp.,5.6
S18,L1,G2,16,65%,,,Dimorphocalyx sp.,6.2
S18,L1,G2,16,65%,,,Dimorphocalyx sp.,2.2
S19,L1,G2,8,50%,,,Diospyros assimilis,12
S19,L1,G2,4,70%,,,Diospyros candolleana,13
S19,L1,G2,8,50%,,,Diospyros candolleana,35
S19,L1,G2,12,60%,,,Diospyros candolleana,2.4
S18,L1,G2,1,55%,,,Diospyros candolleana,16
S12,L2,G3,2,75%,,,Diospyros candolleana,4
S12,L2,G3,8,80%,,,Diospyros candolleana,7
S12,L2,G3,11,85%,,,Diospyros candolleana,9
S12,L2,G3,11,85%,,,Diospyros candolleana,5
S12,L2,G3,11,85%,,,Diospyros candolleana,9
S12,L2,G3,12,78%,1 Net,,Diospyros candolleana,7
S12,L2,G3,13,70%,,,Diospyros candolleana,8
S12,L2,G3,14,75%,,,Diospyros candolleana,9
S12,L2,G3,16,78%,,,Diospyros candolleana,10
S8,L1,G2,9,60%,,,Diospyros candolleana,26
S12,L2,G3,6,70%,,,Diospyros montana,3
S3,L1,G2,14,80%,,,Diospyros montana,1.2
S3,L1,G2,14,80%,,,Diospyros montana,3
S3,L1,G2,15,70%,,,Diospyros montana,2
S3,L1,G2,15,70%,,,Diospyros montana,2
S13,L1,G2,5,70%,1 Net,1 plot,Diospyros nilagirica,6
S13,L1,G2,5,70%,1 Net,1 plot,Diospyros nilagirica,6
S13,L1,G2,6,70%,1 Net,,Diospyros nilagirica,1.9
S13,L1,G2,7,40%,,,Diospyros nilagirica,2.5
S13,L1,G2,7,40%,,,Diospyros nilagirica,1.5
S13,L1,G2,7,40%,,,Diospyros nilagirica,2
S13,L1,G2,10,30%,,,Diospyros nilagirica,1.5
S13,L1,G2,10,30%,,,Diospyros nilagirica,2
S13,L1,G2,10,30%,,,Diospyros nilagirica,2
S13,L1,G2,10,30%,,,Diospyros nilagirica,1.5
S13,L1,G2,11,50%,,,Diospyros nilagirica,3
S13,L1,G2,11,50%,,,Diospyros nilagirica,3
S13,L1,G2,11,50%,,,Diospyros nilagirica,3
S13,L1,G2,11,50%,,,Diospyros nilagirica,1.8
S13,L1,G2,12,60%,,,Diospyros nilagirica,1.2
S13,L1,G2,12,60%,,,Diospyros nilagirica,1.2
S13,L1,G2,12,60%,,,Diospyros nilagirica,1.2
S13,L1,G2,13,50%,,,Diospyros nilagirica,4
S13,L1,G2,14,40%,,,Diospyros nilagirica,3
S13,L1,G2,14,40%,,,Diospyros nilagirica,9
S13,L1,G2,14,40%,,,Diospyros nilagirica,8
S13,L1,G2,14,40%,,,Diospyros nilagirica,11
S13,L1,G2,14,40%,,,Diospyros nilagirica,2
S13,L1,G2,15,50%,,,Diospyros nilagirica,2
S13,L1,G2,15,50%,,,Diospyros nilagirica,4
S13,L1,G2,15,50%,,,Diospyros nilagirica,1.5
S13,L1,G2,15,50%,,,Diospyros nilagirica,11
S13,L1,G2,15,50%,,,Diospyros nilagirica,1.2
S13,L1,G2,15,50%,,,Diospyros nilagirica,1.5
S13,L1,G2,15,50%,,,Diospyros nilagirica,3
S13,L1,G2,15,50%,,,Diospyros nilagirica,3
S13,L1,G2,15,50%,,,Diospyros nilagirica,4
S13,L1,G2,15,50%,,,Diospyros nilagirica,5
S13,L1,G2,15,50%,,,Diospyros nilagirica,9
S13,L1,G2,15,50%,,,Diospyros nilagirica,3
S13,L1,G2,15,50%,,,Diospyros nilagirica,4
S13,L1,G2,15,50%,,,Diospyros nilagirica,27
S13,L1,G2,15,50%,,,Diospyros nilagirica,4
S13,L1,G2,15,50%,,,Diospyros nilagirica,22
S13,L1,G2,15,50%,,,Diospyros nilagirica,2
S13,L1,G2,15,50%,,,Diospyros nilagirica,3
S13,L1,G2,16,50%,,,Diospyros nilagirica,35
S13,L1,G2,16,50%,,,Diospyros nilagirica,16
S19,L1,G2,1,70%,,,Diospyros nilagirica,2
S19,L1,G2,1,70%,,,Diospyros nilagirica,1.2
S19,L1,G2,2,75%,1 Net,2 Plots,Diospyros nilagirica,3
S19,L1,G2,2,75%,1 Net,2 Plots,Diospyros nilagirica,3
S19,L1,G2,2,75%,1 Net,2 Plots,Diospyros nilagirica,1.5
S19,L1,G2,3,75%,1 Net,,Diospyros nilagirica,6
S19,L1,G2,3,75%,1 Net,,Diospyros nilagirica,2
S19,L1,G2,5,65%,,,Diospyros nilagirica,5
S19,L1,G2,6,70%,,,Diospyros nilagirica,1.5
S19,L1,G2,6,70%,,,Diospyros nilagirica,2
S19,L1,G2,7,60%,,I Plot,Diospyros nilagirica,2.5
S19,L1,G2,7,60%,,I Plot,Diospyros nilagirica,4
S19,L1,G2,7,60%,,I Plot,Diospyros nilagirica,2
S19,L1,G2,8,50%,,,Diospyros nilagirica,5
S19,L1,G2,9,70%,,,Diospyros nilagirica,7
S19,L1,G2,10,65%,,1 Plot,Diospyros nilagirica,1.3
S19,L1,G2,10,65%,,1 Plot,Diospyros nilagirica,6
S19,L1,G2,10,65%,,1 Plot,Diospyros nilagirica,8
S19,L1,G2,10,65%,,1 Plot,Diospyros nilagirica,3
S19,L1,G2,12,60%,,,Diospyros nilagirica,5
S19,L1,G2,13,70%,,,Diospyros nilagirica,3.5
S19,L1,G2,13,70%,,,Diospyros nilagirica,1.5
S19,L1,G2,13,70%,,,Diospyros nilagirica,1.2
S19,L1,G2,13,70%,,,Diospyros nilagirica,0.4
S18,L1,G2,1,55%,,,Diospyros nilagirica,1.2
S18,L1,G2,1,55%,,,Diospyros nilagirica,0.9
S18,L1,G2,1,55%,,,Diospyros nilagirica,1
S18,L1,G2,2,55%,,,Diospyros nilagirica,1.2
S18,L1,G2,4,70%,,,Diospyros nilagirica,1
S18,L1,G2,5,55%,,0.5 Plot,Diospyros nilagirica,2
S18,L1,G2,5,55%,,0.5 Plot,Diospyros nilagirica,16
S18,L1,G2,5,55%,,0.5 Plot,Diospyros nilagirica,2
S18,L1,G2,8,55%,,,Diospyros nilagirica,1.3
S18,L1,G2,8,55%,,,Diospyros nilagirica,1.2
S18,L1,G2,9,60%,,,Diospyros nilagirica,0.5
S18,L1,G2,9,60%,,,Diospyros nilagirica,1.2
S18,L1,G2,10,65%,,,Diospyros nilagirica,6
S18,L1,G2,12,55%,,,Diospyros nilagirica,8.2
S18,L1,G2,12,55%,,,Diospyros nilagirica,1.1
S18,L1,G2,13,57%,,,Diospyros nilagirica,7.5
S18,L1,G2,13,57%,,,Diospyros nilagirica,1.2
S18,L1,G2,13,57%,,,Diospyros nilagirica,1
S18,L1,G2,14,60%,,,Diospyros nilagirica,6.2
S18,L1,G2,15,60%,,,Diospyros nilagirica,5.5
S18,L1,G2,15,60%,,,Diospyros nilagirica,0.6
S18,L1,G2,16,65%,,,Diospyros nilagirica,6
S12,L2,G3,1,75%,1 Net,,Diospyros nilagirica,6
S12,L2,G3,1,75%,1 Net,,Diospyros nilagirica,45
S12,L2,G3,1,75%,1 Net,,Diospyros nilagirica,4
S12,L2,G3,3,70%,,,Diospyros nilagirica,0.6
S12,L2,G3,5,77%,,,Diospyros nilagirica,0.5
S12,L2,G3,6,70%,,,Diospyros nilagirica,1.3
S12,L2,G3,8,80%,,,Diospyros nilagirica,1.5
S12,L2,G3,8,80%,,,Diospyros nilagirica,1.3
S12,L2,G3,9,75%,,,Diospyros nilagirica,34
S3,L1,G2,1,60%,,,Diospyros nilagirica,7
S3,L1,G2,1,60%,,,Diospyros nilagirica,3.5
S3,L1,G2,1,60%,,,Diospyros nilagirica,1.2
S3,L1,G2,5,65%,,,Diospyros nilagirica,0.6
S3,L1,G2,6,76%,,,Diospyros nilagirica,10
S3,L1,G2,9,75%,,,Diospyros nilagirica,52
S3,L1,G2,10,70%,,,Diospyros nilagirica,5
S3,L1,G2,10,70%,,,Diospyros nilagirica,1.2
S3,L1,G2,11,75%,,,Diospyros nilagirica,10
S3,L1,G2,14,80%,,,Diospyros nilagirica,0.7
S3,L1,G2,15,70%,,,Diospyros nilagirica,6
S2,L1,G2,6,79%,,,Diospyros nilagirica,29
S2,L1,G2,8,80%,,,Diospyros nilagirica,1.2
S2,L1,G2,11,75%,,,Diospyros nilagirica,3
S2,L1,G2,13,65%,,,Diospyros nilagirica,7
S5,L2,G2,7,80%,,,Diospyros nilagirica,3
S5,L2,G2,7,80%,,,Diospyros nilagirica,4.5
S5,L2,G2,7,80%,,,Diospyros nilagirica,1
S5,L2,G2,7,80%,,,Diospyros nilagirica,4
S5,L2,G2,11,76%,,,Diospyros nilagirica,7
S5,L2,G2,11,76%,,,Diospyros nilagirica,9
S5,L2,G2,16,75%,,,Diospyros nilagirica,5
S8,L1,G2,2,65%,,,Diospyros nilagirica,0.5
S8,L1,G2,3,60%,,,Diospyros nilagirica,0.5
S8,L1,G2,3,60%,,,Diospyros nilagirica,3
S8,L1,G2,3,60%,,,Diospyros nilagirica,2
S8,L1,G2,3,60%,,,Diospyros nilagirica,1.3
S8,L1,G2,3,60%,,,Diospyros nilagirica,0.3
S8,L1,G2,9,60%,,,Diospyros nilagirica,4
S8,L1,G2,11,65%,,,Diospyros nilagirica,2
S8,L1,G2,11,65%,,,Diospyros nilagirica,10
S8,L1,G2,14,70%,,,Diospyros nilagirica,1.2
S12,L2,G3,10,70%,,,Diospyros pruriens,7
S5,L2,G2,1,60%,,,Diospyros pruriens,4
S13,L1,G2,1,60%,,,Diospyros saldanhae,4
S13,L1,G2,3,30%,1 Net,0.5 plot,Diospyros saldanhae,13
S13,L1,G2,4,55%,,0.5 plot,Diospyros saldanhae,10
S13,L1,G2,6,70%,1 Net,,Diospyros saldanhae,15
S19,L1,G2,1,70%,,,Diospyros saldanhae,4
S19,L1,G2,5,65%,,,Diospyros saldanhae,5
S19,L1,G2,10,65%,,1 Plot,Diospyros saldanhae,1.5
S19,L1,G2,10,65%,,1 Plot,Diospyros saldanhae,3
S19,L1,G2,13,70%,,,Diospyros saldanhae,1.4
S19,L1,G2,13,70%,,,Diospyros saldanhae,1.3
S19,L1,G2,13,70%,,,Diospyros saldanhae,1.5
S19,L1,G2,13,70%,,,Diospyros saldanhae,1.6
S19,L1,G2,13,70%,,,Diospyros saldanhae,1.2
S19,L1,G2,13,70%,,,Diospyros saldanhae,1.4
S19,L1,G2,13,70%,,,Diospyros saldanhae,0.1
S19,L1,G2,15,75%,,,Diospyros saldanhae,3.5
S18,L1,G2,1,55%,,,Diospyros saldanhae,7
S18,L1,G2,1,55%,,,Diospyros saldanhae,5
S18,L1,G2,4,70%,,,Diospyros saldanhae,1.2
S18,L1,G2,5,55%,,0.5 Plot,Diospyros saldanhae,6.5
S12,L2,G3,6,70%,,,Diospyros saldanhae,1.1
S3,L1,G2,2,78%,,,Diospyros saldanhae,2
S3,L1,G2,3,60%,,,Diospyros saldanhae,8
S3,L1,G2,10,70%,,,Diospyros saldanhae,7.5
S3,L1,G2,14,80%,,,Diospyros saldanhae,3.5
S5,L2,G2,11,76%,,,Diospyros saldanhae,32
S5,L2,G2,15,67%,,,Diospyros saldanhae,6
S5,L2,G2,16,75%,,,Diospyros saldanhae,32
S8,L1,G2,9,60%,,,Diospyros saldanhae,2
S8,L1,G2,9,60%,,,Diospyros saldanhae,8
S8,L1,G2,9,60%,,,Diospyros saldanhae,3
S19,L1,G2,15,75%,,,Diospyros sp.,0.4
S19,L1,G2,5,65%,,,Diospyros sylvatica,1.5
S18,L1,G2,3,40%,,,Drypetes oblongifolia,1
S12,L2,G3,1,75%,1 Net,,Drypetes oblongifolia,3
S12,L2,G3,2,75%,,,Drypetes oblongifolia,4
S12,L2,G3,2,75%,,,Drypetes oblongifolia,5
S12,L2,G3,2,75%,,,Drypetes oblongifolia,5
S12,L2,G3,2,75%,,,Drypetes oblongifolia,1.5
S12,L2,G3,3,70%,,,Drypetes oblongifolia,77
S12,L2,G3,4,75%,,,Drypetes oblongifolia,3
S12,L2,G3,4,75%,,,Drypetes oblongifolia,1.5
S12,L2,G3,5,77%,,,Drypetes oblongifolia,6
S12,L2,G3,5,77%,,,Drypetes oblongifolia,1.2
S12,L2,G3,6,70%,,,Drypetes oblongifolia,2
S12,L2,G3,7,70%,,,Drypetes oblongifolia,6
S12,L2,G3,8,80%,,,Drypetes oblongifolia,8
S12,L2,G3,8,80%,,,Drypetes oblongifolia,0.4
S12,L2,G3,9,75%,,,Drypetes oblongifolia,4
S12,L2,G3,9,75%,,,Drypetes oblongifolia,6
S12,L2,G3,11,85%,,,Drypetes oblongifolia,3
S12,L2,G3,12,78%,1 Net,,Drypetes oblongifolia,2
S12,L2,G3,13,70%,,,Drypetes oblongifolia,5
S12,L2,G3,15,80%,,,Drypetes oblongifolia,4
S12,L2,G3,15,80%,,,Drypetes oblongifolia,2
S12,L2,G3,16,78%,,,Drypetes oblongifolia,8
S3,L1,G2,1,60%,,,Drypetes oblongifolia,4
S3,L1,G2,1,60%,,,Drypetes oblongifolia,1.1
S3,L1,G2,1,60%,,,Drypetes oblongifolia,5
S3,L1,G2,2,78%,,,Drypetes oblongifolia,3.5
S3,L1,G2,2,78%,,,Drypetes oblongifolia,2
S3,L1,G2,2,78%,,,Drypetes oblongifolia,2.5
S3,L1,G2,2,78%,,,Drypetes oblongifolia,2.4
S3,L1,G2,2,78%,,,Drypetes oblongifolia,1.5
S3,L1,G2,2,78%,,,Drypetes oblongifolia,1.2
S3,L1,G2,2,78%,,,Drypetes oblongifolia,1.1
S3,L1,G2,2,78%,,,Drypetes oblongifolia,1.2
S3,L1,G2,2,78%,,,Drypetes oblongifolia,1.5
S3,L1,G2,2,78%,,,Drypetes oblongifolia,2
S3,L1,G2,2,78%,,,Drypetes oblongifolia,1.5
S3,L1,G2,2,78%,,,Drypetes oblongifolia,2
S3,L1,G2,3,60%,,,Drypetes oblongifolia,2
S3,L1,G2,3,60%,,,Drypetes oblongifolia,1.2
S3,L1,G2,3,60%,,,Drypetes oblongifolia,1.1
S3,L1,G2,3,60%,,,Drypetes oblongifolia,1.2
S3,L1,G2,3,60%,,,Drypetes oblongifolia,1.2
S3,L1,G2,3,60%,,,Drypetes oblongifolia,1.5
S3,L1,G2,3,60%,,,Drypetes oblongifolia,1.6
S3,L1,G2,3,60%,,,Drypetes oblongifolia,1.6
S3,L1,G2,3,60%,,,Drypetes oblongifolia,1.1
S3,L1,G2,3,60%,,,Drypetes oblongifolia,1.2
S3,L1,G2,3,60%,,,Drypetes oblongifolia,0.9
S3,L1,G2,3,60%,,,Drypetes oblongifolia,1.2
S3,L1,G2,4,75%,,,Drypetes oblongifolia,1.2
S3,L1,G2,4,75%,,,Drypetes oblongifolia,1.2
S3,L1,G2,4,75%,,,Drypetes oblongifolia,3
S3,L1,G2,4,75%,,,Drypetes oblongifolia,1.2
S3,L1,G2,4,75%,,,Drypetes oblongifolia,2
S3,L1,G2,4,75%,,,Drypetes oblongifolia,1.2
S3,L1,G2,5,65%,,,Drypetes oblongifolia,2
S3,L1,G2,5,65%,,,Drypetes oblongifolia,7
S3,L1,G2,5,65%,,,Drypetes oblongifolia,2
S3,L1,G2,5,65%,,,Drypetes oblongifolia,0.6
S3,L1,G2,5,65%,,,Drypetes oblongifolia,1.2
S3,L1,G2,5,65%,,,Drypetes oblongifolia,2
S3,L1,G2,5,65%,,,Drypetes oblongifolia,1.5
S3,L1,G2,5,65%,,,Drypetes oblongifolia,2
S3,L1,G2,6,76%,,,Drypetes oblongifolia,3
S3,L1,G2,6,76%,,,Drypetes oblongifolia,2.5
S3,L1,G2,6,76%,,,Drypetes oblongifolia,2
S3,L1,G2,6,76%,,,Drypetes oblongifolia,2
S3,L1,G2,6,76%,,,Drypetes oblongifolia,2
S3,L1,G2,6,76%,,,Drypetes oblongifolia,2.5
S3,L1,G2,6,76%,,,Drypetes oblongifolia,2
S3,L1,G2,7,70%,,,Drypetes oblongifolia,2.5
S3,L1,G2,8,60%,,,Drypetes oblongifolia,1.3
S3,L1,G2,9,75%,,,Drypetes oblongifolia,2
S3,L1,G2,11,75%,,,Drypetes oblongifolia,4.5
S3,L1,G2,12,75%,,,Drypetes oblongifolia,3
S3,L1,G2,13,68%,,,Drypetes oblongifolia,5
S3,L1,G2,13,68%,,,Drypetes oblongifolia,0.5
S3,L1,G2,14,80%,,,Drypetes oblongifolia,1.2
S3,L1,G2,15,70%,,,Drypetes oblongifolia,2.5
S3,L1,G2,15,70%,,,Drypetes oblongifolia,3.6
S3,L1,G2,15,70%,,,Drypetes oblongifolia,4
S3,L1,G2,16,80%,,,Drypetes oblongifolia,0.7
S3,L1,G2,16,80%,,,Drypetes oblongifolia,2
S3,L1,G2,16,80%,,,Drypetes oblongifolia,0.7
S12,L2,G3,15,80%,,,Drypetes venusta,3
S12,L2,G3,16,78%,,,Drypetes venusta,1.2
S13,L1,G2,4,55%,,0.5 plot,Elaeocarpus serratus,2.5
S13,L1,G2,10,30%,,,Elaeocarpus serratus,75
S13,L1,G2,11,50%,,,Elaeocarpus serratus,139
S13,L1,G2,13,50%,,,Elaeocarpus serratus,2.5
S19,L1,G2,9,70%,,,Elaeocarpus serratus,110
S18,L1,G2,1,55%,,,Elaeocarpus serratus,0.4
S18,L1,G2,13,57%,,,Elaeocarpus serratus,33
S18,L1,G2,13,57%,,,Elaeocarpus serratus,7.2
S12,L2,G3,5,77%,,,Elaeocarpus serratus,82
S3,L1,G2,15,70%,,,Elaeocarpus serratus,65
S2,L1,G2,11,75%,,,Elaeocarpus serratus,62
S2,L1,G2,14,70%,,,Elaeocarpus serratus,42
S5,L2,G2,10,69%,,,Elaeocarpus serratus,124
S5,L2,G2,10,69%,,,Elaeocarpus serratus,60
S5,L2,G2,12,78%,,,Elaeocarpus serratus,121
S5,L2,G2,15,67%,,,Elaeocarpus serratus,35
S8,L1,G2,13,85%,,,Elaeocarpus serratus,2
S12,L2,G3,9,75%,,,Elaeocarpus tuberculatus ,210
S12,L2,G3,13,70%,,,Elaeocarpus tuberculatus ,315
S2,L1,G2,8,80%,,,Elaeocarpus tuberculatus ,0.5
S13,L1,G2,6,70%,1 Net,,Epiprinus mallotiformis,48
S13,L1,G2,6,70%,1 Net,,Epiprinus mallotiformis,22
S13,L1,G2,6,70%,1 Net,,Epiprinus mallotiformis,19
S13,L1,G2,6,70%,1 Net,,Epiprinus mallotiformis,42
S13,L1,G2,12,60%,,,Epiprinus mallotiformis,33
S13,L1,G2,12,60%,,,Epiprinus mallotiformis,47
S13,L1,G2,14,40%,,,Epiprinus mallotiformis,30
S13,L1,G2,15,50%,,,Epiprinus mallotiformis,5
S19,L1,G2,5,65%,,,Epiprinus mallotiformis,1.3
S19,L1,G2,13,70%,,,Epiprinus mallotiformis,3
S13,L1,G2,6,70%,1 Net,,Eugenia aloysii,3
S13,L1,G2,6,70%,1 Net,,Eugenia aloysii,3
S13,L1,G2,6,70%,1 Net,,Eugenia aloysii,6
S13,L1,G2,14,40%,,,Eugenia aloysii,7
S19,L1,G2,3,75%,1 Net,,Eugenia aloysii,0.4
S19,L1,G2,7,60%,,I Plot,Eugenia aloysii,0.4
S19,L1,G2,8,50%,,,Eugenia aloysii,5
S19,L1,G2,8,50%,,,Eugenia aloysii,0.6
S19,L1,G2,9,70%,,,Eugenia aloysii,1.2
S19,L1,G2,9,70%,,,Eugenia aloysii,5
S19,L1,G2,9,70%,,,Eugenia aloysii,0.4
S3,L1,G2,2,78%,,,Eugenia aloysii,4
S3,L1,G2,2,78%,,,Eugenia aloysii,5.5
S3,L1,G2,2,78%,,,Eugenia aloysii,2.9
S3,L1,G2,4,75%,,,Eugenia aloysii,1
S3,L1,G2,5,65%,,,Eugenia aloysii,1.5
S3,L1,G2,5,65%,,,Eugenia aloysii,6
S3,L1,G2,5,65%,,,Eugenia aloysii,2.5
S3,L1,G2,5,65%,,,Eugenia aloysii,1.2
S3,L1,G2,5,65%,,,Eugenia aloysii,2.5
S3,L1,G2,5,65%,,,Eugenia aloysii,0.7
S3,L1,G2,5,65%,,,Eugenia aloysii,1.2
S3,L1,G2,8,60%,,,Eugenia aloysii,2.5
S3,L1,G2,8,60%,,,Eugenia aloysii,0.5
S3,L1,G2,8,60%,,,Eugenia aloysii,0.7
S5,L2,G2,1,60%,,,Eugenia aloysii,2
S5,L2,G2,1,60%,,,Eugenia aloysii,1.6
S5,L2,G2,1,60%,,,Eugenia aloysii,1.6
S5,L2,G2,1,60%,,,Eugenia aloysii,1.2
S5,L2,G2,2,75%,,,Eugenia aloysii,2
S5,L2,G2,2,75%,,,Eugenia aloysii,3.5
S5,L2,G2,2,75%,,,Eugenia aloysii,8.9
S5,L2,G2,4,80%,,,Eugenia aloysii,4
S5,L2,G2,4,80%,,,Eugenia aloysii,4
S5,L2,G2,4,80%,,,Eugenia aloysii,5
S5,L2,G2,4,80%,,,Eugenia aloysii,8
S5,L2,G2,4,80%,,,Eugenia aloysii,6
S5,L2,G2,4,80%,,,Eugenia aloysii,10
S5,L2,G2,5,78%,,,Eugenia aloysii,1.2
S5,L2,G2,5,78%,,,Eugenia aloysii,15
S5,L2,G2,5,78%,,,Eugenia aloysii,12
S5,L2,G2,5,78%,,,Eugenia aloysii,12
S5,L2,G2,6,76%,,,Eugenia aloysii,3.5
S5,L2,G2,6,76%,,,Eugenia aloysii,4.5
S5,L2,G2,9,80%,,,Eugenia aloysii,4
S5,L2,G2,9,80%,,,Eugenia aloysii,4.3
S5,L2,G2,9,80%,,,Eugenia aloysii,5
S5,L2,G2,9,80%,,,Eugenia aloysii,5
S5,L2,G2,10,69%,,,Eugenia aloysii,4
S5,L2,G2,10,69%,,,Eugenia aloysii,4
S5,L2,G2,10,69%,,,Eugenia aloysii,7
S5,L2,G2,10,69%,,,Eugenia aloysii,7
S5,L2,G2,10,69%,,,Eugenia aloysii,11
S5,L2,G2,11,76%,,,Eugenia aloysii,9
S5,L2,G2,11,76%,,,Eugenia aloysii,13
S5,L2,G2,11,76%,,,Eugenia aloysii,5
S5,L2,G2,12,78%,,,Eugenia aloysii,7
S5,L2,G2,12,78%,,,Eugenia aloysii,11
S5,L2,G2,12,78%,,,Eugenia aloysii,9
S5,L2,G2,12,78%,,,Eugenia aloysii,4
S5,L2,G2,12,78%,,,Eugenia aloysii,6
S5,L2,G2,12,78%,,,Eugenia aloysii,9
S5,L2,G2,13,75%,,,Eugenia aloysii,11.8
S5,L2,G2,13,75%,,,Eugenia aloysii,3.5
S5,L2,G2,13,75%,,,Eugenia aloysii,7.3
S5,L2,G2,13,75%,,,Eugenia aloysii,7
S5,L2,G2,13,75%,,,Eugenia aloysii,7
S5,L2,G2,13,75%,,,Eugenia aloysii,9
S5,L2,G2,13,75%,,,Eugenia aloysii,13
S5,L2,G2,13,75%,,,Eugenia aloysii,7
S5,L2,G2,13,75%,,,Eugenia aloysii,9.7
S5,L2,G2,13,75%,,,Eugenia aloysii,17
S5,L2,G2,13,75%,,,Eugenia aloysii,3
S5,L2,G2,13,75%,,,Eugenia aloysii,3.8
S5,L2,G2,16,75%,,,Eugenia aloysii,4
S5,L2,G2,16,75%,,,Eugenia aloysii,5.5
S5,L2,G2,16,75%,,,Eugenia aloysii,6
S5,L2,G2,16,75%,,,Eugenia aloysii,4
S5,L2,G2,16,75%,,,Eugenia aloysii,3
S5,L2,G2,16,75%,,,Eugenia aloysii,4.5
S8,L1,G2,1,70%,,,Eugenia aloysii,2
S8,L1,G2,2,65%,,,Eugenia aloysii,7
S8,L1,G2,2,65%,,,Eugenia aloysii,2
S8,L1,G2,2,65%,,,Eugenia aloysii,2.4
S8,L1,G2,3,60%,,,Eugenia aloysii,8
S8,L1,G2,3,60%,,,Eugenia aloysii,1.2
S8,L1,G2,4,60%,,,Eugenia aloysii,1.2
S8,L1,G2,5,65%,,,Eugenia aloysii,6
S8,L1,G2,5,65%,,,Eugenia aloysii,2
S8,L1,G2,5,65%,,,Eugenia aloysii,3
S8,L1,G2,5,65%,,,Eugenia aloysii,3
S8,L1,G2,5,65%,,,Eugenia aloysii,0.5
S8,L1,G2,5,65%,,,Eugenia aloysii,1.2
S8,L1,G2,6,75%,,,Eugenia aloysii,2
S8,L1,G2,6,75%,,,Eugenia aloysii,1.3
S8,L1,G2,6,75%,,,Eugenia aloysii,1.2
S8,L1,G2,6,75%,,,Eugenia aloysii,1.2
S8,L1,G2,8,55%,,,Eugenia aloysii,7
S8,L1,G2,9,60%,,,Eugenia aloysii,0.6
S8,L1,G2,10,70%,,,Eugenia aloysii,6
S8,L1,G2,10,70%,,,Eugenia aloysii,1.5
S8,L1,G2,10,70%,,,Eugenia aloysii,9
S8,L1,G2,12,80%,,,Eugenia aloysii,5
S8,L1,G2,12,80%,,,Eugenia aloysii,7
S8,L1,G2,12,80%,,,Eugenia aloysii,10
S8,L1,G2,12,80%,,,Eugenia aloysii,2
S8,L1,G2,13,85%,,,Eugenia aloysii,9
S8,L1,G2,14,70%,,,Eugenia aloysii,2
S8,L1,G2,14,70%,,,Eugenia aloysii,9
S8,L1,G2,15,60%,,,Eugenia aloysii,5
S8,L1,G2,15,60%,,,Eugenia aloysii,5
S8,L1,G2,16,75%,,,Eugenia aloysii,2
S8,L1,G2,16,75%,,,Eugenia aloysii,8
S8,L1,G2,16,75%,,,Eugenia aloysii,6
S19,L1,G2,16,70%,,,Eugenia sp.,0.6
S3,L1,G2,2,78%,,,Euphorbiaceae seedling,0.5
S13,L1,G2,15,50%,,,Eurya nitida,2.5
S19,L1,G2,12,60%,,,Eurya nitida,2
S12,L2,G3,6,70%,,,Excoecaria crenulata,4
S12,L2,G3,9,75%,,,Excoecaria crenulata,2
S12,L2,G3,10,70%,,,Excoecaria crenulata,3
S12,L2,G3,12,78%,1 Net,,Excoecaria crenulata,3
S12,L2,G3,14,75%,,,Excoecaria crenulata,4
S18,L1,G2,1,55%,,,Ficus beddomei,250
S18,L1,G2,8,55%,,,Ficus exasperata,1.2
S18,L1,G2,8,55%,,,Ficus exasperata,2.7
S12,L2,G3,8,80%,,,Ficus exasperata,1.6
S3,L1,G2,2,78%,,,Ficus exasperata,6
S3,L1,G2,6,76%,,,Ficus exasperata,2
S3,L1,G2,14,80%,,,Ficus exasperata,1.2
S2,L1,G2,1,80%,,,Ficus exasperata,2
S2,L1,G2,1,80%,,,Ficus exasperata,1.3
S8,L1,G2,2,65%,,,Ficus exasperata,0.6
S8,L1,G2,5,65%,,,Ficus exasperata,60
S8,L1,G2,14,70%,,,Ficus exasperata,0.6
S19,L1,G2,10,65%,,1 Plot,Ficus nervosa,3
S19,L1,G2,14,69%,1 Net,,Ficus nervosa,25
S19,L1,G2,15,75%,,,Ficus nervosa,0.4
S18,L1,G2,11,55%,1 Net,,Ficus nervosa,1.1
S13,L1,G2,2,45%,,1 plot,Garcinia gummi-gutta,8
S13,L1,G2,5,70%,1 Net,1 plot,Garcinia gummi-gutta,0.3
S13,L1,G2,6,70%,1 Net,,Garcinia gummi-gutta,3
S13,L1,G2,7,40%,,,Garcinia gummi-gutta,1
S13,L1,G2,9,40%,,,Garcinia gummi-gutta,3
S13,L1,G2,11,50%,,,Garcinia gummi-gutta,1.2
S13,L1,G2,11,50%,,,Garcinia gummi-gutta,2
S13,L1,G2,12,60%,,,Garcinia gummi-gutta,5
S13,L1,G2,14,40%,,,Garcinia gummi-gutta,4
S19,L1,G2,2,75%,1 Net,2 Plots,Garcinia gummi-gutta,3
S19,L1,G2,2,75%,1 Net,2 Plots,Garcinia gummi-gutta,8
S19,L1,G2,2,75%,1 Net,2 Plots,Garcinia gummi-gutta,3
S19,L1,G2,3,75%,1 Net,,Garcinia gummi-gutta,2
S19,L1,G2,3,75%,1 Net,,Garcinia gummi-gutta,3
S19,L1,G2,4,70%,,,Garcinia gummi-gutta,2.5
S19,L1,G2,4,70%,,,Garcinia gummi-gutta,0.6
S19,L1,G2,4,70%,,,Garcinia gummi-gutta,0.6
S19,L1,G2,4,70%,,,Garcinia gummi-gutta,7
S19,L1,G2,4,70%,,,Garcinia gummi-gutta,2
S19,L1,G2,9,70%,,,Garcinia gummi-gutta,0.5
S19,L1,G2,12,60%,,,Garcinia gummi-gutta,2
S19,L1,G2,16,70%,,,Garcinia gummi-gutta,1.5
S18,L1,G2,4,70%,,,Garcinia gummi-gutta,1.3
S18,L1,G2,5,55%,,0.5 Plot,Garcinia gummi-gutta,0.4
S18,L1,G2,5,55%,,0.5 Plot,Garcinia gummi-gutta,2
S18,L1,G2,5,55%,,0.5 Plot,Garcinia gummi-gutta,2
S18,L1,G2,6,55%,1 Net,4 Plots,Garcinia gummi-gutta,1.4
S18,L1,G2,6,55%,1 Net,4 Plots,Garcinia gummi-gutta,3
S18,L1,G2,9,60%,,,Garcinia gummi-gutta,0.6
S18,L1,G2,9,60%,,,Garcinia gummi-gutta,0.6
S18,L1,G2,10,65%,,,Garcinia gummi-gutta,0.5
S18,L1,G2,11,55%,1 Net,,Garcinia gummi-gutta,1.6
S18,L1,G2,11,55%,1 Net,,Garcinia gummi-gutta,1.2
S18,L1,G2,12,55%,,,Garcinia gummi-gutta,1.2
S18,L1,G2,13,57%,,,Garcinia gummi-gutta,1.3
S18,L1,G2,14,60%,,,Garcinia gummi-gutta,1.1
S18,L1,G2,14,60%,,,Garcinia gummi-gutta,0.7
S18,L1,G2,14,60%,,,Garcinia gummi-gutta,1.1
S18,L1,G2,14,60%,,,Garcinia gummi-gutta,0.5
S18,L1,G2,14,60%,,,Garcinia gummi-gutta,0.8
S18,L1,G2,14,60%,,,Garcinia gummi-gutta,1.2
S18,L1,G2,14,60%,,,Garcinia gummi-gutta,0.6
S18,L1,G2,14,60%,,,Garcinia gummi-gutta,0.4
S18,L1,G2,14,60%,,,Garcinia gummi-gutta,1.2
S18,L1,G2,14,60%,,,Garcinia gummi-gutta,0.6
S18,L1,G2,15,60%,,,Garcinia gummi-gutta,1.2
S18,L1,G2,15,60%,,,Garcinia gummi-gutta,0.5
S18,L1,G2,15,60%,,,Garcinia gummi-gutta,0.6
S18,L1,G2,15,60%,,,Garcinia gummi-gutta,0.5
S18,L1,G2,15,60%,,,Garcinia gummi-gutta,0.4
S18,L1,G2,15,60%,,,Garcinia gummi-gutta,0.4
S18,L1,G2,16,65%,,,Garcinia gummi-gutta,0.5
S18,L1,G2,16,65%,,,Garcinia gummi-gutta,3
S18,L1,G2,16,65%,,,Garcinia gummi-gutta,1.4
S18,L1,G2,16,65%,,,Garcinia gummi-gutta,2.2
S18,L1,G2,16,65%,,,Garcinia gummi-gutta,0.6
S18,L1,G2,16,65%,,,Garcinia gummi-gutta,0.5
S18,L1,G2,16,65%,,,Garcinia gummi-gutta,0.6
S12,L2,G3,1,75%,1 Net,,Garcinia gummi-gutta,3
S12,L2,G3,3,70%,,,Garcinia gummi-gutta,1.2
S3,L1,G2,5,65%,,,Garcinia gummi-gutta,0.6
S3,L1,G2,7,70%,,,Garcinia gummi-gutta,3
S2,L1,G2,13,65%,,,Garcinia gummi-gutta,1.2
S5,L2,G2,1,60%,,,Garcinia gummi-gutta,0.4
S5,L2,G2,2,75%,,,Garcinia gummi-gutta,0.4
S19,L1,G2,1,70%,,,Garcinia morella,3.5
S19,L1,G2,2,75%,1 Net,2 Plots,Garcinia morella,1.2
S19,L1,G2,3,75%,1 Net,,Garcinia morella,1.6
S19,L1,G2,4,70%,,,Garcinia morella,1.2
S19,L1,G2,5,65%,,,Garcinia morella,0.6
S19,L1,G2,9,70%,,,Garcinia morella,0.4
S19,L1,G2,9,70%,,,Garcinia morella,1.2
S19,L1,G2,9,70%,,,Garcinia morella,0.4
S19,L1,G2,12,60%,,,Garcinia morella,3
S19,L1,G2,12,60%,,,Garcinia morella,2
S19,L1,G2,13,70%,,,Garcinia morella,0.9
S19,L1,G2,14,69%,1 Net,,Garcinia morella,2
S19,L1,G2,16,70%,,,Garcinia morella,0.9
S18,L1,G2,4,70%,,,Garcinia morella,3
S18,L1,G2,11,55%,1 Net,,Garcinia morella,1.2
S18,L1,G2,12,55%,,,Garcinia morella,1
S18,L1,G2,13,57%,,,Garcinia morella,0.5
S12,L2,G3,5,77%,,,Garcinia morella,1.2
S12,L2,G3,5,77%,,,Garcinia morella,2
S12,L2,G3,6,70%,,,Garcinia morella,1.7
S12,L2,G3,6,70%,,,Garcinia morella,3
S12,L2,G3,6,70%,,,Garcinia morella,1.5
S12,L2,G3,6,70%,,,Garcinia morella,3
S12,L2,G3,6,70%,,,Garcinia morella,3
S12,L2,G3,6,70%,,,Garcinia morella,3
S12,L2,G3,6,70%,,,Garcinia morella,1.2
S12,L2,G3,6,70%,,,Garcinia morella,3
S12,L2,G3,9,75%,,,Garcinia morella,3
S12,L2,G3,11,85%,,,Garcinia morella,1.2
S12,L2,G3,14,75%,,,Garcinia morella,4
S3,L1,G2,3,60%,,,Garcinia morella,0.6
S13,L1,G2,9,40%,,,Glochidion ellipticum,62
S13,L1,G2,9,40%,,,Glochidion ellipticum,44
S13,L1,G2,11,50%,,,Glochidion ellipticum,29
S13,L1,G2,13,50%,,,Glochidion ellipticum,15
S13,L1,G2,13,50%,,,Glochidion ellipticum,9
S13,L1,G2,13,50%,,,Glochidion ellipticum,11
S13,L1,G2,14,40%,,,Glochidion ellipticum,40
S13,L1,G2,14,40%,,,Glochidion ellipticum,62
S13,L1,G2,15,50%,,,Glochidion ellipticum,70
S13,L1,G2,16,50%,,,Glochidion ellipticum,45
S19,L1,G2,1,70%,,,Glochidion ellipticum,80
S19,L1,G2,4,70%,,,Glochidion ellipticum,81
S19,L1,G2,5,65%,,,Glochidion ellipticum,75
S19,L1,G2,10,65%,,1 Plot,Glochidion ellipticum,78
S19,L1,G2,16,70%,,,Glochidion ellipticum,50
S19,L1,G2,16,70%,,,Glochidion ellipticum,24
S12,L2,G3,2,75%,,,Glochidion ellipticum,65
S12,L2,G3,9,75%,,,Glochidion ellipticum,40
S3,L1,G2,1,60%,,,Glochidion ellipticum,12
S3,L1,G2,16,80%,,,Glochidion ellipticum,1.1
S2,L1,G2,2,79%,,,Glochidion ellipticum,34
S2,L1,G2,6,79%,,,Glochidion ellipticum,65
S2,L1,G2,7,69%,,,Glochidion ellipticum,52
S2,L1,G2,9,80%,,,Glochidion ellipticum,15
S2,L1,G2,9,80%,,,Glochidion ellipticum,79
S2,L1,G2,10,75%,,,Glochidion ellipticum,29
S2,L1,G2,11,75%,,,Glochidion ellipticum,15
S2,L1,G2,11,75%,,,Glochidion ellipticum,15
S2,L1,G2,13,65%,,,Glochidion ellipticum,17
S2,L1,G2,16,80%,,,Glochidion ellipticum,52
S5,L2,G2,1,60%,,,Glochidion ellipticum,30
S5,L2,G2,12,78%,,,Glochidion ellipticum,73
S5,L2,G2,12,78%,,,Glochidion ellipticum,7
S8,L1,G2,5,65%,,,Glochidion ellipticum,0.5
S8,L1,G2,6,75%,,,Glochidion ellipticum,25
S8,L1,G2,10,70%,,,Glochidion ellipticum,19
S8,L1,G2,12,80%,,,Glochidion ellipticum,50
S8,L1,G2,13,85%,,,Glochidion ellipticum,42
S8,L1,G2,13,85%,,,Glochidion ellipticum,1.2
S8,L1,G2,14,70%,,,Glochidion ellipticum,0.4
S8,L1,G2,15,60%,,,Glochidion ellipticum,36
S12,L2,G3,1,75%,1 Net,,Gomphandra tetrandra,3
S12,L2,G3,3,70%,,,Gomphandra tetrandra,6
S12,L2,G3,3,70%,,,Gomphandra tetrandra,4.5
S12,L2,G3,4,75%,,,Gomphandra tetrandra,3
S12,L2,G3,4,75%,,,Gomphandra tetrandra,3
S12,L2,G3,4,75%,,,Gomphandra tetrandra,3
S12,L2,G3,5,77%,,,Gomphandra tetrandra,4
S12,L2,G3,5,77%,,,Gomphandra tetrandra,4
S12,L2,G3,6,70%,,,Gomphandra tetrandra,3
S12,L2,G3,6,70%,,,Gomphandra tetrandra,1.1
S12,L2,G3,6,70%,,,Gomphandra tetrandra,4
S12,L2,G3,8,80%,,,Gomphandra tetrandra,2.5
S12,L2,G3,8,80%,,,Gomphandra tetrandra,3
S12,L2,G3,9,75%,,,Gomphandra tetrandra,1.2
S12,L2,G3,11,85%,,,Gomphandra tetrandra,2
S12,L2,G3,11,85%,,,Gomphandra tetrandra,2
S12,L2,G3,11,85%,,,Gomphandra tetrandra,4
S12,L2,G3,11,85%,,,Gomphandra tetrandra,3
S12,L2,G3,12,78%,1 Net,,Gomphandra tetrandra,3
S12,L2,G3,12,78%,1 Net,,Gomphandra tetrandra,3
S12,L2,G3,12,78%,1 Net,,Gomphandra tetrandra,2.5
S12,L2,G3,12,78%,1 Net,,Gomphandra tetrandra,4
S12,L2,G3,12,78%,1 Net,,Gomphandra tetrandra,3
S12,L2,G3,12,78%,1 Net,,Gomphandra tetrandra,3
S12,L2,G3,12,78%,1 Net,,Gomphandra tetrandra,3
S12,L2,G3,14,75%,,,Gomphandra tetrandra,1.2
S12,L2,G3,14,75%,,,Gomphandra tetrandra,2
S12,L2,G3,15,80%,,,Gomphandra tetrandra,1.1
S8,L1,G2,5,65%,,,Gomphandra tetrandra,0.3
S3,L1,G2,8,60%,,,Goniothalamus sp.,2.3
S3,L1,G2,14,80%,,,Goniothalamus sp.,2.6
S8,L1,G2,5,65%,,,Goniothalamus sp.,1.2
S8,L1,G2,5,65%,,,Goniothalamus sp.,0.5
S8,L1,G2,5,65%,,,Goniothalamus sp.,0.5
S8,L1,G2,5,65%,,,Goniothalamus sp.,1.1
S8,L1,G2,5,65%,,,Goniothalamus sp.,1.1
S8,L1,G2,5,65%,,,Goniothalamus sp.,1.1
S8,L1,G2,5,65%,,,Goniothalamus sp.,1.2
S8,L1,G2,9,60%,,,Goniothalamus sp.,1.2
S8,L1,G2,10,70%,,,Goniothalamus sp.,1.6
S8,L1,G2,10,70%,,,Goniothalamus sp.,4
S8,L1,G2,12,80%,,,Goniothalamus sp.,2
S18,L1,G2,4,70%,,,Grewia sp.,1.9
S5,L2,G2,10,69%,,,Heritiera papilio,6
S5,L2,G2,10,69%,,,Heritiera papilio,6.5
S5,L2,G2,14,70%,,,Heritiera papilio,6
S5,L2,G2,14,70%,,,Heritiera papilio,6
S5,L2,G2,14,70%,,,Heritiera papilio,4
S5,L2,G2,14,70%,,,Heritiera papilio,6
S5,L2,G2,14,70%,,,Heritiera papilio,7
S5,L2,G2,16,75%,,,Heritiera papilio,8
S5,L2,G2,16,75%,,,Heritiera papilio,16
S13,L1,G2,7,40%,,,Holigarna nigra,1.5
S13,L1,G2,8,55%,,,Holigarna nigra,1
S13,L1,G2,8,55%,,,Holigarna nigra,1
S13,L1,G2,8,55%,,,Holigarna nigra,1.5
S13,L1,G2,8,55%,,,Holigarna nigra,0.4
S13,L1,G2,8,55%,,,Holigarna nigra,0.8
S13,L1,G2,8,55%,,,Holigarna nigra,0.8
S13,L1,G2,8,55%,,,Holigarna nigra,0.3
S13,L1,G2,8,55%,,,Holigarna nigra,0.6
S13,L1,G2,8,55%,,,Holigarna nigra,0.4
S13,L1,G2,8,55%,,,Holigarna nigra,1
S13,L1,G2,8,55%,,,Holigarna nigra,0.3
S13,L1,G2,9,40%,,,Holigarna nigra,0.4
S13,L1,G2,9,40%,,,Holigarna nigra,0.4
S13,L1,G2,9,40%,,,Holigarna nigra,1.2
S13,L1,G2,9,40%,,,Holigarna nigra,0.9
S13,L1,G2,13,50%,,,Holigarna nigra,1
S13,L1,G2,14,40%,,,Holigarna nigra,5
S13,L1,G2,14,40%,,,Holigarna nigra,0.6
S13,L1,G2,15,50%,,,Holigarna nigra,0.9
S13,L1,G2,16,50%,,,Holigarna nigra,0.4
S13,L1,G2,16,50%,,,Holigarna nigra,1
S13,L1,G2,16,50%,,,Holigarna nigra,1
S13,L1,G2,16,50%,,,Holigarna nigra,2
S13,L1,G2,16,50%,,,Holigarna nigra,0.5
S13,L1,G2,16,50%,,,Holigarna nigra,0.9
S13,L1,G2,16,50%,,,Holigarna nigra,0.5
S13,L1,G2,16,50%,,,Holigarna nigra,0.4
S13,L1,G2,16,50%,,,Holigarna nigra,0.7
S18,L1,G2,3,40%,,,Holigarna nigra,0.4
S18,L1,G2,3,40%,,,Holigarna nigra,2
S18,L1,G2,3,40%,,,Holigarna nigra,0.4
S18,L1,G2,4,70%,,,Holigarna nigra,1.3
S18,L1,G2,4,70%,,,Holigarna nigra,3
S18,L1,G2,5,55%,,0.5 Plot,Holigarna nigra,4.5
S18,L1,G2,9,60%,,,Holigarna nigra,0.9
S18,L1,G2,9,60%,,,Holigarna nigra,1.4
S18,L1,G2,9,60%,,,Holigarna nigra,1.9
S18,L1,G2,10,65%,,,Holigarna nigra,1.1
S18,L1,G2,10,65%,,,Holigarna nigra,1.1
S18,L1,G2,10,65%,,,Holigarna nigra,1.1
S18,L1,G2,11,55%,1 Net,,Holigarna nigra,1.3
S18,L1,G2,11,55%,1 Net,,Holigarna nigra,3
S18,L1,G2,11,55%,1 Net,,Holigarna nigra,1.3
S18,L1,G2,11,55%,1 Net,,Holigarna nigra,1.3
S18,L1,G2,12,55%,,,Holigarna nigra,1.2
S18,L1,G2,13,57%,,,Holigarna nigra,1.1
S18,L1,G2,13,57%,,,Holigarna nigra,0.4
S18,L1,G2,13,57%,,,Holigarna nigra,0.9
S18,L1,G2,13,57%,,,Holigarna nigra,0.9
S18,L1,G2,14,60%,,,Holigarna nigra,1.3
S18,L1,G2,14,60%,,,Holigarna nigra,0.9
S18,L1,G2,14,60%,,,Holigarna nigra,1.1
S18,L1,G2,14,60%,,,Holigarna nigra,0.7
S18,L1,G2,14,60%,,,Holigarna nigra,0.7
S18,L1,G2,15,60%,,,Holigarna nigra,4
S18,L1,G2,15,60%,,,Holigarna nigra,1.1
S18,L1,G2,15,60%,,,Holigarna nigra,1
S18,L1,G2,15,60%,,,Holigarna nigra,1
S18,L1,G2,15,60%,,,Holigarna nigra,0.5
S18,L1,G2,16,65%,,,Holigarna nigra,0.5
S18,L1,G2,16,65%,,,Holigarna nigra,1.7
S18,L1,G2,16,65%,,,Holigarna nigra,0.9
S18,L1,G2,16,65%,,,Holigarna nigra,1.2
S12,L2,G3,4,75%,,,Holigarna nigra,60
S12,L2,G3,4,75%,,,Holigarna nigra,0.6
S12,L2,G3,5,77%,,,Holigarna nigra,39
S3,L1,G2,4,75%,,,Holigarna nigra,5
S2,L1,G2,13,65%,,,Holigarna nigra,49
S5,L2,G2,6,76%,,,Holigarna nigra,7
S5,L2,G2,6,76%,,,Holigarna nigra,3.5
S5,L2,G2,6,76%,,,Holigarna nigra,4
S5,L2,G2,16,75%,,,Holigarna nigra,8
S13,L1,G2,7,40%,,,Hopea canarensis,3
S13,L1,G2,7,40%,,,Hopea canarensis,4
S13,L1,G2,11,50%,,,Hopea canarensis,5
S13,L1,G2,13,50%,,,Hopea canarensis,8
S13,L1,G2,16,50%,,,Hopea canarensis,22
S19,L1,G2,1,70%,,,Hopea canarensis,5
S19,L1,G2,2,75%,1 Net,2 Plots,Hopea canarensis,3.2
S19,L1,G2,7,60%,,I Plot,Hopea canarensis,60
S19,L1,G2,16,70%,,,Hopea canarensis,8
S12,L2,G3,3,70%,,,Hopea canarensis,3
S12,L2,G3,3,70%,,,Hopea canarensis,6
S12,L2,G3,5,77%,,,Hopea canarensis,6
S12,L2,G3,7,70%,,,Hopea canarensis,4
S12,L2,G3,8,80%,,,Hopea canarensis,3
S12,L2,G3,10,70%,,,Hopea canarensis,9
S12,L2,G3,11,85%,,,Hopea canarensis,4
S12,L2,G3,12,78%,1 Net,,Hopea canarensis,1.5
S12,L2,G3,12,78%,1 Net,,Hopea canarensis,10
S12,L2,G3,13,70%,,,Hopea canarensis,3
S12,L2,G3,13,70%,,,Hopea canarensis,4
S12,L2,G3,13,70%,,,Hopea canarensis,1.2
S12,L2,G3,13,70%,,,Hopea canarensis,1.2
S12,L2,G3,13,70%,,,Hopea canarensis,5
S12,L2,G3,14,75%,,,Hopea canarensis,3
S12,L2,G3,14,75%,,,Hopea canarensis,2
S12,L2,G3,14,75%,,,Hopea canarensis,1.5
S12,L2,G3,16,78%,,,Hopea canarensis,3
S3,L1,G2,1,60%,,,Hopea canarensis,2
S3,L1,G2,3,60%,,,Hopea canarensis,79
S3,L1,G2,12,75%,,,Hopea canarensis,2.3
S5,L2,G2,1,60%,,,Hopea canarensis,5
S5,L2,G2,1,60%,,,Hopea canarensis,0.5
S5,L2,G2,1,60%,,,Hopea canarensis,0.9
S5,L2,G2,1,60%,,,Hopea canarensis,1.6
S5,L2,G2,1,60%,,,Hopea canarensis,2
S5,L2,G2,3,68%,,,Hopea canarensis,3
S5,L2,G2,3,68%,,,Hopea canarensis,3
S5,L2,G2,4,80%,,,Hopea canarensis,1.2
S5,L2,G2,5,78%,,,Hopea canarensis,12
S5,L2,G2,5,78%,,,Hopea canarensis,15
S5,L2,G2,5,78%,,,Hopea canarensis,12
S5,L2,G2,5,78%,,,Hopea canarensis,11
S5,L2,G2,5,78%,,,Hopea canarensis,13
S5,L2,G2,6,76%,,,Hopea canarensis,6
S5,L2,G2,6,76%,,,Hopea canarensis,5
S5,L2,G2,13,75%,,,Hopea canarensis,85
S5,L2,G2,15,67%,,,Hopea canarensis,85
S13,L1,G2,2,45%,,1 plot,Hopea parviflora ,3
S13,L1,G2,2,45%,,1 plot,Hopea parviflora ,2
S13,L1,G2,2,45%,,1 plot,Hopea parviflora ,4
S13,L1,G2,2,45%,,1 plot,Hopea parviflora ,3
S13,L1,G2,2,45%,,1 plot,Hopea parviflora ,5
S13,L1,G2,2,45%,,1 plot,Hopea parviflora ,17
S19,L1,G2,1,70%,,,Humboldtia brunonis,6.5
S19,L1,G2,1,70%,,,Humboldtia brunonis,8.5
S19,L1,G2,1,70%,,,Humboldtia brunonis,6
S19,L1,G2,1,70%,,,Humboldtia brunonis,6
S19,L1,G2,1,70%,,,Humboldtia brunonis,1.5
S19,L1,G2,1,70%,,,Humboldtia brunonis,1
S19,L1,G2,1,70%,,,Humboldtia brunonis,1
S19,L1,G2,1,70%,,,Humboldtia brunonis,1
S19,L1,G2,1,70%,,,Humboldtia brunonis,0.5
S19,L1,G2,1,70%,,,Humboldtia brunonis,5
S19,L1,G2,1,70%,,,Humboldtia brunonis,6.5
S19,L1,G2,1,70%,,,Humboldtia brunonis,1
S19,L1,G2,1,70%,,,Humboldtia brunonis,0.5
S19,L1,G2,1,70%,,,Humboldtia brunonis,0.5
S19,L1,G2,1,70%,,,Humboldtia brunonis,0.5
S19,L1,G2,1,70%,,,Humboldtia brunonis,8
S19,L1,G2,1,70%,,,Humboldtia brunonis,0.5
S19,L1,G2,1,70%,,,Humboldtia brunonis,0.5
S19,L1,G2,1,70%,,,Humboldtia brunonis,0.5
S19,L1,G2,1,70%,,,Humboldtia brunonis,0.5
S19,L1,G2,1,70%,,,Humboldtia brunonis,0.5
S19,L1,G2,1,70%,,,Humboldtia brunonis,0.5
S19,L1,G2,1,70%,,,Humboldtia brunonis,5.5
S19,L1,G2,1,70%,,,Humboldtia brunonis,0.6
S19,L1,G2,1,70%,,,Humboldtia brunonis,3
S19,L1,G2,1,70%,,,Humboldtia brunonis,8
S19,L1,G2,1,70%,,,Humboldtia brunonis,1
S19,L1,G2,1,70%,,,Humboldtia brunonis,0.5
S19,L1,G2,1,70%,,,Humboldtia brunonis,7
S19,L1,G2,1,70%,,,Humboldtia brunonis,7
S19,L1,G2,1,70%,,,Humboldtia brunonis,0.4
S19,L1,G2,1,70%,,,Humboldtia brunonis,0.4
S19,L1,G2,1,70%,,,Humboldtia brunonis,0.4
S19,L1,G2,1,70%,,,Humboldtia brunonis,0.4
S19,L1,G2,1,70%,,,Humboldtia brunonis,0.5
S19,L1,G2,1,70%,,,Humboldtia brunonis,0.5
S19,L1,G2,1,70%,,,Humboldtia brunonis,7
S19,L1,G2,1,70%,,,Humboldtia brunonis,5
S19,L1,G2,1,70%,,,Humboldtia brunonis,11
S19,L1,G2,1,70%,,,Humboldtia brunonis,7
S19,L1,G2,1,70%,,,Humboldtia brunonis,5
S19,L1,G2,1,70%,,,Humboldtia brunonis,6
S19,L1,G2,1,70%,,,Humboldtia brunonis,0.5
S19,L1,G2,1,70%,,,Humboldtia brunonis,0.5
S19,L1,G2,2,75%,1 Net,2 Plots,Humboldtia brunonis,0.4
S19,L1,G2,2,75%,1 Net,2 Plots,Humboldtia brunonis,0.5
S19,L1,G2,2,75%,1 Net,2 Plots,Humboldtia brunonis,1.1
S19,L1,G2,2,75%,1 Net,2 Plots,Humboldtia brunonis,0.5
S19,L1,G2,2,75%,1 Net,2 Plots,Humboldtia brunonis,0.7
S19,L1,G2,2,75%,1 Net,2 Plots,Humboldtia brunonis,0.4
S19,L1,G2,2,75%,1 Net,2 Plots,Humboldtia brunonis,0.4
S19,L1,G2,2,75%,1 Net,2 Plots,Humboldtia brunonis,0.4
S19,L1,G2,2,75%,1 Net,2 Plots,Humboldtia brunonis,0.4
S19,L1,G2,2,75%,1 Net,2 Plots,Humboldtia brunonis,4
S19,L1,G2,2,75%,1 Net,2 Plots,Humboldtia brunonis,0.4
S19,L1,G2,2,75%,1 Net,2 Plots,Humboldtia brunonis,0.4
S19,L1,G2,2,75%,1 Net,2 Plots,Humboldtia brunonis,1.5
S19,L1,G2,2,75%,1 Net,2 Plots,Humboldtia brunonis,12
S19,L1,G2,2,75%,1 Net,2 Plots,Humboldtia brunonis,0.5
S19,L1,G2,2,75%,1 Net,2 Plots,Humboldtia brunonis,8
S19,L1,G2,2,75%,1 Net,2 Plots,Humboldtia brunonis,0.5
S19,L1,G2,2,75%,1 Net,2 Plots,Humboldtia brunonis,6
S19,L1,G2,2,75%,1 Net,2 Plots,Humboldtia brunonis,7
S19,L1,G2,2,75%,1 Net,2 Plots,Humboldtia brunonis,8
S19,L1,G2,2,75%,1 Net,2 Plots,Humboldtia brunonis,0.5
S19,L1,G2,2,75%,1 Net,2 Plots,Humboldtia brunonis,2
S19,L1,G2,2,75%,1 Net,2 Plots,Humboldtia brunonis,5
S19,L1,G2,2,75%,1 Net,2 Plots,Humboldtia brunonis,6
S19,L1,G2,2,75%,1 Net,2 Plots,Humboldtia brunonis,1.2
S19,L1,G2,2,75%,1 Net,2 Plots,Humboldtia brunonis,9
S19,L1,G2,2,75%,1 Net,2 Plots,Humboldtia brunonis,8
S19,L1,G2,2,75%,1 Net,2 Plots,Humboldtia brunonis,0.5
S19,L1,G2,2,75%,1 Net,2 Plots,Humboldtia brunonis,0.5
S19,L1,G2,2,75%,1 Net,2 Plots,Humboldtia brunonis,10
S19,L1,G2,2,75%,1 Net,2 Plots,Humboldtia brunonis,3.5
S19,L1,G2,2,75%,1 Net,2 Plots,Humboldtia brunonis,0.5
S19,L1,G2,2,75%,1 Net,2 Plots,Humboldtia brunonis,0.5
S19,L1,G2,2,75%,1 Net,2 Plots,Humboldtia brunonis,3
S19,L1,G2,2,75%,1 Net,2 Plots,Humboldtia brunonis,4
S19,L1,G2,2,75%,1 Net,2 Plots,Humboldtia brunonis,0.3
S19,L1,G2,3,75%,1 Net,,Humboldtia brunonis,1.2
S19,L1,G2,3,75%,1 Net,,Humboldtia brunonis,4
S19,L1,G2,3,75%,1 Net,,Humboldtia brunonis,4
S19,L1,G2,3,75%,1 Net,,Humboldtia brunonis,15
S19,L1,G2,3,75%,1 Net,,Humboldtia brunonis,5
S19,L1,G2,3,75%,1 Net,,Humboldtia brunonis,3
S19,L1,G2,3,75%,1 Net,,Humboldtia brunonis,2.5
S19,L1,G2,3,75%,1 Net,,Humboldtia brunonis,4
S19,L1,G2,3,75%,1 Net,,Humboldtia brunonis,4
S19,L1,G2,3,75%,1 Net,,Humboldtia brunonis,2
S19,L1,G2,3,75%,1 Net,,Humboldtia brunonis,2
S19,L1,G2,3,75%,1 Net,,Humboldtia brunonis,1
S19,L1,G2,3,75%,1 Net,,Humboldtia brunonis,8
S19,L1,G2,3,75%,1 Net,,Humboldtia brunonis,7
S19,L1,G2,3,75%,1 Net,,Humboldtia brunonis,0.5
S19,L1,G2,3,75%,1 Net,,Humboldtia brunonis,0.5
S19,L1,G2,3,75%,1 Net,,Humboldtia brunonis,0.5
S19,L1,G2,3,75%,1 Net,,Humboldtia brunonis,6
S19,L1,G2,3,75%,1 Net,,Humboldtia brunonis,0.4
S19,L1,G2,3,75%,1 Net,,Humboldtia brunonis,0.4
S19,L1,G2,3,75%,1 Net,,Humboldtia brunonis,0.4
S19,L1,G2,3,75%,1 Net,,Humboldtia brunonis,6
S19,L1,G2,3,75%,1 Net,,Humboldtia brunonis,0.5
S19,L1,G2,3,75%,1 Net,,Humboldtia brunonis,9
S19,L1,G2,3,75%,1 Net,,Humboldtia brunonis,0.5
S19,L1,G2,3,75%,1 Net,,Humboldtia brunonis,0.4
S19,L1,G2,3,75%,1 Net,,Humboldtia brunonis,0.4
S19,L1,G2,3,75%,1 Net,,Humboldtia brunonis,3
S19,L1,G2,3,75%,1 Net,,Humboldtia brunonis,6
S19,L1,G2,3,75%,1 Net,,Humboldtia brunonis,0.4
S19,L1,G2,3,75%,1 Net,,Humboldtia brunonis,4
S19,L1,G2,3,75%,1 Net,,Humboldtia brunonis,0.4
S19,L1,G2,3,75%,1 Net,,Humboldtia brunonis,5
S19,L1,G2,3,75%,1 Net,,Humboldtia brunonis,3
S19,L1,G2,3,75%,1 Net,,Humboldtia brunonis,0.5
S19,L1,G2,3,75%,1 Net,,Humboldtia brunonis,15
S19,L1,G2,3,75%,1 Net,,Humboldtia brunonis,6
S19,L1,G2,3,75%,1 Net,,Humboldtia brunonis,8
S19,L1,G2,3,75%,1 Net,,Humboldtia brunonis,7
S19,L1,G2,3,75%,1 Net,,Humboldtia brunonis,9
S19,L1,G2,3,75%,1 Net,,Humboldtia brunonis,0.5
S19,L1,G2,3,75%,1 Net,,Humboldtia brunonis,0.5
S19,L1,G2,3,75%,1 Net,,Humboldtia brunonis,0.5
S19,L1,G2,3,75%,1 Net,,Humboldtia brunonis,0.5
S19,L1,G2,3,75%,1 Net,,Humboldtia brunonis,0.5
S19,L1,G2,3,75%,1 Net,,Humboldtia brunonis,0.5
S19,L1,G2,3,75%,1 Net,,Humboldtia brunonis,2
S19,L1,G2,3,75%,1 Net,,Humboldtia brunonis,0.6
S19,L1,G2,3,75%,1 Net,,Humboldtia brunonis,0.4
S19,L1,G2,3,75%,1 Net,,Humboldtia brunonis,1.5
S19,L1,G2,3,75%,1 Net,,Humboldtia brunonis,6
S19,L1,G2,3,75%,1 Net,,Humboldtia brunonis,0.3
S19,L1,G2,3,75%,1 Net,,Humboldtia brunonis,2.6
S19,L1,G2,3,75%,1 Net,,Humboldtia brunonis,3.5
S19,L1,G2,3,75%,1 Net,,Humboldtia brunonis,9
S19,L1,G2,4,70%,,,Humboldtia brunonis,9
S19,L1,G2,4,70%,,,Humboldtia brunonis,7
S19,L1,G2,4,70%,,,Humboldtia brunonis,9
S19,L1,G2,4,70%,,,Humboldtia brunonis,1.2
S19,L1,G2,4,70%,,,Humboldtia brunonis,3
S19,L1,G2,4,70%,,,Humboldtia brunonis,6
S19,L1,G2,4,70%,,,Humboldtia brunonis,0.6
S19,L1,G2,4,70%,,,Humboldtia brunonis,0.6
S19,L1,G2,4,70%,,,Humboldtia brunonis,0.6
S19,L1,G2,4,70%,,,Humboldtia brunonis,0.4
S19,L1,G2,4,70%,,,Humboldtia brunonis,10
S19,L1,G2,4,70%,,,Humboldtia brunonis,0.4
S19,L1,G2,4,70%,,,Humboldtia brunonis,13
S19,L1,G2,4,70%,,,Humboldtia brunonis,3
S19,L1,G2,4,70%,,,Humboldtia brunonis,0.5
S19,L1,G2,4,70%,,,Humboldtia brunonis,0.5
S19,L1,G2,4,70%,,,Humboldtia brunonis,0.5
S19,L1,G2,4,70%,,,Humboldtia brunonis,0.5
S19,L1,G2,4,70%,,,Humboldtia brunonis,0.6
S19,L1,G2,4,70%,,,Humboldtia brunonis,0.6
S19,L1,G2,4,70%,,,Humboldtia brunonis,7
S19,L1,G2,4,70%,,,Humboldtia brunonis,5
S19,L1,G2,4,70%,,,Humboldtia brunonis,2
S19,L1,G2,4,70%,,,Humboldtia brunonis,1.2
S19,L1,G2,4,70%,,,Humboldtia brunonis,0.5
S19,L1,G2,4,70%,,,Humboldtia brunonis,7
S19,L1,G2,4,70%,,,Humboldtia brunonis,2
S19,L1,G2,4,70%,,,Humboldtia brunonis,9
S19,L1,G2,4,70%,,,Humboldtia brunonis,0.6
S19,L1,G2,4,70%,,,Humboldtia brunonis,6
S19,L1,G2,4,70%,,,Humboldtia brunonis,0.5
S19,L1,G2,4,70%,,,Humboldtia brunonis,5
S19,L1,G2,4,70%,,,Humboldtia brunonis,0.6
S19,L1,G2,4,70%,,,Humboldtia brunonis,0.6
S19,L1,G2,4,70%,,,Humboldtia brunonis,0.4
S19,L1,G2,4,70%,,,Humboldtia brunonis,0.6
S19,L1,G2,4,70%,,,Humboldtia brunonis,0.6
S19,L1,G2,4,70%,,,Humboldtia brunonis,0.6
S19,L1,G2,5,65%,,,Humboldtia brunonis,8
S19,L1,G2,5,65%,,,Humboldtia brunonis,15
S19,L1,G2,5,65%,,,Humboldtia brunonis,17
S19,L1,G2,5,65%,,,Humboldtia brunonis,6
S19,L1,G2,5,65%,,,Humboldtia brunonis,2
S19,L1,G2,5,65%,,,Humboldtia brunonis,2
S19,L1,G2,5,65%,,,Humboldtia brunonis,1.2
S19,L1,G2,5,65%,,,Humboldtia brunonis,1.2
S19,L1,G2,5,65%,,,Humboldtia brunonis,10
S19,L1,G2,5,65%,,,Humboldtia brunonis,0.6
S19,L1,G2,5,65%,,,Humboldtia brunonis,8
S19,L1,G2,5,65%,,,Humboldtia brunonis,0.5
S19,L1,G2,5,65%,,,Humboldtia brunonis,0.5
S19,L1,G2,5,65%,,,Humboldtia brunonis,0.7
S19,L1,G2,5,65%,,,Humboldtia brunonis,6
S19,L1,G2,5,65%,,,Humboldtia brunonis,5
S19,L1,G2,5,65%,,,Humboldtia brunonis,8
S19,L1,G2,5,65%,,,Humboldtia brunonis,4
S19,L1,G2,5,65%,,,Humboldtia brunonis,1
S19,L1,G2,5,65%,,,Humboldtia brunonis,0.5
S19,L1,G2,5,65%,,,Humboldtia brunonis,0.6
S19,L1,G2,5,65%,,,Humboldtia brunonis,0.5
S19,L1,G2,5,65%,,,Humboldtia brunonis,6
S19,L1,G2,5,65%,,,Humboldtia brunonis,0.5
S19,L1,G2,5,65%,,,Humboldtia brunonis,0.5
S19,L1,G2,5,65%,,,Humboldtia brunonis,0.5
S19,L1,G2,5,65%,,,Humboldtia brunonis,0.5
S19,L1,G2,5,65%,,,Humboldtia brunonis,0.5
S19,L1,G2,5,65%,,,Humboldtia brunonis,1.2
S19,L1,G2,5,65%,,,Humboldtia brunonis,0.6
S19,L1,G2,5,65%,,,Humboldtia brunonis,0.5
S19,L1,G2,5,65%,,,Humboldtia brunonis,0.5
S19,L1,G2,5,65%,,,Humboldtia brunonis,0.5
S19,L1,G2,5,65%,,,Humboldtia brunonis,1.6
S19,L1,G2,5,65%,,,Humboldtia brunonis,1.2
S19,L1,G2,5,65%,,,Humboldtia brunonis,1.3
S19,L1,G2,5,65%,,,Humboldtia brunonis,1.3
S19,L1,G2,5,65%,,,Humboldtia brunonis,0.6
S19,L1,G2,5,65%,,,Humboldtia brunonis,0.6
S19,L1,G2,5,65%,,,Humboldtia brunonis,0.6
S19,L1,G2,5,65%,,,Humboldtia brunonis,2
S19,L1,G2,5,65%,,,Humboldtia brunonis,0.5
S19,L1,G2,5,65%,,,Humboldtia brunonis,2
S19,L1,G2,5,65%,,,Humboldtia brunonis,2
S19,L1,G2,5,65%,,,Humboldtia brunonis,1.5
S19,L1,G2,5,65%,,,Humboldtia brunonis,1.5
S19,L1,G2,5,65%,,,Humboldtia brunonis,2
S19,L1,G2,5,65%,,,Humboldtia brunonis,5
S19,L1,G2,5,65%,,,Humboldtia brunonis,0.6
S19,L1,G2,5,65%,,,Humboldtia brunonis,0.6
S19,L1,G2,5,65%,,,Humboldtia brunonis,0.6
S19,L1,G2,5,65%,,,Humboldtia brunonis,1.6
S19,L1,G2,5,65%,,,Humboldtia brunonis,2
S19,L1,G2,5,65%,,,Humboldtia brunonis,0.6
S19,L1,G2,5,65%,,,Humboldtia brunonis,3
S19,L1,G2,6,70%,,,Humboldtia brunonis,6
S19,L1,G2,6,70%,,,Humboldtia brunonis,6
S19,L1,G2,6,70%,,,Humboldtia brunonis,5
S19,L1,G2,6,70%,,,Humboldtia brunonis,7
S19,L1,G2,6,70%,,,Humboldtia brunonis,6
S19,L1,G2,6,70%,,,Humboldtia brunonis,10
S19,L1,G2,6,70%,,,Humboldtia brunonis,11
S19,L1,G2,6,70%,,,Humboldtia brunonis,7
S19,L1,G2,6,70%,,,Humboldtia brunonis,6
S19,L1,G2,6,70%,,,Humboldtia brunonis,4.5
S19,L1,G2,6,70%,,,Humboldtia brunonis,19
S19,L1,G2,6,70%,,,Humboldtia brunonis,5
S19,L1,G2,6,70%,,,Humboldtia brunonis,6
S19,L1,G2,6,70%,,,Humboldtia brunonis,7
S19,L1,G2,6,70%,,,Humboldtia brunonis,6
S19,L1,G2,6,70%,,,Humboldtia brunonis,4
S19,L1,G2,6,70%,,,Humboldtia brunonis,6
S19,L1,G2,6,70%,,,Humboldtia brunonis,0.4
S19,L1,G2,6,70%,,,Humboldtia brunonis,0.5
S19,L1,G2,6,70%,,,Humboldtia brunonis,5
S19,L1,G2,6,70%,,,Humboldtia brunonis,0.6
S19,L1,G2,6,70%,,,Humboldtia brunonis,6
S19,L1,G2,6,70%,,,Humboldtia brunonis,5
S19,L1,G2,6,70%,,,Humboldtia brunonis,2
S19,L1,G2,6,70%,,,Humboldtia brunonis,0.5
S19,L1,G2,6,70%,,,Humboldtia brunonis,1.2
S19,L1,G2,6,70%,,,Humboldtia brunonis,0.5
S19,L1,G2,6,70%,,,Humboldtia brunonis,0.6
S19,L1,G2,6,70%,,,Humboldtia brunonis,0.6
S19,L1,G2,6,70%,,,Humboldtia brunonis,10
S19,L1,G2,6,70%,,,Humboldtia brunonis,2
S19,L1,G2,6,70%,,,Humboldtia brunonis,2
S19,L1,G2,6,70%,,,Humboldtia brunonis,1.5
S19,L1,G2,6,70%,,,Humboldtia brunonis,1.6
S19,L1,G2,6,70%,,,Humboldtia brunonis,1.3
S19,L1,G2,6,70%,,,Humboldtia brunonis,1.3
S19,L1,G2,6,70%,,,Humboldtia brunonis,1.2
S19,L1,G2,6,70%,,,Humboldtia brunonis,1.3
S19,L1,G2,6,70%,,,Humboldtia brunonis,0.5
S19,L1,G2,7,60%,,I Plot,Humboldtia brunonis,0.9
S19,L1,G2,7,60%,,I Plot,Humboldtia brunonis,0.5
S19,L1,G2,7,60%,,I Plot,Humboldtia brunonis,0.5
S19,L1,G2,7,60%,,I Plot,Humboldtia brunonis,0.6
S19,L1,G2,7,60%,,I Plot,Humboldtia brunonis,0.6
S19,L1,G2,7,60%,,I Plot,Humboldtia brunonis,0.6
S19,L1,G2,7,60%,,I Plot,Humboldtia brunonis,3
S19,L1,G2,7,60%,,I Plot,Humboldtia brunonis,0.4
S19,L1,G2,7,60%,,I Plot,Humboldtia brunonis,0.5
S19,L1,G2,7,60%,,I Plot,Humboldtia brunonis,1
S19,L1,G2,7,60%,,I Plot,Humboldtia brunonis,1
S19,L1,G2,7,60%,,I Plot,Humboldtia brunonis,12
S19,L1,G2,7,60%,,I Plot,Humboldtia brunonis,1.2
S19,L1,G2,7,60%,,I Plot,Humboldtia brunonis,0.5
S19,L1,G2,7,60%,,I Plot,Humboldtia brunonis,0.6
S19,L1,G2,7,60%,,I Plot,Humboldtia brunonis,0.5
S19,L1,G2,7,60%,,I Plot,Humboldtia brunonis,0.5
S19,L1,G2,7,60%,,I Plot,Humboldtia brunonis,0.5
S19,L1,G2,7,60%,,I Plot,Humboldtia brunonis,0.5
S19,L1,G2,7,60%,,I Plot,Humboldtia brunonis,0.5
S19,L1,G2,7,60%,,I Plot,Humboldtia brunonis,0.4
S19,L1,G2,7,60%,,I Plot,Humboldtia brunonis,10
S19,L1,G2,7,60%,,I Plot,Humboldtia brunonis,0.5
S19,L1,G2,7,60%,,I Plot,Humboldtia brunonis,0.6
S19,L1,G2,7,60%,,I Plot,Humboldtia brunonis,0.5
S19,L1,G2,7,60%,,I Plot,Humboldtia brunonis,0.5
S19,L1,G2,7,60%,,I Plot,Humboldtia brunonis,6
S19,L1,G2,7,60%,,I Plot,Humboldtia brunonis,0.6
S19,L1,G2,7,60%,,I Plot,Humboldtia brunonis,0.6
S19,L1,G2,7,60%,,I Plot,Humboldtia brunonis,0.6
S19,L1,G2,7,60%,,I Plot,Humboldtia brunonis,1
S19,L1,G2,7,60%,,I Plot,Humboldtia brunonis,0.6
S19,L1,G2,7,60%,,I Plot,Humboldtia brunonis,18
S19,L1,G2,7,60%,,I Plot,Humboldtia brunonis,0.6
S19,L1,G2,7,60%,,I Plot,Humboldtia brunonis,0.6
S19,L1,G2,7,60%,,I Plot,Humboldtia brunonis,0.6
S19,L1,G2,7,60%,,1 Plot,Humboldtia brunonis,0.4
S19,L1,G2,8,50%,,,Humboldtia brunonis,0.4
S19,L1,G2,8,50%,,,Humboldtia brunonis,0.6
S19,L1,G2,8,50%,,,Humboldtia brunonis,5
S19,L1,G2,8,50%,,,Humboldtia brunonis,8
S19,L1,G2,8,50%,,,Humboldtia brunonis,4
S19,L1,G2,8,50%,,,Humboldtia brunonis,7
S19,L1,G2,8,50%,,,Humboldtia brunonis,0.6
S19,L1,G2,8,50%,,,Humboldtia brunonis,0.6
S19,L1,G2,8,50%,,,Humboldtia brunonis,3
S19,L1,G2,8,50%,,,Humboldtia brunonis,0.7
S19,L1,G2,8,50%,,,Humboldtia brunonis,2
S19,L1,G2,8,50%,,,Humboldtia brunonis,4
S19,L1,G2,8,50%,,,Humboldtia brunonis,0.4
S19,L1,G2,8,50%,,,Humboldtia brunonis,0.5
S19,L1,G2,8,50%,,,Humboldtia brunonis,5
S19,L1,G2,8,50%,,,Humboldtia brunonis,0.5
S19,L1,G2,8,50%,,,Humboldtia brunonis,9
S19,L1,G2,8,50%,,,Humboldtia brunonis,0.4
S19,L1,G2,8,50%,,,Humboldtia brunonis,5
S19,L1,G2,8,50%,,,Humboldtia brunonis,0.6
S19,L1,G2,8,50%,,,Humboldtia brunonis,5
S19,L1,G2,8,50%,,,Humboldtia brunonis,0.9
S19,L1,G2,8,50%,,,Humboldtia brunonis,5
S19,L1,G2,8,50%,,,Humboldtia brunonis,5
S19,L1,G2,8,50%,,,Humboldtia brunonis,6
S19,L1,G2,8,50%,,,Humboldtia brunonis,0.5
S19,L1,G2,8,50%,,,Humboldtia brunonis,0.6
S19,L1,G2,8,50%,,,Humboldtia brunonis,6
S19,L1,G2,8,50%,,,Humboldtia brunonis,0.4
S19,L1,G2,8,50%,,,Humboldtia brunonis,0.5
S19,L1,G2,8,50%,,,Humboldtia brunonis,0.5
S19,L1,G2,8,50%,,,Humboldtia brunonis,0.5
S19,L1,G2,8,50%,,,Humboldtia brunonis,0.5
S19,L1,G2,8,50%,,,Humboldtia brunonis,13
S19,L1,G2,8,50%,,,Humboldtia brunonis,4
S19,L1,G2,8,50%,,,Humboldtia brunonis,0.5
S19,L1,G2,9,70%,,,Humboldtia brunonis,5
S19,L1,G2,9,70%,,,Humboldtia brunonis,0.4
S19,L1,G2,9,70%,,,Humboldtia brunonis,1.5
S19,L1,G2,9,70%,,,Humboldtia brunonis,0.4
S19,L1,G2,9,70%,,,Humboldtia brunonis,1
S19,L1,G2,9,70%,,,Humboldtia brunonis,1.2
S19,L1,G2,9,70%,,,Humboldtia brunonis,1.2
S19,L1,G2,9,70%,,,Humboldtia brunonis,7
S19,L1,G2,9,70%,,,Humboldtia brunonis,9
S19,L1,G2,9,70%,,,Humboldtia brunonis,3
S19,L1,G2,9,70%,,,Humboldtia brunonis,6
S19,L1,G2,9,70%,,,Humboldtia brunonis,7
S19,L1,G2,9,70%,,,Humboldtia brunonis,7
S19,L1,G2,9,70%,,,Humboldtia brunonis,0.6
S19,L1,G2,9,70%,,,Humboldtia brunonis,0.6
S19,L1,G2,9,70%,,,Humboldtia brunonis,0.5
S19,L1,G2,9,70%,,,Humboldtia brunonis,4
S19,L1,G2,9,70%,,,Humboldtia brunonis,0.6
S19,L1,G2,9,70%,,,Humboldtia brunonis,0.6
S19,L1,G2,9,70%,,,Humboldtia brunonis,0.4
S19,L1,G2,9,70%,,,Humboldtia brunonis,3
S19,L1,G2,9,70%,,,Humboldtia brunonis,7
S19,L1,G2,9,70%,,,Humboldtia brunonis,0.5
S19,L1,G2,9,70%,,,Humboldtia brunonis,0.4
S19,L1,G2,9,70%,,,Humboldtia brunonis,4
S19,L1,G2,9,70%,,,Humboldtia brunonis,5
S19,L1,G2,9,70%,,,Humboldtia brunonis,5
S19,L1,G2,9,70%,,,Humboldtia brunonis,6
S19,L1,G2,9,70%,,,Humboldtia brunonis,3
S19,L1,G2,9,70%,,,Humboldtia brunonis,3.5
S19,L1,G2,9,70%,,,Humboldtia brunonis,2
S19,L1,G2,9,70%,,,Humboldtia brunonis,6
S19,L1,G2,9,70%,,,Humboldtia brunonis,0.5
S19,L1,G2,9,70%,,,Humboldtia brunonis,2
S19,L1,G2,9,70%,,,Humboldtia brunonis,12
S19,L1,G2,9,70%,,,Humboldtia brunonis,0.5
S19,L1,G2,9,70%,,,Humboldtia brunonis,10
S19,L1,G2,9,70%,,,Humboldtia brunonis,11
S19,L1,G2,9,70%,,,Humboldtia brunonis,12
S19,L1,G2,9,70%,,,Humboldtia brunonis,8
S19,L1,G2,9,70%,,,Humboldtia brunonis,5
S19,L1,G2,9,70%,,,Humboldtia brunonis,5
S19,L1,G2,9,70%,,,Humboldtia brunonis,4
S19,L1,G2,9,70%,,,Humboldtia brunonis,4
S19,L1,G2,9,70%,,,Humboldtia brunonis,6
S19,L1,G2,10,65%,,1 Plot,Humboldtia brunonis,6
S19,L1,G2,10,65%,,1 Plot,Humboldtia brunonis,6
S19,L1,G2,10,65%,,1 Plot,Humboldtia brunonis,4
S19,L1,G2,10,65%,,1 Plot,Humboldtia brunonis,6
S19,L1,G2,10,65%,,1 Plot,Humboldtia brunonis,3
S19,L1,G2,10,65%,,1 Plot,Humboldtia brunonis,3
S19,L1,G2,10,65%,,1 Plot,Humboldtia brunonis,4
S19,L1,G2,10,65%,,1 Plot,Humboldtia brunonis,1.5
S19,L1,G2,10,65%,,1 Plot,Humboldtia brunonis,7
S19,L1,G2,10,65%,,1 Plot,Humboldtia brunonis,4
S19,L1,G2,10,65%,,1 Plot,Humboldtia brunonis,1.3
S19,L1,G2,10,65%,,1 Plot,Humboldtia brunonis,1.3
S19,L1,G2,10,65%,,1 Plot,Humboldtia brunonis,1.3
S19,L1,G2,10,65%,,1 Plot,Humboldtia brunonis,0.5
S19,L1,G2,10,65%,,1 Plot,Humboldtia brunonis,16
S19,L1,G2,10,65%,,1 Plot,Humboldtia brunonis,7
S19,L1,G2,10,65%,,1 Plot,Humboldtia brunonis,6
S19,L1,G2,10,65%,,1 Plot,Humboldtia brunonis,9
S19,L1,G2,10,65%,,1 Plot,Humboldtia brunonis,3
S19,L1,G2,10,65%,,1 Plot,Humboldtia brunonis,5
S19,L1,G2,10,65%,,1 Plot,Humboldtia brunonis,7
S19,L1,G2,10,65%,,1 Plot,Humboldtia brunonis,1.3
S19,L1,G2,10,65%,,1 Plot,Humboldtia brunonis,1.3
S19,L1,G2,10,65%,,1 Plot,Humboldtia brunonis,3
S19,L1,G2,10,65%,,1 Plot,Humboldtia brunonis,7
S19,L1,G2,10,65%,,1 Plot,Humboldtia brunonis,7
S19,L1,G2,10,65%,,1 Plot,Humboldtia brunonis,0.5
S19,L1,G2,10,65%,,1 Plot,Humboldtia brunonis,1.5
S19,L1,G2,10,65%,,1 Plot,Humboldtia brunonis,1.5
S19,L1,G2,10,65%,,1 Plot,Humboldtia brunonis,0.5
S19,L1,G2,10,65%,,1 Plot,Humboldtia brunonis,0.6
S19,L1,G2,10,65%,,1 Plot,Humboldtia brunonis,1.3
S19,L1,G2,11,60%,,1 Plot,Humboldtia brunonis,0.4
S19,L1,G2,11,60%,,1 Plot,Humboldtia brunonis,7
S19,L1,G2,11,60%,,1 Plot,Humboldtia brunonis,1.2
S19,L1,G2,11,60%,,1 Plot,Humboldtia brunonis,9
S19,L1,G2,11,60%,,1 Plot,Humboldtia brunonis,0.3
S19,L1,G2,11,60%,,1 Plot,Humboldtia brunonis,0.4
S19,L1,G2,11,60%,,1 Plot,Humboldtia brunonis,0.4
S19,L1,G2,11,60%,,1 Plot,Humboldtia brunonis,1.2
S19,L1,G2,11,60%,,1 Plot,Humboldtia brunonis,0.5
S19,L1,G2,11,60%,,1 Plot,Humboldtia brunonis,2
S19,L1,G2,11,60%,,1 Plot,Humboldtia brunonis,0.5
S19,L1,G2,11,60%,,1 Plot,Humboldtia brunonis,2
S19,L1,G2,11,60%,,1 Plot,Humboldtia brunonis,2
S19,L1,G2,11,60%,,1 Plot,Humboldtia brunonis,0.5
S19,L1,G2,11,60%,,1 Plot,Humboldtia brunonis,2
S19,L1,G2,11,60%,,1 Plot,Humboldtia brunonis,2
S19,L1,G2,11,60%,,1 Plot,Humboldtia brunonis,0.5
S19,L1,G2,11,60%,,1 Plot,Humboldtia brunonis,0.5
S19,L1,G2,11,60%,,1 Plot,Humboldtia brunonis,0.5
S19,L1,G2,11,60%,,1 Plot,Humboldtia brunonis,0.4
S19,L1,G2,11,60%,,1 Plot,Humboldtia brunonis,0.5
S19,L1,G2,11,60%,,1 Plot,Humboldtia brunonis,2
S19,L1,G2,11,60%,,1 Plot,Humboldtia brunonis,0.5
S19,L1,G2,11,60%,,1 Plot,Humboldtia brunonis,0.5
S19,L1,G2,11,60%,,1 Plot,Humboldtia brunonis,0.5
S19,L1,G2,11,60%,,1 Plot,Humboldtia brunonis,1.5
S19,L1,G2,11,60%,,1 Plot,Humboldtia brunonis,2
S19,L1,G2,11,60%,,1 Plot,Humboldtia brunonis,2
S19,L1,G2,11,60%,,1 Plot,Humboldtia brunonis,0.6
S19,L1,G2,11,60%,,1 Plot,Humboldtia brunonis,1.3
S19,L1,G2,11,60%,,1 Plot,Humboldtia brunonis,1.3
S19,L1,G2,11,60%,,1 Plot,Humboldtia brunonis,0.6
S19,L1,G2,11,60%,,1 Plot,Humboldtia brunonis,3
S19,L1,G2,11,60%,,1 Plot,Humboldtia brunonis,1.3
S19,L1,G2,11,60%,,1 Plot,Humboldtia brunonis,0.6
S19,L1,G2,11,60%,,1 Plot,Humboldtia brunonis,0.5
S19,L1,G2,11,60%,,1 Plot,Humboldtia brunonis,0.5
S19,L1,G2,11,60%,,1 Plot,Humboldtia brunonis,7
S19,L1,G2,11,60%,,1 Plot,Humboldtia brunonis,0.5
S19,L1,G2,11,60%,,1 Plot,Humboldtia brunonis,0.5
S19,L1,G2,11,60%,,1 Plot,Humboldtia brunonis,0.5
S19,L1,G2,11,60%,,1 Plot,Humboldtia brunonis,0.5
S19,L1,G2,11,60%,,1 Plot,Humboldtia brunonis,0.6
S19,L1,G2,11,60%,,1 Plot,Humboldtia brunonis,0.4
S19,L1,G2,11,60%,,1 Plot,Humboldtia brunonis,0.5
S19,L1,G2,11,60%,,1 Plot,Humboldtia brunonis,2
S19,L1,G2,11,60%,,1 Plot,Humboldtia brunonis,0.5
S19,L1,G2,11,60%,,1 Plot,Humboldtia brunonis,0.5
S19,L1,G2,11,60%,,1 Plot,Humboldtia brunonis,2
S19,L1,G2,12,60%,,,Humboldtia brunonis,1.3
S19,L1,G2,12,60%,,,Humboldtia brunonis,0.6
S19,L1,G2,12,60%,,,Humboldtia brunonis,3
S19,L1,G2,12,60%,,,Humboldtia brunonis,2
S19,L1,G2,12,60%,,,Humboldtia brunonis,0.4
S19,L1,G2,12,60%,,,Humboldtia brunonis,0.5
S19,L1,G2,12,60%,,,Humboldtia brunonis,0.6
S19,L1,G2,12,60%,,,Humboldtia brunonis,0.4
S19,L1,G2,12,60%,,,Humboldtia brunonis,0.5
S19,L1,G2,12,60%,,,Humboldtia brunonis,0.4
S19,L1,G2,12,60%,,,Humboldtia brunonis,0.5
S19,L1,G2,12,60%,,,Humboldtia brunonis,0.5
S19,L1,G2,12,60%,,,Humboldtia brunonis,1.4
S19,L1,G2,12,60%,,,Humboldtia brunonis,2
S19,L1,G2,12,60%,,,Humboldtia brunonis,2
S19,L1,G2,12,60%,,,Humboldtia brunonis,0.5
S19,L1,G2,12,60%,,,Humboldtia brunonis,0.9
S19,L1,G2,12,60%,,,Humboldtia brunonis,0.6
S19,L1,G2,12,60%,,,Humboldtia brunonis,0.4
S19,L1,G2,12,60%,,,Humboldtia brunonis,0.5
S19,L1,G2,12,60%,,,Humboldtia brunonis,0.5
S19,L1,G2,12,60%,,,Humboldtia brunonis,0.4
S19,L1,G2,12,60%,,,Humboldtia brunonis,1
S19,L1,G2,12,60%,,,Humboldtia brunonis,0.5
S19,L1,G2,12,60%,,,Humboldtia brunonis,0.5
S19,L1,G2,12,60%,,,Humboldtia brunonis,0.5
S19,L1,G2,12,60%,,,Humboldtia brunonis,0.4
S19,L1,G2,12,60%,,,Humboldtia brunonis,1.5
S19,L1,G2,12,60%,,,Humboldtia brunonis,3
S19,L1,G2,12,60%,,,Humboldtia brunonis,1.5
S19,L1,G2,12,60%,,,Humboldtia brunonis,1.3
S19,L1,G2,12,60%,,,Humboldtia brunonis,0.4
S19,L1,G2,12,60%,,,Humboldtia brunonis,0.5
S19,L1,G2,12,60%,,,Humboldtia brunonis,0.5
S19,L1,G2,12,60%,,,Humboldtia brunonis,0.4
S19,L1,G2,12,60%,,,Humboldtia brunonis,0.5
S19,L1,G2,12,60%,,,Humboldtia brunonis,0.5
S19,L1,G2,12,60%,,,Humboldtia brunonis,20
S19,L1,G2,12,60%,,,Humboldtia brunonis,3
S19,L1,G2,12,60%,,,Humboldtia brunonis,0.4
S19,L1,G2,13,70%,,,Humboldtia brunonis,6
S19,L1,G2,13,70%,,,Humboldtia brunonis,1.2
S19,L1,G2,13,70%,,,Humboldtia brunonis,1
S19,L1,G2,13,70%,,,Humboldtia brunonis,6
S19,L1,G2,13,70%,,,Humboldtia brunonis,4
S19,L1,G2,13,70%,,,Humboldtia brunonis,0.5
S19,L1,G2,13,70%,,,Humboldtia brunonis,2
S19,L1,G2,13,70%,,,Humboldtia brunonis,1.3
S19,L1,G2,13,70%,,,Humboldtia brunonis,1.3
S19,L1,G2,13,70%,,,Humboldtia brunonis,1.5
S19,L1,G2,13,70%,,,Humboldtia brunonis,3
S19,L1,G2,13,70%,,,Humboldtia brunonis,0.5
S19,L1,G2,13,70%,,,Humboldtia brunonis,1.2
S19,L1,G2,13,70%,,,Humboldtia brunonis,1.6
S19,L1,G2,13,70%,,,Humboldtia brunonis,2
S19,L1,G2,13,70%,,,Humboldtia brunonis,1.3
S19,L1,G2,13,70%,,,Humboldtia brunonis,1.5
S19,L1,G2,13,70%,,,Humboldtia brunonis,1.4
S19,L1,G2,13,70%,,,Humboldtia brunonis,1.3
S19,L1,G2,13,70%,,,Humboldtia brunonis,0.6
S19,L1,G2,13,70%,,,Humboldtia brunonis,1.3
S19,L1,G2,13,70%,,,Humboldtia brunonis,2
S19,L1,G2,13,70%,,,Humboldtia brunonis,4
S19,L1,G2,13,70%,,,Humboldtia brunonis,2
S19,L1,G2,13,70%,,,Humboldtia brunonis,5
S19,L1,G2,13,70%,,,Humboldtia brunonis,0.4
S19,L1,G2,13,70%,,,Humboldtia brunonis,0.5
S19,L1,G2,13,70%,,,Humboldtia brunonis,0.7
S19,L1,G2,13,70%,,,Humboldtia brunonis,6
S19,L1,G2,13,70%,,,Humboldtia brunonis,2.6
S19,L1,G2,13,70%,,,Humboldtia brunonis,3.9
S19,L1,G2,13,70%,,,Humboldtia brunonis,0.4
S19,L1,G2,13,70%,,,Humboldtia brunonis,9
S19,L1,G2,13,70%,,,Humboldtia brunonis,6
S19,L1,G2,13,70%,,,Humboldtia brunonis,6
S19,L1,G2,13,70%,,,Humboldtia brunonis,7
S19,L1,G2,13,70%,,,Humboldtia brunonis,4
S19,L1,G2,13,70%,,,Humboldtia brunonis,10
S19,L1,G2,13,70%,,,Humboldtia brunonis,0.5
S19,L1,G2,13,70%,,,Humboldtia brunonis,6
S19,L1,G2,13,70%,,,Humboldtia brunonis,5
S19,L1,G2,13,70%,,,Humboldtia brunonis,1.6
S19,L1,G2,13,70%,,,Humboldtia brunonis,3
S19,L1,G2,13,70%,,,Humboldtia brunonis,0.5
S19,L1,G2,13,70%,,,Humboldtia brunonis,0.5
S19,L1,G2,14,69%,1 Net,,Humboldtia brunonis,0.6
S19,L1,G2,14,69%,1 Net,,Humboldtia brunonis,0.6
S19,L1,G2,14,69%,1 Net,,Humboldtia brunonis,2
S19,L1,G2,14,69%,1 Net,,Humboldtia brunonis,2
S19,L1,G2,14,69%,1 Net,,Humboldtia brunonis,2
S19,L1,G2,14,69%,1 Net,,Humboldtia brunonis,1.5
S19,L1,G2,14,69%,1 Net,,Humboldtia brunonis,1.2
S19,L1,G2,14,69%,1 Net,,Humboldtia brunonis,2.3
S19,L1,G2,14,69%,1 Net,,Humboldtia brunonis,1.6
S19,L1,G2,14,69%,1 Net,,Humboldtia brunonis,1.3
S19,L1,G2,14,69%,1 Net,,Humboldtia brunonis,0.8
S19,L1,G2,14,69%,1 Net,,Humboldtia brunonis,0.6
S19,L1,G2,14,69%,1 Net,,Humboldtia brunonis,7
S19,L1,G2,14,69%,1 Net,,Humboldtia brunonis,1.6
S19,L1,G2,14,69%,1 Net,,Humboldtia brunonis,16
S19,L1,G2,14,69%,1 Net,,Humboldtia brunonis,0.4
S19,L1,G2,14,69%,1 Net,,Humboldtia brunonis,1.2
S19,L1,G2,14,69%,1 Net,,Humboldtia brunonis,0.3
S19,L1,G2,14,69%,1 Net,,Humboldtia brunonis,0.5
S19,L1,G2,14,69%,1 Net,,Humboldtia brunonis,6
S19,L1,G2,14,69%,1 Net,,Humboldtia brunonis,1
S19,L1,G2,14,69%,1 Net,,Humboldtia brunonis,2
S19,L1,G2,14,69%,1 Net,,Humboldtia brunonis,1.2
S19,L1,G2,14,69%,1 Net,,Humboldtia brunonis,1.2
S19,L1,G2,14,69%,1 Net,,Humboldtia brunonis,3
S19,L1,G2,14,69%,1 Net,,Humboldtia brunonis,2
S19,L1,G2,14,69%,1 Net,,Humboldtia brunonis,1
S19,L1,G2,14,69%,1 Net,,Humboldtia brunonis,2
S19,L1,G2,14,69%,1 Net,,Humboldtia brunonis,1.4
S19,L1,G2,14,69%,1 Net,,Humboldtia brunonis,0.4
S19,L1,G2,14,69%,1 Net,,Humboldtia brunonis,0.5
S19,L1,G2,14,69%,1 Net,,Humboldtia brunonis,0.5
S19,L1,G2,14,69%,1 Net,,Humboldtia brunonis,6
S19,L1,G2,14,69%,1 Net,,Humboldtia brunonis,0.4
S19,L1,G2,14,69%,1 Net,,Humboldtia brunonis,2
S19,L1,G2,14,69%,1 Net,,Humboldtia brunonis,1.5
S19,L1,G2,14,69%,1 Net,,Humboldtia brunonis,1.5
S19,L1,G2,14,69%,1 Net,,Humboldtia brunonis,0.6
S19,L1,G2,14,69%,1 Net,,Humboldtia brunonis,0.5
S19,L1,G2,14,69%,1 Net,,Humboldtia brunonis,0.5
S19,L1,G2,14,69%,1 Net,,Humboldtia brunonis,8
S19,L1,G2,14,69%,1 Net,,Humboldtia brunonis,2.5
S19,L1,G2,14,69%,1 Net,,Humboldtia brunonis,0.6
S19,L1,G2,14,69%,1 Net,,Humboldtia brunonis,0.6
S19,L1,G2,14,69%,1 Net,,Humboldtia brunonis,6
S19,L1,G2,15,75%,,,Humboldtia brunonis,4
S19,L1,G2,15,75%,,,Humboldtia brunonis,4
S19,L1,G2,15,75%,,,Humboldtia brunonis,6
S19,L1,G2,15,75%,,,Humboldtia brunonis,6
S19,L1,G2,15,75%,,,Humboldtia brunonis,5
S19,L1,G2,15,75%,,,Humboldtia brunonis,0.4
S19,L1,G2,15,75%,,,Humboldtia brunonis,8
S19,L1,G2,15,75%,,,Humboldtia brunonis,3.5
S19,L1,G2,15,75%,,,Humboldtia brunonis,6
S19,L1,G2,15,75%,,,Humboldtia brunonis,13
S19,L1,G2,15,75%,,,Humboldtia brunonis,3
S19,L1,G2,15,75%,,,Humboldtia brunonis,7
S19,L1,G2,15,75%,,,Humboldtia brunonis,0.4
S19,L1,G2,15,75%,,,Humboldtia brunonis,8
S19,L1,G2,15,75%,,,Humboldtia brunonis,8
S19,L1,G2,15,75%,,,Humboldtia brunonis,0.5
S19,L1,G2,15,75%,,,Humboldtia brunonis,0.5
S19,L1,G2,15,75%,,,Humboldtia brunonis,0.9
S19,L1,G2,15,75%,,,Humboldtia brunonis,0.8
S19,L1,G2,15,75%,,,Humboldtia brunonis,12
S19,L1,G2,15,75%,,,Humboldtia brunonis,0.6
S19,L1,G2,15,75%,,,Humboldtia brunonis,0.6
S19,L1,G2,15,75%,,,Humboldtia brunonis,5
S19,L1,G2,15,75%,,,Humboldtia brunonis,0.4
S19,L1,G2,15,75%,,,Humboldtia brunonis,0.4
S19,L1,G2,15,75%,,,Humboldtia brunonis,3.5
S19,L1,G2,15,75%,,,Humboldtia brunonis,5
S19,L1,G2,15,75%,,,Humboldtia brunonis,3.5
S19,L1,G2,15,75%,,,Humboldtia brunonis,3
S19,L1,G2,15,75%,,,Humboldtia brunonis,5.5
S19,L1,G2,15,75%,,,Humboldtia brunonis,0.6
S19,L1,G2,16,70%,,,Humboldtia brunonis,0.4
S19,L1,G2,16,70%,,,Humboldtia brunonis,1.3
S19,L1,G2,16,70%,,,Humboldtia brunonis,0.5
S19,L1,G2,16,70%,,,Humboldtia brunonis,0.4
S19,L1,G2,16,70%,,,Humboldtia brunonis,8
S19,L1,G2,16,70%,,,Humboldtia brunonis,5
S19,L1,G2,16,70%,,,Humboldtia brunonis,7
S19,L1,G2,16,70%,,,Humboldtia brunonis,6
S19,L1,G2,16,70%,,,Humboldtia brunonis,0.6
S19,L1,G2,16,70%,,,Humboldtia brunonis,16
S19,L1,G2,16,70%,,,Humboldtia brunonis,1.2
S19,L1,G2,16,70%,,,Humboldtia brunonis,0.6
S19,L1,G2,16,70%,,,Humboldtia brunonis,0.5
S19,L1,G2,16,70%,,,Humboldtia brunonis,0.5
S19,L1,G2,16,70%,,,Humboldtia brunonis,3
S19,L1,G2,16,70%,,,Humboldtia brunonis,2
S19,L1,G2,16,70%,,,Humboldtia brunonis,3
S19,L1,G2,16,70%,,,Humboldtia brunonis,3
S19,L1,G2,16,70%,,,Humboldtia brunonis,0.5
S19,L1,G2,16,70%,,,Humboldtia brunonis,0.5
S19,L1,G2,16,70%,,,Humboldtia brunonis,3
S19,L1,G2,16,70%,,,Humboldtia brunonis,0.4
S19,L1,G2,16,70%,,,Humboldtia brunonis,2.5
S19,L1,G2,16,70%,,,Humboldtia brunonis,6
S19,L1,G2,16,70%,,,Humboldtia brunonis,0.5
S19,L1,G2,16,70%,,,Humboldtia brunonis,0.5
S19,L1,G2,16,70%,,,Humboldtia brunonis,0.5
S19,L1,G2,16,70%,,,Humboldtia brunonis,0.5
S19,L1,G2,16,70%,,,Humboldtia brunonis,6
S19,L1,G2,16,70%,,,Humboldtia brunonis,2.5
S19,L1,G2,16,70%,,,Humboldtia brunonis,5
S19,L1,G2,16,70%,,,Humboldtia brunonis,6
S19,L1,G2,16,70%,,,Humboldtia brunonis,5
S19,L1,G2,16,70%,,,Humboldtia brunonis,0.6
S13,L1,G2,1,60%,,,Ixora sp.,3
S13,L1,G2,1,60%,,,Ixora sp.,4
S13,L1,G2,1,60%,,,Ixora sp.,10
S13,L1,G2,1,60%,,,Ixora sp.,2.5
S13,L1,G2,1,60%,,,Ixora sp.,3
S13,L1,G2,1,60%,,,Ixora sp.,2
S13,L1,G2,1,60%,,,Ixora sp.,3
S13,L1,G2,1,60%,,,Ixora sp.,6
S13,L1,G2,1,60%,,,Ixora sp.,3
S13,L1,G2,1,60%,,,Ixora sp.,1
S13,L1,G2,1,60%,,,Ixora sp.,3
S13,L1,G2,1,60%,,,Ixora sp.,4
S13,L1,G2,1,60%,,,Ixora sp.,15
S13,L1,G2,2,45%,,1 plot,Ixora sp.,3
S13,L1,G2,2,45%,,1 plot,Ixora sp.,8
S13,L1,G2,2,45%,,1 plot,Ixora sp.,1.5
S13,L1,G2,3,30%,1 Net,0.5 plot,Ixora sp.,1.5
S13,L1,G2,4,55%,,0.5 plot,Ixora sp.,3
S13,L1,G2,4,55%,,0.5 plot,Ixora sp.,5
S13,L1,G2,4,55%,,0.5 plot,Ixora sp.,3
S13,L1,G2,4,55%,,0.5 plot,Ixora sp.,1
S13,L1,G2,4,55%,,0.5 plot,Ixora sp.,1.5
S13,L1,G2,4,55%,,0.5 plot,Ixora sp.,4
S13,L1,G2,4,55%,,0.5 plot,Ixora sp.,0.4
S13,L1,G2,4,55%,,0.5 plot,Ixora sp.,0.4
S13,L1,G2,4,55%,,0.5 plot,Ixora sp.,0.4
S13,L1,G2,5,70%,1 Net,1 plot,Ixora sp.,4
S13,L1,G2,5,70%,1 Net,1 plot,Ixora sp.,2
S13,L1,G2,5,70%,1 Net,1 plot,Ixora sp.,3
S13,L1,G2,5,70%,1 Net,1 plot,Ixora sp.,3
S13,L1,G2,5,70%,1 Net,1 plot,Ixora sp.,3
S13,L1,G2,6,70%,1 Net,,Ixora sp.,4
S13,L1,G2,6,70%,1 Net,,Ixora sp.,3
S13,L1,G2,6,70%,1 Net,,Ixora sp.,1.5
S13,L1,G2,6,70%,1 Net,,Ixora sp.,2.5
S13,L1,G2,6,70%,1 Net,,Ixora sp.,1.5
S13,L1,G2,6,70%,1 Net,,Ixora sp.,1.5
S13,L1,G2,6,70%,1 Net,,Ixora sp.,2.5
S13,L1,G2,7,40%,,,Ixora sp.,0.4
S13,L1,G2,7,40%,,,Ixora sp.,0.4
S13,L1,G2,7,40%,,,Ixora sp.,1.5
S13,L1,G2,7,40%,,,Ixora sp.,2
S13,L1,G2,7,40%,,,Ixora sp.,2
S13,L1,G2,7,40%,,,Ixora sp.,1
S13,L1,G2,8,55%,,,Ixora sp.,1.5
S13,L1,G2,8,55%,,,Ixora sp.,0.5
S13,L1,G2,8,55%,,,Ixora sp.,2
S13,L1,G2,8,55%,,,Ixora sp.,2.5
S13,L1,G2,8,55%,,,Ixora sp.,1.5
S13,L1,G2,8,55%,,,Ixora sp.,1.5
S13,L1,G2,8,55%,,,Ixora sp.,1.5
S13,L1,G2,8,55%,,,Ixora sp.,5
S13,L1,G2,8,55%,,,Ixora sp.,2
S13,L1,G2,8,55%,,,Ixora sp.,0.3
S13,L1,G2,8,55%,,,Ixora sp.,0.5
S13,L1,G2,9,40%,,,Ixora sp.,2
S13,L1,G2,9,40%,,,Ixora sp.,3
S13,L1,G2,9,40%,,,Ixora sp.,3
S13,L1,G2,9,40%,,,Ixora sp.,1.5
S13,L1,G2,9,40%,,,Ixora sp.,1.6
S13,L1,G2,9,40%,,,Ixora sp.,1
S13,L1,G2,9,40%,,,Ixora sp.,5
S13,L1,G2,10,30%,,,Ixora sp.,1.5
S13,L1,G2,10,30%,,,Ixora sp.,5
S13,L1,G2,10,30%,,,Ixora sp.,2
S13,L1,G2,10,30%,,,Ixora sp.,4
S13,L1,G2,10,30%,,,Ixora sp.,6
S13,L1,G2,10,30%,,,Ixora sp.,4
S13,L1,G2,10,30%,,,Ixora sp.,2
S13,L1,G2,11,50%,,,Ixora sp.,2.5
S13,L1,G2,11,50%,,,Ixora sp.,3
S13,L1,G2,11,50%,,,Ixora sp.,4
S13,L1,G2,12,60%,,,Ixora sp.,5
S13,L1,G2,12,60%,,,Ixora sp.,2
S13,L1,G2,12,60%,,,Ixora sp.,4
S13,L1,G2,14,40%,,,Ixora sp.,6
S13,L1,G2,14,40%,,,Ixora sp.,9
S13,L1,G2,14,40%,,,Ixora sp.,3
S13,L1,G2,14,40%,,,Ixora sp.,8
S13,L1,G2,14,40%,,,Ixora sp.,1.2
S13,L1,G2,14,40%,,,Ixora sp.,2
S13,L1,G2,14,40%,,,Ixora sp.,4
S13,L1,G2,15,50%,,,Ixora sp.,1.2
S13,L1,G2,15,50%,,,Ixora sp.,5
S13,L1,G2,15,50%,,,Ixora sp.,2
S13,L1,G2,15,50%,,,Ixora sp.,3
S13,L1,G2,15,50%,,,Ixora sp.,3
S13,L1,G2,15,50%,,,Ixora sp.,3
S13,L1,G2,15,50%,,,Ixora sp.,1.5
S13,L1,G2,15,50%,,,Ixora sp.,1.5
S13,L1,G2,15,50%,,,Ixora sp.,1.5
S13,L1,G2,15,50%,,,Ixora sp.,1.5
S13,L1,G2,16,50%,,,Ixora sp.,2
S13,L1,G2,16,50%,,,Ixora sp.,2
S13,L1,G2,16,50%,,,Ixora sp.,1.1
S13,L1,G2,16,50%,,,Ixora sp.,2
S13,L1,G2,16,50%,,,Ixora sp.,3
S13,L1,G2,16,50%,,,Ixora sp.,4
S13,L1,G2,16,50%,,,Ixora sp.,3
S13,L1,G2,16,50%,,,Ixora sp.,3
S13,L1,G2,16,50%,,,Ixora sp.,3
S19,L1,G2,1,70%,,,Ixora sp.,4
S19,L1,G2,1,70%,,,Ixora sp.,3
S19,L1,G2,1,70%,,,Ixora sp.,1
S19,L1,G2,1,70%,,,Ixora sp.,2
S19,L1,G2,2,75%,1 Net,2 Plots,Ixora sp.,1.2
S19,L1,G2,2,75%,1 Net,2 Plots,Ixora sp.,3
S19,L1,G2,2,75%,1 Net,2 Plots,Ixora sp.,3
S19,L1,G2,2,75%,1 Net,2 Plots,Ixora sp.,1.2
S19,L1,G2,2,75%,1 Net,2 Plots,Ixora sp.,0.5
S19,L1,G2,3,75%,1 Net,,Ixora sp.,1.2
S19,L1,G2,3,75%,1 Net,,Ixora sp.,3
S19,L1,G2,3,75%,1 Net,,Ixora sp.,1
S19,L1,G2,3,75%,1 Net,,Ixora sp.,0.6
S19,L1,G2,3,75%,1 Net,,Ixora sp.,2.2
S19,L1,G2,4,70%,,,Ixora sp.,4
S19,L1,G2,4,70%,,,Ixora sp.,3
S19,L1,G2,4,70%,,,Ixora sp.,1.2
S19,L1,G2,4,70%,,,Ixora sp.,2
S19,L1,G2,4,70%,,,Ixora sp.,2
S19,L1,G2,4,70%,,,Ixora sp.,3
S19,L1,G2,4,70%,,,Ixora sp.,2
S19,L1,G2,4,70%,,,Ixora sp.,1.5
S19,L1,G2,4,70%,,,Ixora sp.,4
S19,L1,G2,4,70%,,,Ixora sp.,4
S19,L1,G2,4,70%,,,Ixora sp.,2
S19,L1,G2,4,70%,,,Ixora sp.,2
S19,L1,G2,6,70%,,,Ixora sp.,4
S19,L1,G2,6,70%,,,Ixora sp.,3
S19,L1,G2,6,70%,,,Ixora sp.,0.5
S19,L1,G2,7,60%,,I Plot,Ixora sp.,3.5
S19,L1,G2,7,60%,,I Plot,Ixora sp.,3
S19,L1,G2,7,60%,,I Plot,Ixora sp.,3
S19,L1,G2,7,60%,,I Plot,Ixora sp.,0.5
S19,L1,G2,8,50%,,,Ixora sp.,1.3
S19,L1,G2,8,50%,,,Ixora sp.,2
S19,L1,G2,8,50%,,,Ixora sp.,0.9
S19,L1,G2,9,70%,,,Ixora sp.,1.5
S19,L1,G2,9,70%,,,Ixora sp.,3
S19,L1,G2,9,70%,,,Ixora sp.,13
S19,L1,G2,9,70%,,,Ixora sp.,0.6
S19,L1,G2,12,60%,,,Ixora sp.,1.3
S19,L1,G2,12,60%,,,Ixora sp.,1.1
S19,L1,G2,12,60%,,,Ixora sp.,3
S19,L1,G2,12,60%,,,Ixora sp.,1.3
S19,L1,G2,12,60%,,,Ixora sp.,2
S19,L1,G2,12,60%,,,Ixora sp.,1.2
S19,L1,G2,13,70%,,,Ixora sp.,2
S19,L1,G2,13,70%,,,Ixora sp.,2
S19,L1,G2,13,70%,,,Ixora sp.,2
S19,L1,G2,13,70%,,,Ixora sp.,2
S19,L1,G2,13,70%,,,Ixora sp.,0.9
S19,L1,G2,13,70%,,,Ixora sp.,4
S19,L1,G2,14,69%,1 Net,,Ixora sp.,1.4
S18,L1,G2,1,55%,,,Ixora sp.,1.3
S18,L1,G2,1,55%,,,Ixora sp.,1.4
S18,L1,G2,1,55%,,,Ixora sp.,1.2
S18,L1,G2,1,55%,,,Ixora sp.,1.3
S18,L1,G2,1,55%,,,Ixora sp.,1.2
S18,L1,G2,1,55%,,,Ixora sp.,0.6
S18,L1,G2,1,55%,,,Ixora sp.,1.5
S18,L1,G2,1,55%,,,Ixora sp.,12
S18,L1,G2,1,55%,,,Ixora sp.,1.2
S18,L1,G2,1,55%,,,Ixora sp.,0.9
S18,L1,G2,1,55%,,,Ixora sp.,2
S18,L1,G2,1,55%,,,Ixora sp.,1.5
S18,L1,G2,1,55%,,,Ixora sp.,1.1
S18,L1,G2,1,55%,,,Ixora sp.,1.2
S18,L1,G2,1,55%,,,Ixora sp.,2
S18,L1,G2,1,55%,,,Ixora sp.,1.2
S18,L1,G2,1,55%,,,Ixora sp.,2
S18,L1,G2,1,55%,,,Ixora sp.,0.4
S18,L1,G2,2,55%,,,Ixora sp.,3
S18,L1,G2,2,55%,,,Ixora sp.,1.6
S18,L1,G2,2,55%,,,Ixora sp.,2
S18,L1,G2,2,55%,,,Ixora sp.,8
S18,L1,G2,2,55%,,,Ixora sp.,1.2
S18,L1,G2,2,55%,,,Ixora sp.,1.9
S18,L1,G2,2,55%,,,Ixora sp.,2
S18,L1,G2,2,55%,,,Ixora sp.,0.5
S18,L1,G2,2,55%,,,Ixora sp.,0.4
S18,L1,G2,2,55%,,,Ixora sp.,3.4
S18,L1,G2,3,40%,,,Ixora sp.,1.2
S18,L1,G2,3,40%,,,Ixora sp.,1.5
S18,L1,G2,3,40%,,,Ixora sp.,1.5
S18,L1,G2,3,40%,,,Ixora sp.,0.6
S18,L1,G2,3,40%,,,Ixora sp.,4
S18,L1,G2,3,40%,,,Ixora sp.,2.4
S18,L1,G2,3,40%,,,Ixora sp.,1.9
S18,L1,G2,4,70%,,,Ixora sp.,6
S18,L1,G2,4,70%,,,Ixora sp.,0.4
S18,L1,G2,4,70%,,,Ixora sp.,0.4
S18,L1,G2,4,70%,,,Ixora sp.,1.2
S18,L1,G2,4,70%,,,Ixora sp.,5.5
S18,L1,G2,5,55%,,0.5 Plot,Ixora sp.,2.6
S18,L1,G2,5,55%,,0.5 Plot,Ixora sp.,1.1
S18,L1,G2,5,55%,,0.5 Plot,Ixora sp.,1.5
S18,L1,G2,5,55%,,0.5 Plot,Ixora sp.,3
S18,L1,G2,6,55%,1 Net,4 Plots,Ixora sp.,1.4
S18,L1,G2,6,55%,1 Net,4 Plots,Ixora sp.,2.5
S18,L1,G2,6,55%,1 Net,4 Plots,Ixora sp.,1.2
S18,L1,G2,7,60%,,,Ixora sp.,2
S18,L1,G2,7,60%,,,Ixora sp.,6
S18,L1,G2,7,60%,,,Ixora sp.,1.5
S18,L1,G2,7,60%,,,Ixora sp.,1.5
S18,L1,G2,8,55%,,,Ixora sp.,2.5
S18,L1,G2,8,55%,,,Ixora sp.,1.2
S18,L1,G2,8,55%,,,Ixora sp.,1.3
S18,L1,G2,8,55%,,,Ixora sp.,1.5
S18,L1,G2,8,55%,,,Ixora sp.,1.1
S18,L1,G2,9,60%,,,Ixora sp.,1.8
S18,L1,G2,9,60%,,,Ixora sp.,1.2
S18,L1,G2,9,60%,,,Ixora sp.,1.2
S18,L1,G2,9,60%,,,Ixora sp.,9
S18,L1,G2,9,60%,,,Ixora sp.,1.2
S18,L1,G2,9,60%,,,Ixora sp.,9
S18,L1,G2,9,60%,,,Ixora sp.,1.1
S18,L1,G2,9,60%,,,Ixora sp.,0.4
S18,L1,G2,9,60%,,,Ixora sp.,1.2
S18,L1,G2,9,60%,,,Ixora sp.,1.1
S18,L1,G2,10,65%,,,Ixora sp.,0.4
S18,L1,G2,10,65%,,,Ixora sp.,2
S18,L1,G2,10,65%,,,Ixora sp.,0.5
S18,L1,G2,10,65%,,,Ixora sp.,1.2
S18,L1,G2,10,65%,,,Ixora sp.,0.6
S18,L1,G2,10,65%,,,Ixora sp.,1.2
S18,L1,G2,10,65%,,,Ixora sp.,1.1
S18,L1,G2,10,65%,,,Ixora sp.,1.2
S18,L1,G2,10,65%,,,Ixora sp.,5.7
S18,L1,G2,10,65%,,,Ixora sp.,1.2
S18,L1,G2,10,65%,,,Ixora sp.,1.6
S18,L1,G2,10,65%,,,Ixora sp.,1.6
S18,L1,G2,10,65%,,,Ixora sp.,1.2
S18,L1,G2,11,55%,1 Net,,Ixora sp.,1.2
S18,L1,G2,12,55%,,,Ixora sp.,1.3
S18,L1,G2,12,55%,,,Ixora sp.,0.8
S18,L1,G2,12,55%,,,Ixora sp.,1.1
S18,L1,G2,12,55%,,,Ixora sp.,1.2
S18,L1,G2,12,55%,,,Ixora sp.,1.3
S18,L1,G2,12,55%,,,Ixora sp.,1.3
S18,L1,G2,12,55%,,,Ixora sp.,1.2
S18,L1,G2,12,55%,,,Ixora sp.,1.3
S18,L1,G2,12,55%,,,Ixora sp.,1.5
S18,L1,G2,13,57%,,,Ixora sp.,1.2
S18,L1,G2,13,57%,,,Ixora sp.,1
S18,L1,G2,13,57%,,,Ixora sp.,1.2
S18,L1,G2,13,57%,,,Ixora sp.,4.2
S18,L1,G2,13,57%,,,Ixora sp.,0.4
S18,L1,G2,13,57%,,,Ixora sp.,1.2
S18,L1,G2,14,60%,,,Ixora sp.,2.1
S18,L1,G2,14,60%,,,Ixora sp.,1.2
S18,L1,G2,14,60%,,,Ixora sp.,1.1
S18,L1,G2,14,60%,,,Ixora sp.,0.9
S18,L1,G2,14,60%,,,Ixora sp.,0.9
S18,L1,G2,14,60%,,,Ixora sp.,1.1
S18,L1,G2,14,60%,,,Ixora sp.,0.9
S18,L1,G2,14,60%,,,Ixora sp.,1
S18,L1,G2,14,60%,,,Ixora sp.,0.9
S18,L1,G2,14,60%,,,Ixora sp.,0.9
S18,L1,G2,14,60%,,,Ixora sp.,1.2
S18,L1,G2,14,60%,,,Ixora sp.,1.2
S18,L1,G2,15,60%,,,Ixora sp.,0.9
S18,L1,G2,15,60%,,,Ixora sp.,1.2
S18,L1,G2,15,60%,,,Ixora sp.,1.4
S18,L1,G2,16,65%,,,Ixora sp.,0.9
S18,L1,G2,16,65%,,,Ixora sp.,1.5
S18,L1,G2,16,65%,,,Ixora sp.,1.2
S18,L1,G2,16,65%,,,Ixora sp.,1.2
S18,L1,G2,16,65%,,,Ixora sp.,0.5
S18,L1,G2,16,65%,,,Ixora sp.,1.3
S18,L1,G2,16,65%,,,Ixora sp.,0.8
S18,L1,G2,16,65%,,,Ixora sp.,1
S18,L1,G2,16,65%,,,Ixora sp.,1.4
S12,L2,G3,4,75%,,,Ixora sp.,3
S12,L2,G3,4,75%,,,Ixora sp.,1.2
S3,L1,G2,1,60%,,,Ixora sp.,1.5
S3,L1,G2,2,78%,,,Ixora sp.,1.2
S3,L1,G2,2,78%,,,Ixora sp.,1.2
S3,L1,G2,2,78%,,,Ixora sp.,1.6
S3,L1,G2,2,78%,,,Ixora sp.,6
S3,L1,G2,3,60%,,,Ixora sp.,1.5
S3,L1,G2,3,60%,,,Ixora sp.,1.2
S3,L1,G2,3,60%,,,Ixora sp.,1.1
S3,L1,G2,3,60%,,,Ixora sp.,1.2
S3,L1,G2,3,60%,,,Ixora sp.,0.7
S3,L1,G2,8,60%,,,Ixora sp.,0.7
S18,L1,G2,10,65%,,,Knema attenuata,1.6
S18,L1,G2,12,55%,,,Knema attenuata,28
S18,L1,G2,13,57%,,,Knema attenuata,0.7
S18,L1,G2,13,57%,,,Knema attenuata,0.8
S18,L1,G2,13,57%,,,Knema attenuata,0.5
S3,L1,G2,2,78%,,,Knema attenuata,0.5
S3,L1,G2,3,60%,,,Knema attenuata,7
S3,L1,G2,3,60%,,,Knema attenuata,1.5
S3,L1,G2,4,75%,,,Knema attenuata,3
S3,L1,G2,4,75%,,,Knema attenuata,2
S13,L1,G2,5,70%,1 Net,1 plot,Lasianthus sp.,1.5
S13,L1,G2,5,70%,1 Net,1 plot,Lasianthus sp.,0.5
S13,L1,G2,5,70%,1 Net,1 plot,Lasianthus sp.,0.5
S13,L1,G2,5,70%,1 Net,1 plot,Lasianthus sp.,0.5
S19,L1,G2,12,60%,,,Lasianthus sp.,3
S19,L1,G2,12,60%,,,Lasianthus sp.,2
S18,L1,G2,1,55%,,,Lasianthus sp.,2
S18,L1,G2,1,55%,,,Lasianthus sp.,1.2
S18,L1,G2,2,55%,,,Lasianthus sp.,0.5
S18,L1,G2,8,55%,,,Lasianthus sp.,2.7
S18,L1,G2,8,55%,,,Lasianthus sp.,2
S18,L1,G2,8,55%,,,Lasianthus sp.,1.2
S18,L1,G2,9,60%,,,Lasianthus sp.,1.7
S18,L1,G2,15,60%,,,Lasianthus sp.,0.6
S12,L2,G3,6,70%,,,Lasianthus sp.,2
S2,L1,G2,11,75%,,,Lasianthus sp.,3
S2,L1,G2,13,65%,,,Lasianthus sp.,3
S13,L1,G2,7,40%,,,Leea indica,5
S13,L1,G2,7,40%,,,Leea indica,4
S13,L1,G2,7,40%,,,Leea indica,2
S13,L1,G2,7,40%,,,Leea indica,2
S13,L1,G2,8,55%,,,Leea indica,3
S13,L1,G2,9,40%,,,Leea indica,2
S13,L1,G2,9,40%,,,Leea indica,2
S13,L1,G2,9,40%,,,Leea indica,3
S13,L1,G2,9,40%,,,Leea indica,1.5
S13,L1,G2,9,40%,,,Leea indica,1.5
S13,L1,G2,9,40%,,,Leea indica,1
S13,L1,G2,10,30%,,,Leea indica,2
S13,L1,G2,10,30%,,,Leea indica,1.6
S13,L1,G2,16,50%,,,Leea indica,2
S13,L1,G2,16,50%,,,Leea indica,2
S13,L1,G2,16,50%,,,Leea indica,3
S19,L1,G2,6,70%,,,Leea indica,2
S19,L1,G2,11,60%,,1 Plot,Leea indica,1.3
S19,L1,G2,12,60%,,,Leea indica,2
S12,L2,G3,15,80%,,,Leea indica,1.5
S3,L1,G2,7,70%,,,Leea indica,0.5
S2,L1,G2,16,80%,,,Leea indica,0.5
S5,L2,G2,1,60%,,,Leea indica,2
S8,L1,G2,3,60%,,,Leea indica,0.9
S13,L1,G2,1,60%,,,Litsea floribunda,1
S13,L1,G2,1,60%,,,Litsea floribunda,0.5
S13,L1,G2,1,60%,,,Litsea floribunda,0.5
S13,L1,G2,1,60%,,,Litsea floribunda,1.5
S13,L1,G2,1,60%,,,Litsea floribunda,0.5
S13,L1,G2,1,60%,,,Litsea floribunda,1
S13,L1,G2,1,60%,,,Litsea floribunda,0.4
S13,L1,G2,1,60%,,,Litsea floribunda,0.5
S13,L1,G2,1,60%,,,Litsea floribunda,0.5
S13,L1,G2,2,45%,,1 plot,Litsea floribunda,54
S13,L1,G2,2,45%,,1 plot,Litsea floribunda,0.5
S13,L1,G2,2,45%,,1 plot,Litsea floribunda,0.5
S13,L1,G2,2,45%,,1 plot,Litsea floribunda,1.5
S13,L1,G2,2,45%,,1 plot,Litsea floribunda,0.5
S13,L1,G2,2,45%,,1 plot,Litsea floribunda,0.5
S13,L1,G2,2,45%,,1 plot,Litsea floribunda,1
S13,L1,G2,2,45%,,1 plot,Litsea floribunda,29
S13,L1,G2,2,45%,,1 plot,Litsea floribunda,0.5
S13,L1,G2,2,45%,,1 plot,Litsea floribunda,1.5
S13,L1,G2,2,45%,,1 plot,Litsea floribunda,0.5
S13,L1,G2,2,45%,,1 plot,Litsea floribunda,1.5
S13,L1,G2,2,45%,,1 plot,Litsea floribunda,3
S13,L1,G2,3,30%,1 Net,0.5 plot,Litsea floribunda,1
S13,L1,G2,3,30%,1 Net,0.5 plot,Litsea floribunda,1.5
S13,L1,G2,3,30%,1 Net,0.5 plot,Litsea floribunda,2
S13,L1,G2,3,30%,1 Net,0.5 plot,Litsea floribunda,1
S13,L1,G2,3,30%,1 Net,0.5 plot,Litsea floribunda,1
S13,L1,G2,3,30%,1 Net,0.5 plot,Litsea floribunda,1
S13,L1,G2,3,30%,1 Net,0.5 plot,Litsea floribunda,0.5
S13,L1,G2,4,55%,,0.5 plot,Litsea floribunda,0.5
S13,L1,G2,4,55%,,0.5 plot,Litsea floribunda,2
S13,L1,G2,4,55%,,0.5 plot,Litsea floribunda,1
S13,L1,G2,4,55%,,0.5 plot,Litsea floribunda,1
S13,L1,G2,5,70%,1 Net,1 plot,Litsea floribunda,0.5
S13,L1,G2,5,70%,1 Net,1 plot,Litsea floribunda,0.5
S13,L1,G2,5,70%,1 Net,1 plot,Litsea floribunda,1.5
S13,L1,G2,6,70%,1 Net,,Litsea floribunda,3
S13,L1,G2,6,70%,1 Net,,Litsea floribunda,0.2
S13,L1,G2,7,40%,,,Litsea floribunda,0.5
S13,L1,G2,7,40%,,,Litsea floribunda,0.5
S13,L1,G2,7,40%,,,Litsea floribunda,0.5
S13,L1,G2,7,40%,,,Litsea floribunda,0.3
S13,L1,G2,7,40%,,,Litsea floribunda,2
S13,L1,G2,8,55%,,,Litsea floribunda,2
S13,L1,G2,8,55%,,,Litsea floribunda,0.8
S13,L1,G2,8,55%,,,Litsea floribunda,0.5
S13,L1,G2,8,55%,,,Litsea floribunda,1.5
S13,L1,G2,8,55%,,,Litsea floribunda,1.5
S13,L1,G2,8,55%,,,Litsea floribunda,1
S13,L1,G2,8,55%,,,Litsea floribunda,0.3
S13,L1,G2,8,55%,,,Litsea floribunda,0.4
S13,L1,G2,8,55%,,,Litsea floribunda,1.2
S13,L1,G2,8,55%,,,Litsea floribunda,0.5
S13,L1,G2,8,55%,,,Litsea floribunda,0.5
S13,L1,G2,8,55%,,,Litsea floribunda,3
S13,L1,G2,9,40%,,,Litsea floribunda,0.4
S13,L1,G2,9,40%,,,Litsea floribunda,0.5
S13,L1,G2,9,40%,,,Litsea floribunda,0.5
S13,L1,G2,9,40%,,,Litsea floribunda,0.4
S13,L1,G2,9,40%,,,Litsea floribunda,1
S13,L1,G2,9,40%,,,Litsea floribunda,0.5
S13,L1,G2,9,40%,,,Litsea floribunda,0.6
S13,L1,G2,9,40%,,,Litsea floribunda,21
S13,L1,G2,9,40%,,,Litsea floribunda,1
S13,L1,G2,9,40%,,,Litsea floribunda,3
S13,L1,G2,9,40%,,,Litsea floribunda,0.4
S13,L1,G2,9,40%,,,Litsea floribunda,0.4
S13,L1,G2,9,40%,,,Litsea floribunda,0.6
S13,L1,G2,10,30%,,,Litsea floribunda,2
S13,L1,G2,10,30%,,,Litsea floribunda,2
S13,L1,G2,10,30%,,,Litsea floribunda,2.5
S13,L1,G2,10,30%,,,Litsea floribunda,1.5
S13,L1,G2,10,30%,,,Litsea floribunda,0.9
S13,L1,G2,10,30%,,,Litsea floribunda,1.5
S13,L1,G2,10,30%,,,Litsea floribunda,0.5
S13,L1,G2,10,30%,,,Litsea floribunda,0.5
S13,L1,G2,11,50%,,,Litsea floribunda,22
S13,L1,G2,11,50%,,,Litsea floribunda,0.5
S13,L1,G2,11,50%,,,Litsea floribunda,0.4
S13,L1,G2,11,50%,,,Litsea floribunda,0.4
S13,L1,G2,11,50%,,,Litsea floribunda,0.4
S13,L1,G2,11,50%,,,Litsea floribunda,0.9
S13,L1,G2,11,50%,,,Litsea floribunda,1
S13,L1,G2,11,50%,,,Litsea floribunda,0.5
S13,L1,G2,11,50%,,,Litsea floribunda,0.5
S13,L1,G2,11,50%,,,Litsea floribunda,0.5
S13,L1,G2,12,60%,,,Litsea floribunda,0.5
S13,L1,G2,12,60%,,,Litsea floribunda,1.2
S13,L1,G2,12,60%,,,Litsea floribunda,1.5
S13,L1,G2,12,60%,,,Litsea floribunda,1.5
S13,L1,G2,13,50%,,,Litsea floribunda,0.4
S13,L1,G2,13,50%,,,Litsea floribunda,0.4
S13,L1,G2,13,50%,,,Litsea floribunda,0.4
S13,L1,G2,13,50%,,,Litsea floribunda,0.4
S13,L1,G2,13,50%,,,Litsea floribunda,0.4
S13,L1,G2,13,50%,,,Litsea floribunda,0.4
S13,L1,G2,13,50%,,,Litsea floribunda,0.5
S13,L1,G2,13,50%,,,Litsea floribunda,1.2
S13,L1,G2,13,50%,,,Litsea floribunda,0.5
S13,L1,G2,14,40%,,,Litsea floribunda,0.4
S13,L1,G2,14,40%,,,Litsea floribunda,0.4
S13,L1,G2,14,40%,,,Litsea floribunda,0.4
S13,L1,G2,14,40%,,,Litsea floribunda,1
S13,L1,G2,15,50%,,,Litsea floribunda,12
S13,L1,G2,15,50%,,,Litsea floribunda,0.6
S13,L1,G2,15,50%,,,Litsea floribunda,2
S13,L1,G2,15,50%,,,Litsea floribunda,1.2
S13,L1,G2,15,50%,,,Litsea floribunda,2
S13,L1,G2,15,50%,,,Litsea floribunda,1.2
S13,L1,G2,15,50%,,,Litsea floribunda,0.5
S13,L1,G2,15,50%,,,Litsea floribunda,1.2
S13,L1,G2,15,50%,,,Litsea floribunda,0.5
S13,L1,G2,15,50%,,,Litsea floribunda,0.5
S13,L1,G2,15,50%,,,Litsea floribunda,0.5
S13,L1,G2,15,50%,,,Litsea floribunda,1.2
S13,L1,G2,15,50%,,,Litsea floribunda,1.5
S13,L1,G2,15,50%,,,Litsea floribunda,0.5
S13,L1,G2,16,50%,,,Litsea floribunda,0.5
S13,L1,G2,16,50%,,,Litsea floribunda,1
S13,L1,G2,16,50%,,,Litsea floribunda,0.5
S13,L1,G2,16,50%,,,Litsea floribunda,0.5
S13,L1,G2,16,50%,,,Litsea floribunda,0.5
S13,L1,G2,16,50%,,,Litsea floribunda,1
S13,L1,G2,16,50%,,,Litsea floribunda,1.2
S13,L1,G2,16,50%,,,Litsea floribunda,1.2
S13,L1,G2,16,50%,,,Litsea floribunda,1.2
S13,L1,G2,16,50%,,,Litsea floribunda,1.3
S13,L1,G2,16,50%,,,Litsea floribunda,2
S13,L1,G2,16,50%,,,Litsea floribunda,0.5
S13,L1,G2,16,50%,,,Litsea floribunda,1.3
S13,L1,G2,16,50%,,,Litsea floribunda,1.3
S13,L1,G2,16,50%,,,Litsea floribunda,0.4
S13,L1,G2,16,50%,,,Litsea floribunda,0.4
S13,L1,G2,16,50%,,,Litsea floribunda,0.4
S13,L1,G2,16,50%,,,Litsea floribunda,1.3
S13,L1,G2,16,50%,,,Litsea floribunda,1.2
S19,L1,G2,1,70%,,,Litsea floribunda,0.5
S19,L1,G2,1,70%,,,Litsea floribunda,0.5
S19,L1,G2,1,70%,,,Litsea floribunda,60
S19,L1,G2,1,70%,,,Litsea floribunda,38
S19,L1,G2,1,70%,,,Litsea floribunda,0.6
S19,L1,G2,1,70%,,,Litsea floribunda,0.5
S19,L1,G2,1,70%,,,Litsea floribunda,0.5
S19,L1,G2,1,70%,,,Litsea floribunda,0.4
S19,L1,G2,1,70%,,,Litsea floribunda,0.4
S19,L1,G2,2,75%,1 Net,2 Plots,Litsea floribunda,0.4
S19,L1,G2,2,75%,1 Net,2 Plots,Litsea floribunda,0.4
S19,L1,G2,2,75%,1 Net,2 Plots,Litsea floribunda,0.4
S19,L1,G2,2,75%,1 Net,2 Plots,Litsea floribunda,48
S19,L1,G2,2,75%,1 Net,2 Plots,Litsea floribunda,0.4
S19,L1,G2,2,75%,1 Net,2 Plots,Litsea floribunda,0.5
S19,L1,G2,2,75%,1 Net,2 Plots,Litsea floribunda,0.4
S19,L1,G2,3,75%,1 Net,,Litsea floribunda,0.4
S19,L1,G2,3,75%,1 Net,,Litsea floribunda,0.4
S19,L1,G2,3,75%,1 Net,,Litsea floribunda,0.4
S19,L1,G2,3,75%,1 Net,,Litsea floribunda,0.4
S19,L1,G2,3,75%,1 Net,,Litsea floribunda,0.4
S19,L1,G2,3,75%,1 Net,,Litsea floribunda,0.4
S19,L1,G2,3,75%,1 Net,,Litsea floribunda,0.4
S19,L1,G2,4,70%,,,Litsea floribunda,0.4
S19,L1,G2,4,70%,,,Litsea floribunda,0.4
S19,L1,G2,4,70%,,,Litsea floribunda,0.4
S19,L1,G2,4,70%,,,Litsea floribunda,0.4
S19,L1,G2,4,70%,,,Litsea floribunda,0.4
S19,L1,G2,4,70%,,,Litsea floribunda,0.4
S19,L1,G2,4,70%,,,Litsea floribunda,0.4
S19,L1,G2,4,70%,,,Litsea floribunda,0.5
S19,L1,G2,5,65%,,,Litsea floribunda,0.6
S19,L1,G2,5,65%,,,Litsea floribunda,0.6
S19,L1,G2,5,65%,,,Litsea floribunda,0.5
S19,L1,G2,5,65%,,,Litsea floribunda,0.6
S19,L1,G2,5,65%,,,Litsea floribunda,0.6
S19,L1,G2,5,65%,,,Litsea floribunda,0.4
S19,L1,G2,5,65%,,,Litsea floribunda,0.5
S19,L1,G2,5,65%,,,Litsea floribunda,1.6
S19,L1,G2,5,65%,,,Litsea floribunda,1.5
S19,L1,G2,5,65%,,,Litsea floribunda,0.5
S19,L1,G2,6,70%,,,Litsea floribunda,0.5
S19,L1,G2,6,70%,,,Litsea floribunda,0.4
S19,L1,G2,6,70%,,,Litsea floribunda,0.4
S19,L1,G2,6,70%,,,Litsea floribunda,0.5
S19,L1,G2,6,70%,,,Litsea floribunda,0.5
S19,L1,G2,6,70%,,,Litsea floribunda,1.3
S19,L1,G2,6,70%,,,Litsea floribunda,2
S19,L1,G2,6,70%,,,Litsea floribunda,0.3
S19,L1,G2,6,70%,,,Litsea floribunda,0.4
S19,L1,G2,6,70%,,,Litsea floribunda,0.5
S19,L1,G2,7,60%,,I Plot,Litsea floribunda,0.5
S19,L1,G2,7,60%,,I Plot,Litsea floribunda,1.2
S19,L1,G2,7,60%,,I Plot,Litsea floribunda,1
S19,L1,G2,7,60%,,I Plot,Litsea floribunda,0.4
S19,L1,G2,7,60%,,I Plot,Litsea floribunda,0.5
S19,L1,G2,7,60%,,I Plot,Litsea floribunda,0.5
S19,L1,G2,7,60%,,I Plot,Litsea floribunda,0.4
S19,L1,G2,7,60%,,I Plot,Litsea floribunda,0.5
S19,L1,G2,7,60%,,I Plot,Litsea floribunda,0.5
S19,L1,G2,7,60%,,I Plot,Litsea floribunda,0.4
S19,L1,G2,8,50%,,,Litsea floribunda,0.4
S19,L1,G2,8,50%,,,Litsea floribunda,0.5
S19,L1,G2,8,50%,,,Litsea floribunda,35
S19,L1,G2,8,50%,,,Litsea floribunda,0.5
S19,L1,G2,8,50%,,,Litsea floribunda,0.5
S19,L1,G2,8,50%,,,Litsea floribunda,9
S19,L1,G2,8,50%,,,Litsea floribunda,0.4
S19,L1,G2,8,50%,,,Litsea floribunda,0.5
S19,L1,G2,8,50%,,,Litsea floribunda,0.5
S19,L1,G2,8,50%,,,Litsea floribunda,0.4
S19,L1,G2,8,50%,,,Litsea floribunda,0.4
S19,L1,G2,9,70%,,,Litsea floribunda,1.2
S19,L1,G2,9,70%,,,Litsea floribunda,0.5
S19,L1,G2,9,70%,,,Litsea floribunda,0.4
S19,L1,G2,9,70%,,,Litsea floribunda,20
S19,L1,G2,9,70%,,,Litsea floribunda,0.5
S19,L1,G2,9,70%,,,Litsea floribunda,0.4
S19,L1,G2,11,60%,,1 Plot,Litsea floribunda,0.5
S19,L1,G2,11,60%,,1 Plot,Litsea floribunda,38
S19,L1,G2,11,60%,,1 Plot,Litsea floribunda,0.4
S19,L1,G2,11,60%,,1 Plot,Litsea floribunda,0.5
S19,L1,G2,11,60%,,1 Plot,Litsea floribunda,0.6
S19,L1,G2,11,60%,,1 Plot,Litsea floribunda,2
S19,L1,G2,11,60%,,1 Plot,Litsea floribunda,0.5
S19,L1,G2,11,60%,,1 Plot,Litsea floribunda,2
S19,L1,G2,12,60%,,,Litsea floribunda,0.5
S19,L1,G2,12,60%,,,Litsea floribunda,1.3
S19,L1,G2,12,60%,,,Litsea floribunda,1.3
S19,L1,G2,12,60%,,,Litsea floribunda,0.9
S19,L1,G2,12,60%,,,Litsea floribunda,1.2
S19,L1,G2,12,60%,,,Litsea floribunda,0.4
S19,L1,G2,12,60%,,,Litsea floribunda,1.3
S19,L1,G2,12,60%,,,Litsea floribunda,0.5
S19,L1,G2,13,70%,,,Litsea floribunda,0.5
S19,L1,G2,13,70%,,,Litsea floribunda,0.5
S19,L1,G2,13,70%,,,Litsea floribunda,0.5
S19,L1,G2,13,70%,,,Litsea floribunda,0.5
S19,L1,G2,13,70%,,,Litsea floribunda,0.5
S19,L1,G2,13,70%,,,Litsea floribunda,2
S19,L1,G2,13,70%,,,Litsea floribunda,0.5
S19,L1,G2,13,70%,,,Litsea floribunda,35
S19,L1,G2,13,70%,,,Litsea floribunda,39
S19,L1,G2,14,69%,1 Net,,Litsea floribunda,1.2
S19,L1,G2,14,69%,1 Net,,Litsea floribunda,0.5
S19,L1,G2,14,69%,1 Net,,Litsea floribunda,9
S19,L1,G2,14,69%,1 Net,,Litsea floribunda,0.4
S19,L1,G2,14,69%,1 Net,,Litsea floribunda,0.5
S19,L1,G2,14,69%,1 Net,,Litsea floribunda,0.4
S19,L1,G2,14,69%,1 Net,,Litsea floribunda,0.4
S19,L1,G2,14,69%,1 Net,,Litsea floribunda,0.4
S19,L1,G2,14,69%,1 Net,,Litsea floribunda,0.5
S19,L1,G2,14,69%,1 Net,,Litsea floribunda,0.5
S19,L1,G2,14,69%,1 Net,,Litsea floribunda,0.5
S19,L1,G2,14,69%,1 Net,,Litsea floribunda,20
S19,L1,G2,14,69%,1 Net,,Litsea floribunda,2
S19,L1,G2,15,75%,,,Litsea floribunda,0.4
S19,L1,G2,15,75%,,,Litsea floribunda,0.4
S19,L1,G2,15,75%,,,Litsea floribunda,0.4
S19,L1,G2,15,75%,,,Litsea floribunda,1.2
S19,L1,G2,15,75%,,,Litsea floribunda,0.5
S19,L1,G2,15,75%,,,Litsea floribunda,0.5
S19,L1,G2,15,75%,,,Litsea floribunda,30
S19,L1,G2,15,75%,,,Litsea floribunda,0.5
S19,L1,G2,15,75%,,,Litsea floribunda,12
S19,L1,G2,16,70%,,,Litsea floribunda,0.4
S19,L1,G2,16,70%,,,Litsea floribunda,0.5
S19,L1,G2,16,70%,,,Litsea floribunda,0.5
S19,L1,G2,16,70%,,,Litsea floribunda,0.5
S19,L1,G2,16,70%,,,Litsea floribunda,0.5
S19,L1,G2,16,70%,,,Litsea floribunda,0.5
S19,L1,G2,16,70%,,,Litsea floribunda,19
S18,L1,G2,1,55%,,,Litsea floribunda,0.4
S18,L1,G2,1,55%,,,Litsea floribunda,0.5
S18,L1,G2,1,55%,,,Litsea floribunda,0.4
S18,L1,G2,1,55%,,,Litsea floribunda,0.4
S18,L1,G2,1,55%,,,Litsea floribunda,0.5
S18,L1,G2,1,55%,,,Litsea floribunda,0.4
S18,L1,G2,1,55%,,,Litsea floribunda,0.5
S18,L1,G2,1,55%,,,Litsea floribunda,0.4
S18,L1,G2,2,55%,,,Litsea floribunda,1.6
S18,L1,G2,2,55%,,,Litsea floribunda,1.5
S18,L1,G2,2,55%,,,Litsea floribunda,0.5
S18,L1,G2,2,55%,,,Litsea floribunda,0.4
S18,L1,G2,3,40%,,,Litsea floribunda,60
S18,L1,G2,3,40%,,,Litsea floribunda,0.5
S18,L1,G2,3,40%,,,Litsea floribunda,0.9
S18,L1,G2,3,40%,,,Litsea floribunda,0.6
S18,L1,G2,3,40%,,,Litsea floribunda,0.5
S18,L1,G2,3,40%,,,Litsea floribunda,0.5
S18,L1,G2,3,40%,,,Litsea floribunda,0.5
S18,L1,G2,3,40%,,,Litsea floribunda,0.5
S18,L1,G2,3,40%,,,Litsea floribunda,0.5
S18,L1,G2,4,70%,,,Litsea floribunda,0.6
S18,L1,G2,4,70%,,,Litsea floribunda,2.5
S18,L1,G2,4,70%,,,Litsea floribunda,3
S18,L1,G2,4,70%,,,Litsea floribunda,0.4
S18,L1,G2,4,70%,,,Litsea floribunda,1.3
S18,L1,G2,4,70%,,,Litsea floribunda,1.5
S18,L1,G2,4,70%,,,Litsea floribunda,0.5
S18,L1,G2,4,70%,,,Litsea floribunda,0.4
S18,L1,G2,4,70%,,,Litsea floribunda,0.5
S18,L1,G2,4,70%,,,Litsea floribunda,20
S18,L1,G2,4,70%,,,Litsea floribunda,0.4
S18,L1,G2,4,70%,,,Litsea floribunda,30
S18,L1,G2,4,70%,,,Litsea floribunda,0.4
S18,L1,G2,4,70%,,,Litsea floribunda,0.4
S18,L1,G2,4,70%,,,Litsea floribunda,0.4
S18,L1,G2,5,55%,,0.5 Plot,Litsea floribunda,0.4
S18,L1,G2,5,55%,,0.5 Plot,Litsea floribunda,0.5
S18,L1,G2,5,55%,,0.5 Plot,Litsea floribunda,0.4
S18,L1,G2,5,55%,,0.5 Plot,Litsea floribunda,0.4
S18,L1,G2,5,55%,,0.5 Plot,Litsea floribunda,0.4
S18,L1,G2,5,55%,,0.5 Plot,Litsea floribunda,4
S18,L1,G2,5,55%,,0.5 Plot,Litsea floribunda,0.4
S18,L1,G2,5,55%,,0.5 Plot,Litsea floribunda,0.4
S18,L1,G2,6,55%,1 Net,4 Plots,Litsea floribunda,2
S18,L1,G2,6,55%,1 Net,4 Plots,Litsea floribunda,1.5
S18,L1,G2,6,55%,1 Net,4 Plots,Litsea floribunda,0.4
S18,L1,G2,6,55%,1 Net,4 Plots,Litsea floribunda,0.4
S18,L1,G2,6,55%,1 Net,4 Plots,Litsea floribunda,0.4
S18,L1,G2,6,55%,1 Net,4 Plots,Litsea floribunda,0.5
S18,L1,G2,6,55%,1 Net,4 Plots,Litsea floribunda,0.4
S18,L1,G2,7,60%,,,Litsea floribunda,5
S18,L1,G2,7,60%,,,Litsea floribunda,0.4
S18,L1,G2,7,60%,,,Litsea floribunda,0.5
S18,L1,G2,7,60%,,,Litsea floribunda,0.4
S18,L1,G2,7,60%,,,Litsea floribunda,0.4
S18,L1,G2,7,60%,,,Litsea floribunda,0.4
S18,L1,G2,8,55%,,,Litsea floribunda,10
S18,L1,G2,8,55%,,,Litsea floribunda,0.4
S18,L1,G2,8,55%,,,Litsea floribunda,0.4
S18,L1,G2,8,55%,,,Litsea floribunda,0.4
S18,L1,G2,8,55%,,,Litsea floribunda,0.4
S18,L1,G2,9,60%,,,Litsea floribunda,0.9
S18,L1,G2,9,60%,,,Litsea floribunda,0.6
S18,L1,G2,9,60%,,,Litsea floribunda,0.4
S18,L1,G2,9,60%,,,Litsea floribunda,0.4
S18,L1,G2,9,60%,,,Litsea floribunda,0.4
S18,L1,G2,9,60%,,,Litsea floribunda,0.5
S18,L1,G2,9,60%,,,Litsea floribunda,0.4
S18,L1,G2,9,60%,,,Litsea floribunda,0.4
S18,L1,G2,9,60%,,,Litsea floribunda,0.4
S18,L1,G2,9,60%,,,Litsea floribunda,0.4
S18,L1,G2,9,60%,,,Litsea floribunda,0.4
S18,L1,G2,9,60%,,,Litsea floribunda,0.4
S18,L1,G2,9,60%,,,Litsea floribunda,0.4
S18,L1,G2,9,60%,,,Litsea floribunda,0.4
S18,L1,G2,9,60%,,,Litsea floribunda,0.4
S18,L1,G2,9,60%,,,Litsea floribunda,0.4
S18,L1,G2,9,60%,,,Litsea floribunda,0.4
S18,L1,G2,9,60%,,,Litsea floribunda,0.4
S18,L1,G2,9,60%,,,Litsea floribunda,0.4
S18,L1,G2,9,60%,,,Litsea floribunda,0.4
S18,L1,G2,10,65%,,,Litsea floribunda,0.4
S18,L1,G2,10,65%,,,Litsea floribunda,0.4
S18,L1,G2,10,65%,,,Litsea floribunda,0.4
S18,L1,G2,10,65%,,,Litsea floribunda,0.4
S18,L1,G2,10,65%,,,Litsea floribunda,0.5
S18,L1,G2,10,65%,,,Litsea floribunda,0.4
S18,L1,G2,10,65%,,,Litsea floribunda,0.4
S18,L1,G2,10,65%,,,Litsea floribunda,0.4
S18,L1,G2,10,65%,,,Litsea floribunda,0.4
S18,L1,G2,10,65%,,,Litsea floribunda,0.4
S18,L1,G2,10,65%,,,Litsea floribunda,0.6
S18,L1,G2,10,65%,,,Litsea floribunda,0.4
S18,L1,G2,10,65%,,,Litsea floribunda,0.4
S18,L1,G2,10,65%,,,Litsea floribunda,0.4
S18,L1,G2,10,65%,,,Litsea floribunda,0.4
S18,L1,G2,10,65%,,,Litsea floribunda,0.4
S18,L1,G2,10,65%,,,Litsea floribunda,0.4
S18,L1,G2,11,55%,1 Net,,Litsea floribunda,0.4
S18,L1,G2,11,55%,1 Net,,Litsea floribunda,0.4
S18,L1,G2,11,55%,1 Net,,Litsea floribunda,0.5
S18,L1,G2,11,55%,1 Net,,Litsea floribunda,0.4
S18,L1,G2,11,55%,1 Net,,Litsea floribunda,1.7
S18,L1,G2,11,55%,1 Net,,Litsea floribunda,25
S18,L1,G2,11,55%,1 Net,,Litsea floribunda,0.4
S18,L1,G2,11,55%,1 Net,,Litsea floribunda,0.5
S18,L1,G2,11,55%,1 Net,,Litsea floribunda,0.4
S18,L1,G2,11,55%,1 Net,,Litsea floribunda,0.5
S18,L1,G2,12,55%,,,Litsea floribunda,0.4
S18,L1,G2,12,55%,,,Litsea floribunda,0.4
S18,L1,G2,12,55%,,,Litsea floribunda,0.4
S18,L1,G2,12,55%,,,Litsea floribunda,12
S18,L1,G2,12,55%,,,Litsea floribunda,0.4
S18,L1,G2,12,55%,,,Litsea floribunda,0.4
S18,L1,G2,13,57%,,,Litsea floribunda,0.5
S18,L1,G2,13,57%,,,Litsea floribunda,0.4
S18,L1,G2,13,57%,,,Litsea floribunda,0.4
S18,L1,G2,13,57%,,,Litsea floribunda,0.4
S18,L1,G2,13,57%,,,Litsea floribunda,0.4
S18,L1,G2,13,57%,,,Litsea floribunda,0.4
S18,L1,G2,13,57%,,,Litsea floribunda,0.4
S18,L1,G2,14,60%,,,Litsea floribunda,0.5
S18,L1,G2,14,60%,,,Litsea floribunda,0.4
S18,L1,G2,14,60%,,,Litsea floribunda,0.4
S18,L1,G2,14,60%,,,Litsea floribunda,0.4
S18,L1,G2,14,60%,,,Litsea floribunda,0.4
S18,L1,G2,14,60%,,,Litsea floribunda,0.4
S18,L1,G2,14,60%,,,Litsea floribunda,0.4
S18,L1,G2,14,60%,,,Litsea floribunda,0.4
S18,L1,G2,14,60%,,,Litsea floribunda,0.4
S18,L1,G2,14,60%,,,Litsea floribunda,0.4
S18,L1,G2,14,60%,,,Litsea floribunda,0.4
S18,L1,G2,14,60%,,,Litsea floribunda,0.4
S18,L1,G2,14,60%,,,Litsea floribunda,0.7
S18,L1,G2,14,60%,,,Litsea floribunda,0.5
S18,L1,G2,15,60%,,,Litsea floribunda,0.4
S18,L1,G2,15,60%,,,Litsea floribunda,0.4
S18,L1,G2,15,60%,,,Litsea floribunda,0.4
S18,L1,G2,15,60%,,,Litsea floribunda,0.4
S18,L1,G2,15,60%,,,Litsea floribunda,0.4
S18,L1,G2,15,60%,,,Litsea floribunda,0.4
S18,L1,G2,15,60%,,,Litsea floribunda,0.4
S18,L1,G2,15,60%,,,Litsea floribunda,0.4
S18,L1,G2,15,60%,,,Litsea floribunda,0.4
S18,L1,G2,15,60%,,,Litsea floribunda,0.4
S18,L1,G2,15,60%,,,Litsea floribunda,0.5
S18,L1,G2,15,60%,,,Litsea floribunda,0.4
S18,L1,G2,15,60%,,,Litsea floribunda,0.4
S18,L1,G2,15,60%,,,Litsea floribunda,0.6
S18,L1,G2,15,60%,,,Litsea floribunda,0.5
S18,L1,G2,15,60%,,,Litsea floribunda,0.5
S18,L1,G2,15,60%,,,Litsea floribunda,0.5
S18,L1,G2,15,60%,,,Litsea floribunda,0.4
S18,L1,G2,15,60%,,,Litsea floribunda,0.4
S18,L1,G2,15,60%,,,Litsea floribunda,0.4
S18,L1,G2,16,65%,,,Litsea floribunda,0.5
S18,L1,G2,16,65%,,,Litsea floribunda,0.4
S18,L1,G2,16,65%,,,Litsea floribunda,0.4
S18,L1,G2,16,65%,,,Litsea floribunda,0.4
S18,L1,G2,16,65%,,,Litsea floribunda,0.5
S18,L1,G2,16,65%,,,Litsea floribunda,0.4
S18,L1,G2,16,65%,,,Litsea floribunda,0.4
S18,L1,G2,16,65%,,,Litsea floribunda,0.4
S12,L2,G3,3,70%,,,Litsea floribunda,0.4
S12,L2,G3,4,75%,,,Litsea floribunda,27
S12,L2,G3,4,75%,,,Litsea floribunda,0.4
S12,L2,G3,5,77%,,,Litsea floribunda,0.4
S12,L2,G3,5,77%,,,Litsea floribunda,3
S12,L2,G3,6,70%,,,Litsea floribunda,0.4
S12,L2,G3,6,70%,,,Litsea floribunda,0.7
S12,L2,G3,6,70%,,,Litsea floribunda,39
S12,L2,G3,7,70%,,,Litsea floribunda,0.7
S12,L2,G3,11,85%,,,Litsea floribunda,1.2
S12,L2,G3,11,85%,,,Litsea floribunda,1.1
S12,L2,G3,11,85%,,,Litsea floribunda,1.2
S12,L2,G3,11,85%,,,Litsea floribunda,0.9
S12,L2,G3,12,78%,1 Net,,Litsea floribunda,1.2
S12,L2,G3,14,75%,,,Litsea floribunda,0.5
S12,L2,G3,14,75%,,,Litsea floribunda,0.6
S12,L2,G3,15,80%,,,Litsea floribunda,0.6
S12,L2,G3,16,78%,,,Litsea floribunda,0.5
S12,L2,G3,16,78%,,,Litsea floribunda,0.9
S3,L1,G2,1,60%,,,Litsea floribunda,3
S3,L1,G2,1,60%,,,Litsea floribunda,0.4
S3,L1,G2,1,60%,,,Litsea floribunda,0.4
S3,L1,G2,2,78%,,,Litsea floribunda,0.4
S3,L1,G2,2,78%,,,Litsea floribunda,0.5
S3,L1,G2,2,78%,,,Litsea floribunda,1.9
S3,L1,G2,3,60%,,,Litsea floribunda,1.2
S3,L1,G2,3,60%,,,Litsea floribunda,1.2
S3,L1,G2,3,60%,,,Litsea floribunda,10
S3,L1,G2,4,75%,,,Litsea floribunda,39
S3,L1,G2,5,65%,,,Litsea floribunda,0.5
S3,L1,G2,5,65%,,,Litsea floribunda,1
S3,L1,G2,5,65%,,,Litsea floribunda,1.5
S3,L1,G2,6,76%,,,Litsea floribunda,4
S3,L1,G2,6,76%,,,Litsea floribunda,5
S3,L1,G2,6,76%,,,Litsea floribunda,0.5
S3,L1,G2,6,76%,,,Litsea floribunda,0.5
S3,L1,G2,6,76%,,,Litsea floribunda,0.5
S3,L1,G2,6,76%,,,Litsea floribunda,0.5
S3,L1,G2,6,76%,,,Litsea floribunda,1.5
S3,L1,G2,6,76%,,,Litsea floribunda,2
S3,L1,G2,6,76%,,,Litsea floribunda,1.5
S3,L1,G2,9,75%,,,Litsea floribunda,8
S3,L1,G2,11,75%,,,Litsea floribunda,0.9
S3,L1,G2,12,75%,,,Litsea floribunda,25
S3,L1,G2,13,68%,,,Litsea floribunda,49
S3,L1,G2,14,80%,,,Litsea floribunda,0.5
S3,L1,G2,14,80%,,,Litsea floribunda,0.5
S3,L1,G2,16,80%,,,Litsea floribunda,2.2
S2,L1,G2,1,80%,,,Litsea floribunda,0.6
S2,L1,G2,1,80%,,,Litsea floribunda,1.1
S2,L1,G2,2,79%,,,Litsea floribunda,35
S2,L1,G2,2,79%,,,Litsea floribunda,0.5
S2,L1,G2,2,79%,,,Litsea floribunda,0.6
S2,L1,G2,3,85%,,,Litsea floribunda,0.5
S2,L1,G2,4,75%,,,Litsea floribunda,0.4
S2,L1,G2,5,78%,,,Litsea floribunda,0.6
S2,L1,G2,6,79%,,,Litsea floribunda,1.5
S2,L1,G2,7,69%,,,Litsea floribunda,1.2
S2,L1,G2,7,69%,,,Litsea floribunda,0.5
S2,L1,G2,7,69%,,,Litsea floribunda,29
S2,L1,G2,7,69%,,,Litsea floribunda,9
S2,L1,G2,7,69%,,,Litsea floribunda,0.4
S2,L1,G2,9,80%,,,Litsea floribunda,1
S2,L1,G2,9,80%,,,Litsea floribunda,2
S2,L1,G2,9,80%,,,Litsea floribunda,40
S2,L1,G2,10,75%,,,Litsea floribunda,1.2
S2,L1,G2,10,75%,,,Litsea floribunda,0.5
S2,L1,G2,11,75%,,,Litsea floribunda,2
S2,L1,G2,11,75%,,,Litsea floribunda,19
S2,L1,G2,11,75%,,,Litsea floribunda,0.5
S2,L1,G2,12,60%,,,Litsea floribunda,2
S2,L1,G2,12,60%,,,Litsea floribunda,0.5
S2,L1,G2,12,60%,,,Litsea floribunda,0.5
S2,L1,G2,13,65%,,,Litsea floribunda,2
S2,L1,G2,14,70%,,,Litsea floribunda,40
S2,L1,G2,15,75%,,,Litsea floribunda,2
S2,L1,G2,15,75%,,,Litsea floribunda,1.2
S2,L1,G2,15,75%,,,Litsea floribunda,29
S2,L1,G2,15,75%,,,Litsea floribunda,0.6
S2,L1,G2,16,80%,,,Litsea floribunda,30
S2,L1,G2,16,80%,,,Litsea floribunda,12
S2,L1,G2,16,80%,,,Litsea floribunda,19
S5,L2,G2,1,60%,,,Litsea floribunda,0.4
S5,L2,G2,2,75%,,,Litsea floribunda,0.5
S5,L2,G2,2,75%,,,Litsea floribunda,0.5
S5,L2,G2,5,78%,,,Litsea floribunda,25
S5,L2,G2,5,78%,,,Litsea floribunda,19
S5,L2,G2,5,78%,,,Litsea floribunda,23
S5,L2,G2,5,78%,,,Litsea floribunda,18
S5,L2,G2,6,76%,,,Litsea floribunda,0.6
S5,L2,G2,6,76%,,,Litsea floribunda,0.6
S5,L2,G2,8,75%,,,Litsea floribunda,0.5
S5,L2,G2,8,75%,,,Litsea floribunda,0.5
S5,L2,G2,8,75%,,,Litsea floribunda,16
S5,L2,G2,8,75%,,,Litsea floribunda,0.5
S5,L2,G2,8,75%,,,Litsea floribunda,0.5
S5,L2,G2,8,75%,,,Litsea floribunda,0.5
S5,L2,G2,9,80%,,,Litsea floribunda,37
S5,L2,G2,9,80%,,,Litsea floribunda,5
S5,L2,G2,9,80%,,,Litsea floribunda,38
S5,L2,G2,10,69%,,,Litsea floribunda,0.5
S5,L2,G2,10,69%,,,Litsea floribunda,0.5
S5,L2,G2,10,69%,,,Litsea floribunda,0.6
S5,L2,G2,10,69%,,,Litsea floribunda,3
S5,L2,G2,10,69%,,,Litsea floribunda,5
S5,L2,G2,10,69%,,,Litsea floribunda,11
S5,L2,G2,10,69%,,,Litsea floribunda,8
S5,L2,G2,10,69%,,,Litsea floribunda,13
S5,L2,G2,10,69%,,,Litsea floribunda,14
S5,L2,G2,10,69%,,,Litsea floribunda,8
S5,L2,G2,11,76%,,,Litsea floribunda,16
S5,L2,G2,11,76%,,,Litsea floribunda,7
S5,L2,G2,11,76%,,,Litsea floribunda,10
S5,L2,G2,12,78%,,,Litsea floribunda,14
S5,L2,G2,12,78%,,,Litsea floribunda,13
S5,L2,G2,12,78%,,,Litsea floribunda,11
S5,L2,G2,12,78%,,,Litsea floribunda,1.5
S5,L2,G2,12,78%,,,Litsea floribunda,3.5
S5,L2,G2,12,78%,,,Litsea floribunda,4
S5,L2,G2,14,70%,,,Litsea floribunda,5
S5,L2,G2,14,70%,,,Litsea floribunda,8
S5,L2,G2,14,70%,,,Litsea floribunda,3
S5,L2,G2,14,70%,,,Litsea floribunda,8
S5,L2,G2,14,70%,,,Litsea floribunda,11
S5,L2,G2,14,70%,,,Litsea floribunda,13
S5,L2,G2,14,70%,,,Litsea floribunda,3
S5,L2,G2,14,70%,,,Litsea floribunda,4
S5,L2,G2,15,67%,,,Litsea floribunda,3.1
S5,L2,G2,15,67%,,,Litsea floribunda,7
S5,L2,G2,15,67%,,,Litsea floribunda,11
S5,L2,G2,16,75%,,,Litsea floribunda,8
S5,L2,G2,16,75%,,,Litsea floribunda,0.4
S5,L2,G2,16,75%,,,Litsea floribunda,25
S5,L2,G2,16,75%,,,Litsea floribunda,15
S8,L1,G2,1,70%,,,Litsea floribunda,2
S8,L1,G2,1,70%,,,Litsea floribunda,0.5
S8,L1,G2,1,70%,,,Litsea floribunda,0.5
S8,L1,G2,1,70%,,,Litsea floribunda,0.5
S8,L1,G2,1,70%,,,Litsea floribunda,0.6
S8,L1,G2,1,70%,,,Litsea floribunda,1.2
S8,L1,G2,1,70%,,,Litsea floribunda,0.4
S8,L1,G2,1,70%,,,Litsea floribunda,0.6
S8,L1,G2,1,70%,,,Litsea floribunda,1
S8,L1,G2,1,70%,,,Litsea floribunda,0.4
S8,L1,G2,1,70%,,,Litsea floribunda,0.5
S8,L1,G2,1,70%,,,Litsea floribunda,0.4
S8,L1,G2,1,70%,,,Litsea floribunda,1.2
S8,L1,G2,1,70%,,,Litsea floribunda,0.4
S8,L1,G2,1,70%,,,Litsea floribunda,0.4
S8,L1,G2,1,70%,,,Litsea floribunda,0.5
S8,L1,G2,1,70%,,,Litsea floribunda,0.5
S8,L1,G2,1,70%,,,Litsea floribunda,0.4
S8,L1,G2,1,70%,,,Litsea floribunda,17
S8,L1,G2,1,70%,,,Litsea floribunda,0.6
S8,L1,G2,1,70%,,,Litsea floribunda,0.5
S8,L1,G2,1,70%,,,Litsea floribunda,1.2
S8,L1,G2,1,70%,,,Litsea floribunda,0.6
S8,L1,G2,1,70%,,,Litsea floribunda,0.6
S8,L1,G2,1,70%,,,Litsea floribunda,0.6
S8,L1,G2,1,70%,,,Litsea floribunda,0.8
S8,L1,G2,1,70%,,,Litsea floribunda,0.5
S8,L1,G2,1,70%,,,Litsea floribunda,0.5
S8,L1,G2,1,70%,,,Litsea floribunda,0.4
S8,L1,G2,1,70%,,,Litsea floribunda,0.4
S8,L1,G2,2,65%,,,Litsea floribunda,18
S8,L1,G2,2,65%,,,Litsea floribunda,0.6
S8,L1,G2,2,65%,,,Litsea floribunda,0.6
S8,L1,G2,2,65%,,,Litsea floribunda,0.6
S8,L1,G2,2,65%,,,Litsea floribunda,0.6
S8,L1,G2,2,65%,,,Litsea floribunda,0.5
S8,L1,G2,2,65%,,,Litsea floribunda,0.6
S8,L1,G2,2,65%,,,Litsea floribunda,0.6
S8,L1,G2,2,65%,,,Litsea floribunda,0.6
S8,L1,G2,2,65%,,,Litsea floribunda,5
S8,L1,G2,2,65%,,,Litsea floribunda,0.3
S8,L1,G2,2,65%,,,Litsea floribunda,0.3
S8,L1,G2,2,65%,,,Litsea floribunda,0.4
S8,L1,G2,2,65%,,,Litsea floribunda,0.5
S8,L1,G2,2,65%,,,Litsea floribunda,16
S8,L1,G2,2,65%,,,Litsea floribunda,0.6
S8,L1,G2,2,65%,,,Litsea floribunda,0.5
S8,L1,G2,2,65%,,,Litsea floribunda,0.5
S8,L1,G2,2,65%,,,Litsea floribunda,0.4
S8,L1,G2,2,65%,,,Litsea floribunda,0.5
S8,L1,G2,2,65%,,,Litsea floribunda,0.4
S8,L1,G2,2,65%,,,Litsea floribunda,0.3
S8,L1,G2,2,65%,,,Litsea floribunda,1.2
S8,L1,G2,2,65%,,,Litsea floribunda,0.6
S8,L1,G2,2,65%,,,Litsea floribunda,0.6
S8,L1,G2,3,60%,,,Litsea floribunda,27
S8,L1,G2,3,60%,,,Litsea floribunda,0.5
S8,L1,G2,3,60%,,,Litsea floribunda,0.3
S8,L1,G2,3,60%,,,Litsea floribunda,2
S8,L1,G2,3,60%,,,Litsea floribunda,1.2
S8,L1,G2,3,60%,,,Litsea floribunda,1.2
S8,L1,G2,3,60%,,,Litsea floribunda,0.3
S8,L1,G2,3,60%,,,Litsea floribunda,0.5
S8,L1,G2,3,60%,,,Litsea floribunda,0.5
S8,L1,G2,3,60%,,,Litsea floribunda,0.4
S8,L1,G2,3,60%,,,Litsea floribunda,0.9
S8,L1,G2,3,60%,,,Litsea floribunda,0.4
S8,L1,G2,3,60%,,,Litsea floribunda,0.4
S8,L1,G2,3,60%,,,Litsea floribunda,0.5
S8,L1,G2,3,60%,,,Litsea floribunda,0.7
S8,L1,G2,3,60%,,,Litsea floribunda,0.5
S8,L1,G2,3,60%,,,Litsea floribunda,0.6
S8,L1,G2,3,60%,,,Litsea floribunda,0.6
S8,L1,G2,3,60%,,,Litsea floribunda,0.6
S8,L1,G2,3,60%,,,Litsea floribunda,0.5
S8,L1,G2,3,60%,,,Litsea floribunda,0.6
S8,L1,G2,4,60%,,,Litsea floribunda,0.5
S8,L1,G2,4,60%,,,Litsea floribunda,2
S8,L1,G2,4,60%,,,Litsea floribunda,0.5
S8,L1,G2,4,60%,,,Litsea floribunda,0.9
S8,L1,G2,4,60%,,,Litsea floribunda,0.3
S8,L1,G2,4,60%,,,Litsea floribunda,0.4
S8,L1,G2,4,60%,,,Litsea floribunda,0.4
S8,L1,G2,4,60%,,,Litsea floribunda,0.6
S8,L1,G2,4,60%,,,Litsea floribunda,2
S8,L1,G2,5,65%,,,Litsea floribunda,0.5
S8,L1,G2,5,65%,,,Litsea floribunda,2
S8,L1,G2,5,65%,,,Litsea floribunda,0.4
S8,L1,G2,5,65%,,,Litsea floribunda,1.1
S8,L1,G2,5,65%,,,Litsea floribunda,0.4
S8,L1,G2,5,65%,,,Litsea floribunda,0.4
S8,L1,G2,5,65%,,,Litsea floribunda,0.4
S8,L1,G2,5,65%,,,Litsea floribunda,0.5
S8,L1,G2,5,65%,,,Litsea floribunda,0.4
S8,L1,G2,5,65%,,,Litsea floribunda,0.4
S8,L1,G2,5,65%,,,Litsea floribunda,0.3
S8,L1,G2,5,65%,,,Litsea floribunda,0.5
S8,L1,G2,5,65%,,,Litsea floribunda,0.5
S8,L1,G2,5,65%,,,Litsea floribunda,0.4
S8,L1,G2,6,75%,,,Litsea floribunda,0.5
S8,L1,G2,6,75%,,,Litsea floribunda,0.5
S8,L1,G2,6,75%,,,Litsea floribunda,0.4
S8,L1,G2,6,75%,,,Litsea floribunda,0.5
S8,L1,G2,6,75%,,,Litsea floribunda,0.5
S8,L1,G2,7,70%,,,Litsea floribunda,6.5
S8,L1,G2,7,70%,,,Litsea floribunda,25
S8,L1,G2,7,70%,,,Litsea floribunda,1.2
S8,L1,G2,7,70%,,,Litsea floribunda,0.4
S8,L1,G2,7,70%,,,Litsea floribunda,0.4
S8,L1,G2,7,70%,,,Litsea floribunda,0.5
S8,L1,G2,7,70%,,,Litsea floribunda,0.5
S8,L1,G2,7,70%,,,Litsea floribunda,0.4
S8,L1,G2,7,70%,,,Litsea floribunda,0.4
S8,L1,G2,7,70%,,,Litsea floribunda,0.5
S8,L1,G2,7,70%,,,Litsea floribunda,0.5
S8,L1,G2,7,70%,,,Litsea floribunda,0.5
S8,L1,G2,7,70%,,,Litsea floribunda,0.6
S8,L1,G2,7,70%,,,Litsea floribunda,0.5
S8,L1,G2,7,70%,,,Litsea floribunda,0.5
S8,L1,G2,7,70%,,,Litsea floribunda,0.5
S8,L1,G2,7,70%,,,Litsea floribunda,0.6
S8,L1,G2,7,70%,,,Litsea floribunda,1.2
S8,L1,G2,7,70%,,,Litsea floribunda,6.5
S8,L1,G2,7,70%,,,Litsea floribunda,1.2
S8,L1,G2,7,70%,,,Litsea floribunda,0.5
S8,L1,G2,7,70%,,,Litsea floribunda,0.5
S8,L1,G2,8,55%,,,Litsea floribunda,0.4
S8,L1,G2,8,55%,,,Litsea floribunda,1.2
S8,L1,G2,8,55%,,,Litsea floribunda,0.4
S8,L1,G2,8,55%,,,Litsea floribunda,1.2
S8,L1,G2,8,55%,,,Litsea floribunda,0.4
S8,L1,G2,8,55%,,,Litsea floribunda,0.5
S8,L1,G2,8,55%,,,Litsea floribunda,0.4
S8,L1,G2,8,55%,,,Litsea floribunda,0.4
S8,L1,G2,8,55%,,,Litsea floribunda,0.4
S8,L1,G2,8,55%,,,Litsea floribunda,0.4
S8,L1,G2,8,55%,,,Litsea floribunda,1.2
S8,L1,G2,8,55%,,,Litsea floribunda,0.4
S8,L1,G2,8,55%,,,Litsea floribunda,0.4
S8,L1,G2,8,55%,,,Litsea floribunda,17
S8,L1,G2,8,55%,,,Litsea floribunda,0.4
S8,L1,G2,8,55%,,,Litsea floribunda,0.4
S8,L1,G2,8,55%,,,Litsea floribunda,0.4
S8,L1,G2,8,55%,,,Litsea floribunda,0.4
S8,L1,G2,8,55%,,,Litsea floribunda,0.4
S8,L1,G2,8,55%,,,Litsea floribunda,0.5
S8,L1,G2,8,55%,,,Litsea floribunda,0.4
S8,L1,G2,9,60%,,,Litsea floribunda,3.5
S8,L1,G2,9,60%,,,Litsea floribunda,0.4
S8,L1,G2,9,60%,,,Litsea floribunda,0.4
S8,L1,G2,9,60%,,,Litsea floribunda,0.4
S8,L1,G2,9,60%,,,Litsea floribunda,0.4
S8,L1,G2,9,60%,,,Litsea floribunda,0.4
S8,L1,G2,9,60%,,,Litsea floribunda,0.4
S8,L1,G2,9,60%,,,Litsea floribunda,0.5
S8,L1,G2,9,60%,,,Litsea floribunda,0.4
S8,L1,G2,9,60%,,,Litsea floribunda,0.4
S8,L1,G2,9,60%,,,Litsea floribunda,0.6
S8,L1,G2,9,60%,,,Litsea floribunda,0.4
S8,L1,G2,9,60%,,,Litsea floribunda,0.4
S8,L1,G2,9,60%,,,Litsea floribunda,0.4
S8,L1,G2,9,60%,,,Litsea floribunda,0.5
S8,L1,G2,9,60%,,,Litsea floribunda,0.5
S8,L1,G2,9,60%,,,Litsea floribunda,0.4
S8,L1,G2,9,60%,,,Litsea floribunda,0.4
S8,L1,G2,9,60%,,,Litsea floribunda,0.4
S8,L1,G2,9,60%,,,Litsea floribunda,0.4
S8,L1,G2,9,60%,,,Litsea floribunda,0.5
S8,L1,G2,9,60%,,,Litsea floribunda,0.4
S8,L1,G2,9,60%,,,Litsea floribunda,1.6
S8,L1,G2,9,60%,,,Litsea floribunda,0.4
S8,L1,G2,9,60%,,,Litsea floribunda,0.4
S8,L1,G2,9,60%,,,Litsea floribunda,0.4
S8,L1,G2,9,60%,,,Litsea floribunda,0.4
S8,L1,G2,9,60%,,,Litsea floribunda,0.4
S8,L1,G2,9,60%,,,Litsea floribunda,0.4
S8,L1,G2,10,70%,,,Litsea floribunda,17
S8,L1,G2,10,70%,,,Litsea floribunda,0.4
S8,L1,G2,10,70%,,,Litsea floribunda,0.4
S8,L1,G2,10,70%,,,Litsea floribunda,0.4
S8,L1,G2,10,70%,,,Litsea floribunda,1.6
S8,L1,G2,10,70%,,,Litsea floribunda,0.4
S8,L1,G2,10,70%,,,Litsea floribunda,0.4
S8,L1,G2,10,70%,,,Litsea floribunda,0.4
S8,L1,G2,10,70%,,,Litsea floribunda,30
S8,L1,G2,10,70%,,,Litsea floribunda,0.4
S8,L1,G2,10,70%,,,Litsea floribunda,0.4
S8,L1,G2,10,70%,,,Litsea floribunda,0.4
S8,L1,G2,10,70%,,,Litsea floribunda,0.4
S8,L1,G2,10,70%,,,Litsea floribunda,0.4
S8,L1,G2,10,70%,,,Litsea floribunda,0.4
S8,L1,G2,10,70%,,,Litsea floribunda,0.4
S8,L1,G2,10,70%,,,Litsea floribunda,0.4
S8,L1,G2,10,70%,,,Litsea floribunda,0.4
S8,L1,G2,10,70%,,,Litsea floribunda,0.4
S8,L1,G2,10,70%,,,Litsea floribunda,0.4
S8,L1,G2,11,65%,,,Litsea floribunda,0.4
S8,L1,G2,11,65%,,,Litsea floribunda,0.4
S8,L1,G2,11,65%,,,Litsea floribunda,0.4
S8,L1,G2,11,65%,,,Litsea floribunda,0.5
S8,L1,G2,11,65%,,,Litsea floribunda,0.4
S8,L1,G2,11,65%,,,Litsea floribunda,0.4
S8,L1,G2,12,80%,,,Litsea floribunda,0.4
S8,L1,G2,12,80%,,,Litsea floribunda,0.4
S8,L1,G2,12,80%,,,Litsea floribunda,0.6
S8,L1,G2,12,80%,,,Litsea floribunda,0.4
S8,L1,G2,12,80%,,,Litsea floribunda,0.5
S8,L1,G2,12,80%,,,Litsea floribunda,0.4
S8,L1,G2,12,80%,,,Litsea floribunda,0.4
S8,L1,G2,12,80%,,,Litsea floribunda,0.4
S8,L1,G2,12,80%,,,Litsea floribunda,0.4
S8,L1,G2,12,80%,,,Litsea floribunda,0.4
S8,L1,G2,12,80%,,,Litsea floribunda,1.2
S8,L1,G2,12,80%,,,Litsea floribunda,0.4
S8,L1,G2,12,80%,,,Litsea floribunda,1.2
S8,L1,G2,12,80%,,,Litsea floribunda,0.4
S8,L1,G2,12,80%,,,Litsea floribunda,0.4
S8,L1,G2,12,80%,,,Litsea floribunda,0.4
S8,L1,G2,12,80%,,,Litsea floribunda,0.4
S8,L1,G2,13,85%,,,Litsea floribunda,0.4
S8,L1,G2,13,85%,,,Litsea floribunda,0.4
S8,L1,G2,13,85%,,,Litsea floribunda,0.4
S8,L1,G2,13,85%,,,Litsea floribunda,1.2
S8,L1,G2,13,85%,,,Litsea floribunda,1.2
S8,L1,G2,13,85%,,,Litsea floribunda,1.2
S8,L1,G2,13,85%,,,Litsea floribunda,0.4
S8,L1,G2,13,85%,,,Litsea floribunda,0.7
S8,L1,G2,13,85%,,,Litsea floribunda,0.5
S8,L1,G2,13,85%,,,Litsea floribunda,1.2
S8,L1,G2,13,85%,,,Litsea floribunda,8
S8,L1,G2,14,70%,,,Litsea floribunda,0.4
S8,L1,G2,14,70%,,,Litsea floribunda,0.5
S8,L1,G2,14,70%,,,Litsea floribunda,0.5
S8,L1,G2,14,70%,,,Litsea floribunda,0.4
S8,L1,G2,14,70%,,,Litsea floribunda,2
S8,L1,G2,14,70%,,,Litsea floribunda,1.2
S8,L1,G2,14,70%,,,Litsea floribunda,18
S8,L1,G2,14,70%,,,Litsea floribunda,1.2
S8,L1,G2,14,70%,,,Litsea floribunda,1.2
S8,L1,G2,14,70%,,,Litsea floribunda,0.4
S8,L1,G2,14,70%,,,Litsea floribunda,30
S8,L1,G2,14,70%,,,Litsea floribunda,0.5
S8,L1,G2,14,70%,,,Litsea floribunda,0.4
S8,L1,G2,14,70%,,,Litsea floribunda,1.2
S8,L1,G2,15,60%,,,Litsea floribunda,0.4
S8,L1,G2,15,60%,,,Litsea floribunda,0.5
S8,L1,G2,15,60%,,,Litsea floribunda,0.5
S8,L1,G2,15,60%,,,Litsea floribunda,1.3
S8,L1,G2,15,60%,,,Litsea floribunda,0.4
S8,L1,G2,15,60%,,,Litsea floribunda,1.2
S8,L1,G2,15,60%,,,Litsea floribunda,0.5
S8,L1,G2,15,60%,,,Litsea floribunda,0.4
S8,L1,G2,15,60%,,,Litsea floribunda,1.3
S8,L1,G2,15,60%,,,Litsea floribunda,0.9
S8,L1,G2,15,60%,,,Litsea floribunda,0.4
S8,L1,G2,15,60%,,,Litsea floribunda,0.4
S8,L1,G2,15,60%,,,Litsea floribunda,0.4
S8,L1,G2,15,60%,,,Litsea floribunda,1.2
S8,L1,G2,15,60%,,,Litsea floribunda,0.5
S8,L1,G2,15,60%,,,Litsea floribunda,0.5
S8,L1,G2,15,60%,,,Litsea floribunda,1.2
S8,L1,G2,15,60%,,,Litsea floribunda,0.5
S8,L1,G2,15,60%,,,Litsea floribunda,0.5
S8,L1,G2,15,60%,,,Litsea floribunda,0.7
S8,L1,G2,16,75%,,,Litsea floribunda,1.2
S8,L1,G2,16,75%,,,Litsea floribunda,1.2
S8,L1,G2,16,75%,,,Litsea floribunda,0.4
S8,L1,G2,16,75%,,,Litsea floribunda,0.4
S8,L1,G2,16,75%,,,Litsea floribunda,0.4
S8,L1,G2,16,75%,,,Litsea floribunda,1.2
S8,L1,G2,16,75%,,,Litsea floribunda,0.7
S8,L1,G2,16,75%,,,Litsea floribunda,35
S8,L1,G2,16,75%,,,Litsea floribunda,0.4
S8,L1,G2,16,75%,,,Litsea floribunda,0.4
S8,L1,G2,16,75%,,,Litsea floribunda,0.5
S8,L1,G2,16,75%,,,Litsea floribunda,0.4
S8,L1,G2,16,75%,,,Litsea floribunda,0.4
S8,L1,G2,16,75%,,,Litsea floribunda,0.4
S8,L1,G2,16,75%,,,Litsea floribunda,0.4
S8,L1,G2,16,75%,,,Litsea floribunda,0.4
S8,L1,G2,16,75%,,,Litsea floribunda,0.4
S8,L1,G2,16,75%,,,Litsea floribunda,0.4
S8,L1,G2,16,75%,,,Litsea floribunda,0.4
S13,L1,G2,2,45%,,1 plot,Litsea insignis,10
S13,L1,G2,2,45%,,1 plot,Litsea insignis,0.5
S13,L1,G2,2,45%,,1 plot,Litsea insignis,7
S13,L1,G2,2,45%,,1 plot,Litsea insignis,1
S13,L1,G2,4,55%,,0.5 plot,Litsea insignis,1.5
S13,L1,G2,11,50%,,,Litsea insignis,0.5
S19,L1,G2,7,60%,,I Plot,Litsea insignis,1.2
S19,L1,G2,9,70%,,,Litsea insignis,0.5
S13,L1,G2,2,45%,,1 plot,Litsea mysorensis,0.5
S13,L1,G2,2,45%,,1 plot,Litsea mysorensis,1
S13,L1,G2,2,45%,,1 plot,Litsea mysorensis,0.5
S13,L1,G2,2,45%,,1 plot,Litsea mysorensis,0.5
S13,L1,G2,2,45%,,1 plot,Litsea mysorensis,1.5
S13,L1,G2,2,45%,,1 plot,Litsea mysorensis,0.6
S13,L1,G2,2,45%,,1 plot,Litsea mysorensis,1.5
S13,L1,G2,2,45%,,1 plot,Litsea mysorensis,1
S13,L1,G2,3,30%,1 Net,0.5 plot,Litsea mysorensis,1
S13,L1,G2,6,70%,1 Net,,Litsea mysorensis,1.5
S13,L1,G2,6,70%,1 Net,,Litsea mysorensis,12
S13,L1,G2,6,70%,1 Net,,Litsea mysorensis,4
S13,L1,G2,6,70%,1 Net,,Litsea mysorensis,0.2
S13,L1,G2,6,70%,1 Net,,Litsea mysorensis,0.5
S13,L1,G2,6,70%,1 Net,,Litsea mysorensis,2
S13,L1,G2,7,40%,,,Litsea mysorensis,1
S13,L1,G2,7,40%,,,Litsea mysorensis,0.6
S13,L1,G2,7,40%,,,Litsea mysorensis,0.6
S13,L1,G2,7,40%,,,Litsea mysorensis,2
S13,L1,G2,7,40%,,,Litsea mysorensis,0.5
S13,L1,G2,7,40%,,,Litsea mysorensis,0.4
S13,L1,G2,7,40%,,,Litsea mysorensis,0.5
S13,L1,G2,7,40%,,,Litsea mysorensis,0.5
S13,L1,G2,7,40%,,,Litsea mysorensis,0.5
S13,L1,G2,8,55%,,,Litsea mysorensis,0.4
S13,L1,G2,8,55%,,,Litsea mysorensis,1.5
S13,L1,G2,8,55%,,,Litsea mysorensis,0.4
S13,L1,G2,8,55%,,,Litsea mysorensis,0.5
S13,L1,G2,9,40%,,,Litsea mysorensis,0.4
S13,L1,G2,9,40%,,,Litsea mysorensis,0.4
S13,L1,G2,9,40%,,,Litsea mysorensis,0.4
S13,L1,G2,9,40%,,,Litsea mysorensis,0.4
S13,L1,G2,9,40%,,,Litsea mysorensis,0.6
S13,L1,G2,9,40%,,,Litsea mysorensis,0.4
S13,L1,G2,9,40%,,,Litsea mysorensis,0.4
S13,L1,G2,9,40%,,,Litsea mysorensis,0.4
S13,L1,G2,9,40%,,,Litsea mysorensis,0.4
S13,L1,G2,9,40%,,,Litsea mysorensis,0.4
S13,L1,G2,9,40%,,,Litsea mysorensis,0.4
S13,L1,G2,9,40%,,,Litsea mysorensis,0.4
S13,L1,G2,9,40%,,,Litsea mysorensis,0.4
S13,L1,G2,9,40%,,,Litsea mysorensis,0.4
S13,L1,G2,9,40%,,,Litsea mysorensis,0.4
S13,L1,G2,9,40%,,,Litsea mysorensis,0.4
S13,L1,G2,9,40%,,,Litsea mysorensis,0.4
S13,L1,G2,9,40%,,,Litsea mysorensis,0.5
S13,L1,G2,9,40%,,,Litsea mysorensis,0.4
S13,L1,G2,9,40%,,,Litsea mysorensis,0.5
S13,L1,G2,9,40%,,,Litsea mysorensis,0.5
S13,L1,G2,9,40%,,,Litsea mysorensis,0.4
S13,L1,G2,9,40%,,,Litsea mysorensis,0.4
S13,L1,G2,9,40%,,,Litsea mysorensis,0.4
S13,L1,G2,9,40%,,,Litsea mysorensis,0.4
S13,L1,G2,9,40%,,,Litsea mysorensis,0.4
S13,L1,G2,9,40%,,,Litsea mysorensis,0.4
S13,L1,G2,9,40%,,,Litsea mysorensis,0.4
S13,L1,G2,9,40%,,,Litsea mysorensis,0.5
S13,L1,G2,9,40%,,,Litsea mysorensis,0.4
S13,L1,G2,9,40%,,,Litsea mysorensis,0.4
S13,L1,G2,9,40%,,,Litsea mysorensis,0.4
S13,L1,G2,9,40%,,,Litsea mysorensis,0.4
S13,L1,G2,9,40%,,,Litsea mysorensis,0.4
S13,L1,G2,9,40%,,,Litsea mysorensis,0.5
S13,L1,G2,9,40%,,,Litsea mysorensis,1
S13,L1,G2,9,40%,,,Litsea mysorensis,0.5
S13,L1,G2,9,40%,,,Litsea mysorensis,0.4
S13,L1,G2,9,40%,,,Litsea mysorensis,0.4
S13,L1,G2,9,40%,,,Litsea mysorensis,1
S13,L1,G2,9,40%,,,Litsea mysorensis,0.4
S13,L1,G2,9,40%,,,Litsea mysorensis,0.4
S13,L1,G2,9,40%,,,Litsea mysorensis,0.4
S13,L1,G2,9,40%,,,Litsea mysorensis,0.4
S13,L1,G2,9,40%,,,Litsea mysorensis,0.4
S13,L1,G2,9,40%,,,Litsea mysorensis,0.4
S13,L1,G2,9,40%,,,Litsea mysorensis,0.4
S13,L1,G2,9,40%,,,Litsea mysorensis,0.4
S13,L1,G2,9,40%,,,Litsea mysorensis,0.4
S13,L1,G2,9,40%,,,Litsea mysorensis,0.4
S13,L1,G2,9,40%,,,Litsea mysorensis,0.4
S13,L1,G2,9,40%,,,Litsea mysorensis,0.4
S13,L1,G2,9,40%,,,Litsea mysorensis,0.4
S13,L1,G2,9,40%,,,Litsea mysorensis,0.4
S13,L1,G2,9,40%,,,Litsea mysorensis,0.4
S13,L1,G2,9,40%,,,Litsea mysorensis,0.4
S13,L1,G2,9,40%,,,Litsea mysorensis,0.4
S13,L1,G2,9,40%,,,Litsea mysorensis,0.4
S13,L1,G2,9,40%,,,Litsea mysorensis,0.4
S13,L1,G2,9,40%,,,Litsea mysorensis,0.4
S13,L1,G2,9,40%,,,Litsea mysorensis,0.4
S13,L1,G2,9,40%,,,Litsea mysorensis,0.4
S13,L1,G2,9,40%,,,Litsea mysorensis,0.4
S13,L1,G2,9,40%,,,Litsea mysorensis,0.4
S13,L1,G2,9,40%,,,Litsea mysorensis,0.4
S13,L1,G2,9,40%,,,Litsea mysorensis,0.4
S13,L1,G2,9,40%,,,Litsea mysorensis,0.4
S13,L1,G2,9,40%,,,Litsea mysorensis,0.4
S13,L1,G2,9,40%,,,Litsea mysorensis,0.4
S13,L1,G2,9,40%,,,Litsea mysorensis,0.4
S13,L1,G2,9,40%,,,Litsea mysorensis,0.4
S13,L1,G2,9,40%,,,Litsea mysorensis,0.4
S13,L1,G2,9,40%,,,Litsea mysorensis,0.4
S13,L1,G2,9,40%,,,Litsea mysorensis,0.4
S13,L1,G2,9,40%,,,Litsea mysorensis,0.4
S13,L1,G2,9,40%,,,Litsea mysorensis,0.4
S13,L1,G2,9,40%,,,Litsea mysorensis,0.4
S13,L1,G2,9,40%,,,Litsea mysorensis,0.4
S13,L1,G2,9,40%,,,Litsea mysorensis,0.4
S13,L1,G2,9,40%,,,Litsea mysorensis,0.4
S13,L1,G2,9,40%,,,Litsea mysorensis,0.4
S13,L1,G2,9,40%,,,Litsea mysorensis,0.4
S13,L1,G2,9,40%,,,Litsea mysorensis,0.4
S13,L1,G2,9,40%,,,Litsea mysorensis,0.4
S13,L1,G2,9,40%,,,Litsea mysorensis,0.4
S13,L1,G2,9,40%,,,Litsea mysorensis,0.4
S13,L1,G2,9,40%,,,Litsea mysorensis,0.4
S13,L1,G2,9,40%,,,Litsea mysorensis,0.4
S13,L1,G2,9,40%,,,Litsea mysorensis,0.4
S13,L1,G2,9,40%,,,Litsea mysorensis,0.4
S13,L1,G2,10,30%,,,Litsea mysorensis,0.4
S13,L1,G2,10,30%,,,Litsea mysorensis,0.4
S13,L1,G2,10,30%,,,Litsea mysorensis,0.4
S13,L1,G2,10,30%,,,Litsea mysorensis,0.6
S13,L1,G2,10,30%,,,Litsea mysorensis,0.6
S13,L1,G2,10,30%,,,Litsea mysorensis,0.4
S13,L1,G2,10,30%,,,Litsea mysorensis,1
S13,L1,G2,10,30%,,,Litsea mysorensis,0.6
S13,L1,G2,10,30%,,,Litsea mysorensis,0.5
S13,L1,G2,11,50%,,,Litsea mysorensis,0.4
S13,L1,G2,11,50%,,,Litsea mysorensis,1
S13,L1,G2,11,50%,,,Litsea mysorensis,3
S13,L1,G2,13,50%,,,Litsea mysorensis,0.5
S13,L1,G2,15,50%,,,Litsea mysorensis,0.3
S13,L1,G2,15,50%,,,Litsea mysorensis,0.6
S13,L1,G2,15,50%,,,Litsea mysorensis,0.5
S13,L1,G2,15,50%,,,Litsea mysorensis,0.4
S13,L1,G2,15,50%,,,Litsea mysorensis,0.5
S13,L1,G2,15,50%,,,Litsea mysorensis,0.3
S13,L1,G2,15,50%,,,Litsea mysorensis,4
S13,L1,G2,16,50%,,,Litsea mysorensis,1.2
S13,L1,G2,16,50%,,,Litsea mysorensis,1
S13,L1,G2,16,50%,,,Litsea mysorensis,10
S13,L1,G2,16,50%,,,Litsea mysorensis,0.5
S13,L1,G2,16,50%,,,Litsea mysorensis,1
S13,L1,G2,16,50%,,,Litsea mysorensis,1.2
S13,L1,G2,16,50%,,,Litsea mysorensis,0.6
S13,L1,G2,16,50%,,,Litsea mysorensis,0.9
S13,L1,G2,16,50%,,,Litsea mysorensis,1.2
S13,L1,G2,16,50%,,,Litsea mysorensis,0.6
S13,L1,G2,16,50%,,,Litsea mysorensis,1.2
S13,L1,G2,16,50%,,,Litsea mysorensis,1.2
S13,L1,G2,16,50%,,,Litsea mysorensis,0.4
S13,L1,G2,16,50%,,,Litsea mysorensis,0.4
S13,L1,G2,16,50%,,,Litsea mysorensis,0.4
S13,L1,G2,16,50%,,,Litsea mysorensis,0.4
S13,L1,G2,16,50%,,,Litsea mysorensis,0.4
S13,L1,G2,16,50%,,,Litsea mysorensis,0.4
S13,L1,G2,16,50%,,,Litsea mysorensis,0.4
S13,L1,G2,16,50%,,,Litsea mysorensis,0.4
S13,L1,G2,16,50%,,,Litsea mysorensis,0.4
S13,L1,G2,16,50%,,,Litsea mysorensis,0.4
S13,L1,G2,16,50%,,,Litsea mysorensis,0.4
S13,L1,G2,16,50%,,,Litsea mysorensis,0.4
S13,L1,G2,16,50%,,,Litsea mysorensis,0.4
S13,L1,G2,16,50%,,,Litsea mysorensis,0.4
S13,L1,G2,16,50%,,,Litsea mysorensis,0.4
S13,L1,G2,16,50%,,,Litsea mysorensis,0.4
S13,L1,G2,16,50%,,,Litsea mysorensis,0.4
S13,L1,G2,16,50%,,,Litsea mysorensis,0.4
S13,L1,G2,16,50%,,,Litsea mysorensis,0.4
S13,L1,G2,16,50%,,,Litsea mysorensis,0.4
S13,L1,G2,16,50%,,,Litsea mysorensis,0.4
S13,L1,G2,16,50%,,,Litsea mysorensis,0.4
S13,L1,G2,16,50%,,,Litsea mysorensis,0.4
S13,L1,G2,16,50%,,,Litsea mysorensis,0.4
S13,L1,G2,16,50%,,,Litsea mysorensis,0.4
S13,L1,G2,16,50%,,,Litsea mysorensis,0.4
S13,L1,G2,16,50%,,,Litsea mysorensis,0.4
S13,L1,G2,16,50%,,,Litsea mysorensis,0.4
S13,L1,G2,16,50%,,,Litsea mysorensis,0.4
S13,L1,G2,16,50%,,,Litsea mysorensis,0.4
S13,L1,G2,16,50%,,,Litsea mysorensis,0.4
S13,L1,G2,16,50%,,,Litsea mysorensis,0.4
S13,L1,G2,16,50%,,,Litsea mysorensis,0.4
S13,L1,G2,16,50%,,,Litsea mysorensis,0.4
S13,L1,G2,16,50%,,,Litsea mysorensis,0.4
S13,L1,G2,16,50%,,,Litsea mysorensis,0.4
S13,L1,G2,16,50%,,,Litsea mysorensis,0.4
S13,L1,G2,16,50%,,,Litsea mysorensis,0.4
S13,L1,G2,16,50%,,,Litsea mysorensis,0.4
S13,L1,G2,16,50%,,,Litsea mysorensis,0.4
S13,L1,G2,16,50%,,,Litsea mysorensis,0.4
S13,L1,G2,16,50%,,,Litsea mysorensis,0.4
S13,L1,G2,16,50%,,,Litsea mysorensis,0.4
S13,L1,G2,16,50%,,,Litsea mysorensis,0.4
S13,L1,G2,16,50%,,,Litsea mysorensis,0.4
S13,L1,G2,16,50%,,,Litsea mysorensis,0.4
S13,L1,G2,16,50%,,,Litsea mysorensis,0.4
S13,L1,G2,16,50%,,,Litsea mysorensis,0.4
S13,L1,G2,16,50%,,,Litsea mysorensis,0.4
S13,L1,G2,16,50%,,,Litsea mysorensis,0.4
S19,L1,G2,1,70%,,,Litsea mysorensis,0.5
S19,L1,G2,2,75%,1 Net,2 Plots,Litsea mysorensis,1.2
S19,L1,G2,3,75%,1 Net,,Litsea mysorensis,0.4
S19,L1,G2,4,70%,,,Litsea mysorensis,25
S19,L1,G2,4,70%,,,Litsea mysorensis,0.5
S19,L1,G2,4,70%,,,Litsea mysorensis,3
S19,L1,G2,7,60%,,I Plot,Litsea mysorensis,1.2
S19,L1,G2,12,60%,,,Litsea mysorensis,0.3
S19,L1,G2,12,60%,,,Litsea mysorensis,2
S19,L1,G2,13,70%,,,Litsea mysorensis,1
S19,L1,G2,13,70%,,,Litsea mysorensis,1.4
S19,L1,G2,15,75%,,,Litsea mysorensis,1.4
S19,L1,G2,16,70%,,,Litsea mysorensis,0.4
S19,L1,G2,16,70%,,,Litsea mysorensis,7
S19,L1,G2,16,70%,,,Litsea mysorensis,1.6
S18,L1,G2,1,55%,,,Litsea mysorensis,0.4
S18,L1,G2,4,70%,,,Litsea mysorensis,0.5
S18,L1,G2,4,70%,,,Litsea mysorensis,0.4
S18,L1,G2,4,70%,,,Litsea mysorensis,0.4
S18,L1,G2,4,70%,,,Litsea mysorensis,0.7
S18,L1,G2,5,55%,,0.5 Plot,Litsea mysorensis,5
S18,L1,G2,5,55%,,0.5 Plot,Litsea mysorensis,2
S18,L1,G2,7,60%,,,Litsea mysorensis,0.9
S18,L1,G2,9,60%,,,Litsea mysorensis,1.2
S18,L1,G2,9,60%,,,Litsea mysorensis,0.9
S18,L1,G2,9,60%,,,Litsea mysorensis,0.4
S18,L1,G2,9,60%,,,Litsea mysorensis,0.9
S18,L1,G2,9,60%,,,Litsea mysorensis,0.5
S18,L1,G2,9,60%,,,Litsea mysorensis,0.3
S18,L1,G2,9,60%,,,Litsea mysorensis,0.4
S18,L1,G2,9,60%,,,Litsea mysorensis,0.4
S18,L1,G2,12,55%,,,Litsea mysorensis,0.5
S18,L1,G2,14,60%,,,Litsea mysorensis,5.6
S18,L1,G2,14,60%,,,Litsea mysorensis,0.4
S18,L1,G2,14,60%,,,Litsea mysorensis,9.9
S18,L1,G2,16,65%,,,Litsea mysorensis,0.4
S18,L1,G2,16,65%,,,Litsea mysorensis,1.5
S18,L1,G2,16,65%,,,Litsea mysorensis,1
S12,L2,G3,1,75%,1 Net,,Litsea mysorensis,11
S12,L2,G3,1,75%,1 Net,,Litsea mysorensis,0.9
S12,L2,G3,2,75%,,,Litsea mysorensis,22
S12,L2,G3,2,75%,,,Litsea mysorensis,1.2
S12,L2,G3,2,75%,,,Litsea mysorensis,6
S12,L2,G3,2,75%,,,Litsea mysorensis,0.6
S12,L2,G3,2,75%,,,Litsea mysorensis,0.6
S12,L2,G3,2,75%,,,Litsea mysorensis,0.6
S12,L2,G3,2,75%,,,Litsea mysorensis,0.6
S12,L2,G3,2,75%,,,Litsea mysorensis,0.6
S12,L2,G3,2,75%,,,Litsea mysorensis,0.6
S12,L2,G3,2,75%,,,Litsea mysorensis,0.6
S12,L2,G3,2,75%,,,Litsea mysorensis,0.6
S12,L2,G3,2,75%,,,Litsea mysorensis,0.6
S12,L2,G3,2,75%,,,Litsea mysorensis,0.6
S12,L2,G3,2,75%,,,Litsea mysorensis,23
S12,L2,G3,2,75%,,,Litsea mysorensis,0.7
S12,L2,G3,3,70%,,,Litsea mysorensis,2.5
S12,L2,G3,4,75%,,,Litsea mysorensis,0.5
S12,L2,G3,4,75%,,,Litsea mysorensis,29
S12,L2,G3,4,75%,,,Litsea mysorensis,0.5
S12,L2,G3,4,75%,,,Litsea mysorensis,1.2
S12,L2,G3,4,75%,,,Litsea mysorensis,19
S12,L2,G3,5,77%,,,Litsea mysorensis,1
S12,L2,G3,8,80%,,,Litsea mysorensis,4
S12,L2,G3,8,80%,,,Litsea mysorensis,3
S12,L2,G3,8,80%,,,Litsea mysorensis,32
S12,L2,G3,11,85%,,,Litsea mysorensis,6
S12,L2,G3,12,78%,1 Net,,Litsea mysorensis,6
S12,L2,G3,12,78%,1 Net,,Litsea mysorensis,0.9
S12,L2,G3,14,75%,,,Litsea mysorensis,2
S12,L2,G3,15,80%,,,Litsea mysorensis,0.5
S12,L2,G3,15,80%,,,Litsea mysorensis,3
S12,L2,G3,16,78%,,,Litsea mysorensis,1.1
S3,L1,G2,2,78%,,,Litsea mysorensis,1.2
S3,L1,G2,3,60%,,,Litsea mysorensis,0.5
S3,L1,G2,3,60%,,,Litsea mysorensis,0.9
S3,L1,G2,5,65%,,,Litsea mysorensis,0.7
S3,L1,G2,5,65%,,,Litsea mysorensis,2
S3,L1,G2,6,76%,,,Litsea mysorensis,1.2
S3,L1,G2,6,76%,,,Litsea mysorensis,1.2
S3,L1,G2,7,70%,,,Litsea mysorensis,10
S3,L1,G2,7,70%,,,Litsea mysorensis,35
S3,L1,G2,7,70%,,,Litsea mysorensis,15
S3,L1,G2,9,75%,,,Litsea mysorensis,0.6
S3,L1,G2,10,70%,,,Litsea mysorensis,1.5
S3,L1,G2,12,75%,,,Litsea mysorensis,19
S3,L1,G2,16,80%,,,Litsea mysorensis,0.4
S2,L1,G2,1,80%,,,Litsea mysorensis,0.4
S2,L1,G2,7,69%,,,Litsea mysorensis,5
S2,L1,G2,16,80%,,,Litsea mysorensis,19
S2,L1,G2,16,80%,,,Litsea mysorensis,0.5
S5,L2,G2,1,60%,,,Litsea mysorensis,1.3
S5,L2,G2,2,75%,,,Litsea mysorensis,0.3
S5,L2,G2,2,75%,,,Litsea mysorensis,0.3
S5,L2,G2,4,80%,,,Litsea mysorensis,3
S5,L2,G2,7,80%,,,Litsea mysorensis,4.5
S5,L2,G2,9,80%,,,Litsea mysorensis,11
S5,L2,G2,9,80%,,,Litsea mysorensis,6.5
S5,L2,G2,10,69%,,,Litsea mysorensis,4
S5,L2,G2,10,69%,,,Litsea mysorensis,6
S5,L2,G2,10,69%,,,Litsea mysorensis,0.6
S5,L2,G2,10,69%,,,Litsea mysorensis,7
S5,L2,G2,12,78%,,,Litsea mysorensis,14
S5,L2,G2,13,75%,,,Litsea mysorensis,8
S5,L2,G2,13,75%,,,Litsea mysorensis,6
S5,L2,G2,14,70%,,,Litsea mysorensis,11
S5,L2,G2,14,70%,,,Litsea mysorensis,12
S5,L2,G2,14,70%,,,Litsea mysorensis,11
S5,L2,G2,15,67%,,,Litsea mysorensis,12
S8,L1,G2,1,70%,,,Litsea mysorensis,0.4
S8,L1,G2,1,70%,,,Litsea mysorensis,1.2
S8,L1,G2,2,65%,,,Litsea mysorensis,8
S8,L1,G2,2,65%,,,Litsea mysorensis,9
S8,L1,G2,2,65%,,,Litsea mysorensis,0.6
S8,L1,G2,2,65%,,,Litsea mysorensis,1.3
S8,L1,G2,6,75%,,,Litsea mysorensis,16
S8,L1,G2,6,75%,,,Litsea mysorensis,20
S8,L1,G2,6,75%,,,Litsea mysorensis,0.9
S8,L1,G2,6,75%,,,Litsea mysorensis,3
S8,L1,G2,6,75%,,,Litsea mysorensis,15
S8,L1,G2,6,75%,,,Litsea mysorensis,0.9
S8,L1,G2,6,75%,,,Litsea mysorensis,1.2
S8,L1,G2,6,75%,,,Litsea mysorensis,2
S8,L1,G2,6,75%,,,Litsea mysorensis,3
S8,L1,G2,6,75%,,,Litsea mysorensis,7
S8,L1,G2,6,75%,,,Litsea mysorensis,0.4
S8,L1,G2,6,75%,,,Litsea mysorensis,1.2
S8,L1,G2,7,70%,,,Litsea mysorensis,10
S8,L1,G2,8,55%,,,Litsea mysorensis,0.4
S8,L1,G2,8,55%,,,Litsea mysorensis,0.4
S8,L1,G2,8,55%,,,Litsea mysorensis,14
S8,L1,G2,8,55%,,,Litsea mysorensis,8
S8,L1,G2,8,55%,,,Litsea mysorensis,0.4
S8,L1,G2,8,55%,,,Litsea mysorensis,0.4
S8,L1,G2,8,55%,,,Litsea mysorensis,0.4
S8,L1,G2,8,55%,,,Litsea mysorensis,0.4
S8,L1,G2,9,60%,,,Litsea mysorensis,0.4
S8,L1,G2,9,60%,,,Litsea mysorensis,8
S8,L1,G2,9,60%,,,Litsea mysorensis,0.5
S8,L1,G2,9,60%,,,Litsea mysorensis,0.4
S8,L1,G2,9,60%,,,Litsea mysorensis,0.4
S8,L1,G2,9,60%,,,Litsea mysorensis,0.4
S8,L1,G2,9,60%,,,Litsea mysorensis,0.7
S8,L1,G2,9,60%,,,Litsea mysorensis,0.5
S8,L1,G2,10,70%,,,Litsea mysorensis,4
S8,L1,G2,10,70%,,,Litsea mysorensis,0.4
S8,L1,G2,11,65%,,,Litsea mysorensis,5
S8,L1,G2,11,65%,,,Litsea mysorensis,5
S8,L1,G2,16,75%,,,Litsea mysorensis,0.4
S8,L1,G2,16,75%,,,Litsea mysorensis,0.5
S8,L1,G2,16,75%,,,Litsea mysorensis,0.4
S8,L1,G2,16,75%,,,Litsea mysorensis,12
S13,L1,G2,1,60%,,,Litsea oleoides,2
S13,L1,G2,2,45%,,1 plot,Litsea oleoides,1.5
S13,L1,G2,2,45%,,1 plot,Litsea oleoides,1.5
S13,L1,G2,7,40%,,,Litsea oleoides,2
S13,L1,G2,7,40%,,,Litsea oleoides,3
S13,L1,G2,8,55%,,,Litsea oleoides,3
S13,L1,G2,8,55%,,,Litsea oleoides,2
S13,L1,G2,10,30%,,,Litsea oleoides,3
S13,L1,G2,13,50%,,,Litsea oleoides,10
S13,L1,G2,13,50%,,,Litsea oleoides,0.8
S13,L1,G2,15,50%,,,Litsea oleoides,1.3
S19,L1,G2,3,75%,1 Net,,Litsea oleoides,1.2
S18,L1,G2,15,60%,,,Litsea oleoides,1.2
S12,L2,G3,7,70%,,,Litsea oleoides,1.5
S12,L2,G3,8,80%,,,Litsea oleoides,1.1
S12,L2,G3,9,75%,,,Litsea oleoides,3
S12,L2,G3,10,70%,,,Litsea oleoides,0.6
S12,L2,G3,11,85%,,,Litsea oleoides,3
S12,L2,G3,14,75%,,,Litsea oleoides,3
S12,L2,G3,14,75%,,,Litsea oleoides,4
S12,L2,G3,15,80%,,,Litsea oleoides,1.1
S3,L1,G2,1,60%,,,Litsea oleoides,1.2
S3,L1,G2,2,78%,,,Litsea oleoides,0.5
S3,L1,G2,2,78%,,,Litsea oleoides,1.6
S3,L1,G2,3,60%,,,Litsea oleoides,4.5
S3,L1,G2,4,75%,,,Litsea oleoides,42
S5,L2,G2,16,75%,,,Litsea oleoides,25
S12,L2,G3,7,70%,,,Litsea stocksii,3
S8,L1,G2,6,75%,,,Litsea stocksii,0.4
S13,L1,G2,9,40%,,,Luvunga sarmentosa,1.5
S13,L1,G2,9,40%,,,Luvunga sarmentosa,2
S13,L1,G2,9,40%,,,Luvunga sarmentosa,1
S19,L1,G2,11,60%,,1 Plot,Luvunga sarmentosa,2
S19,L1,G2,11,60%,,1 Plot,Luvunga sarmentosa,1.3
S18,L1,G2,3,40%,,,Luvunga sarmentosa,1.9
S18,L1,G2,8,55%,,,Luvunga sarmentosa,1.6
S18,L1,G2,8,55%,,,Luvunga sarmentosa,1.5
S18,L1,G2,9,60%,,,Luvunga sarmentosa,1.2
S18,L1,G2,10,65%,,,Luvunga sarmentosa,1.2
S18,L1,G2,10,65%,,,Luvunga sarmentosa,1.4
S18,L1,G2,10,65%,,,Luvunga sarmentosa,0.9
S18,L1,G2,10,65%,,,Luvunga sarmentosa,1.2
S18,L1,G2,11,55%,1 Net,,Luvunga sarmentosa,1.2
S18,L1,G2,11,55%,1 Net,,Luvunga sarmentosa,1.2
S18,L1,G2,11,55%,1 Net,,Luvunga sarmentosa,1.1
S18,L1,G2,11,55%,1 Net,,Luvunga sarmentosa,1.2
S18,L1,G2,11,55%,1 Net,,Luvunga sarmentosa,1.1
S18,L1,G2,11,55%,1 Net,,Luvunga sarmentosa,1.2
S18,L1,G2,15,60%,,,Luvunga sarmentosa,0.4
S13,L1,G2,14,40%,,,Macaranga peltata,45
S13,L1,G2,16,50%,,,Macaranga peltata,62
S19,L1,G2,14,69%,1 Net,,Macaranga peltata,48
S18,L1,G2,6,55%,1 Net,4 Plots,Macaranga peltata,43
S3,L1,G2,4,75%,,,Macaranga peltata,210
S8,L1,G2,9,60%,,,Macaranga peltata,85
S8,L1,G2,12,80%,,,Macaranga peltata,12
S8,L1,G2,12,80%,,,Macaranga peltata,45
S8,L1,G2,12,80%,,,Macaranga peltata,39
S8,L1,G2,13,85%,,,Macaranga peltata,42
S8,L1,G2,13,85%,,,Macaranga peltata,50
S8,L1,G2,13,85%,,,Macaranga peltata,32
S19,L1,G2,12,60%,,,Maesa indica,1.3
S19,L1,G2,12,60%,,,Maesa indica,0.3
S3,L1,G2,16,80%,,,Maesa indica,5
S2,L1,G2,5,78%,,,Maesa indica,0.9
S2,L1,G2,10,75%,,,Maesa indica,3
S2,L1,G2,11,75%,,,Maesa indica,2
S2,L1,G2,11,75%,,,Maesa indica,1.3
S2,L1,G2,12,60%,,,Maesa indica,1.2
S2,L1,G2,12,60%,,,Maesa indica,1.2
S2,L1,G2,13,65%,,,Maesa indica,2
S2,L1,G2,13,65%,,,Maesa indica,5
S2,L1,G2,13,65%,,,Maesa indica,2.5
S2,L1,G2,14,70%,,,Maesa indica,2
S2,L1,G2,15,75%,,,Maesa indica,2
S2,L1,G2,15,75%,,,Maesa indica,2
S2,L1,G2,16,80%,,,Maesa indica,2
S2,L1,G2,16,80%,,,Maesa indica,3
S8,L1,G2,1,70%,,,Maesa indica,0.5
S8,L1,G2,1,70%,,,Maesa indica,0.6
S8,L1,G2,3,60%,,,Maesa indica,0.5
S8,L1,G2,3,60%,,,Maesa indica,1.2
S8,L1,G2,7,70%,,,Maesa indica,0.9
S8,L1,G2,12,80%,,,Maesa indica,8
S8,L1,G2,12,80%,,,Maesa indica,13
S8,L1,G2,12,80%,,,Maesa indica,1.2
S8,L1,G2,13,85%,,,Maesa indica,14
S8,L1,G2,13,85%,,,Maesa indica,9
S8,L1,G2,14,70%,,,Maesa indica,9
S8,L1,G2,14,70%,,,Maesa indica,2
S8,L1,G2,15,60%,,,Maesa indica,0.6
S8,L1,G2,15,60%,,,Maesa indica,1
S8,L1,G2,15,60%,,,Maesa indica,1
S8,L1,G2,15,60%,,,Maesa indica,0.4
S8,L1,G2,16,75%,,,Maesa indica,0.5
S3,L1,G2,4,75%,,,Mallotus beddomei,2
S3,L1,G2,5,65%,,,Mallotus beddomei,1.2
S3,L1,G2,5,65%,,,Mallotus beddomei,2.5
S3,L1,G2,11,75%,,,Mallotus beddomei,6
S3,L1,G2,12,75%,,,Mallotus beddomei,4
S3,L1,G2,12,75%,,,Mallotus beddomei,0.5
S3,L1,G2,12,75%,,,Mallotus beddomei,6
S3,L1,G2,12,75%,,,Mallotus beddomei,2.5
S3,L1,G2,13,68%,,,Mallotus beddomei,2.5
S3,L1,G2,13,68%,,,Mallotus beddomei,5
S3,L1,G2,13,68%,,,Mallotus beddomei,3.6
S3,L1,G2,13,68%,,,Mallotus beddomei,6
S3,L1,G2,13,68%,,,Mallotus beddomei,3
S3,L1,G2,14,80%,,,Mallotus beddomei,1.6
S3,L1,G2,14,80%,,,Mallotus beddomei,1.5
S3,L1,G2,14,80%,,,Mallotus beddomei,1.2
S3,L1,G2,14,80%,,,Mallotus beddomei,1.2
S3,L1,G2,14,80%,,,Mallotus beddomei,0.6
S3,L1,G2,16,80%,,,Mallotus beddomei,2
S8,L1,G2,13,85%,,,Mallotus beddomei,5
S8,L1,G2,13,85%,,,Mallotus beddomei,1.2
S8,L1,G2,13,85%,,,Mallotus beddomei,2
S13,L1,G2,9,40%,,,Mallotus philippensis,2.5
S13,L1,G2,13,50%,,,Mallotus philippensis,0.6
S13,L1,G2,13,50%,,,Mallotus philippensis,1
S13,L1,G2,15,50%,,,Mallotus philippensis,2
S19,L1,G2,1,70%,,,Mallotus philippensis,16
S19,L1,G2,2,75%,1 Net,2 Plots,Mallotus philippensis,8
S18,L1,G2,13,57%,,,Mallotus philippensis,0.6
S12,L2,G3,5,77%,,,Mallotus philippensis,7
S12,L2,G3,13,70%,,,Mallotus philippensis,3
S12,L2,G3,15,80%,,,Mallotus philippensis,7
S3,L1,G2,2,78%,,,Mallotus philippensis,5
S2,L1,G2,5,78%,,,Mallotus philippensis,8
S2,L1,G2,7,69%,,,Mallotus philippensis,6
S2,L1,G2,8,80%,,,Mallotus philippensis,8
S2,L1,G2,9,80%,,,Mallotus philippensis,4
S2,L1,G2,12,60%,,,Mallotus philippensis,2
S2,L1,G2,13,65%,,,Mallotus philippensis,3
S2,L1,G2,14,70%,,,Mallotus philippensis,15
S5,L2,G2,7,80%,,,Mallotus philippensis,3.5
S5,L2,G2,15,67%,,,Mallotus philippensis,5
S8,L1,G2,10,70%,,,Mallotus philippensis,20
S8,L1,G2,12,80%,,,Mallotus philippensis,1.2
S8,L1,G2,16,75%,,,Mallotus philippensis,6
S8,L1,G2,15,60%,,,Mallotus tetracoccus,52
S13,L1,G2,12,60%,,,Mangifera indica,95
S18,L1,G2,8,55%,,,Mangifera indica,31
S18,L1,G2,13,57%,,,Mangifera indica,4.5
S12,L2,G3,4,75%,,,Mangifera indica,37
S12,L2,G3,8,80%,,,Mangifera indica,1.9
S12,L2,G3,10,70%,,,Mangifera indica,3
S13,L1,G2,2,45%,,1 plot,Margaritaria indica,40
S18,L1,G2,6,55%,1 Net,4 Plots,Margaritaria indica,5
S18,L1,G2,7,60%,,,Margaritaria indica,3
S18,L1,G2,14,60%,,,Margaritaria indica,0.9
S18,L1,G2,14,60%,,,Margaritaria indica,2.7
S18,L1,G2,14,60%,,,Margaritaria indica,0.6
S12,L2,G3,7,70%,,,Margaritaria indica,1.5
S12,L2,G3,11,85%,,,Margaritaria indica,3
S3,L1,G2,1,60%,,,Margaritaria indica,7
S3,L1,G2,3,60%,,,Margaritaria indica,7
S3,L1,G2,4,75%,,,Margaritaria indica,5
S3,L1,G2,5,65%,,,Margaritaria indica,50
S3,L1,G2,7,70%,,,Margaritaria indica,6
S2,L1,G2,11,75%,,,Margaritaria indica,3
S2,L1,G2,11,75%,,,Margaritaria indica,1.1
S5,L2,G2,2,75%,,,Margaritaria indica,7.4
S8,L1,G2,1,70%,,,Margaritaria indica,18
S8,L1,G2,2,65%,,,Margaritaria indica,6
S8,L1,G2,10,70%,,,Margaritaria indica,2
S8,L1,G2,12,80%,,,Margaritaria indica,6
S13,L1,G2,4,55%,,0.5 plot,Margaritaria indica ,1.5
S13,L1,G2,7,40%,,,Margaritaria indica ,1
S13,L1,G2,7,40%,,,Margaritaria indica ,2
S13,L1,G2,8,55%,,,Margaritaria indica ,0.5
S13,L1,G2,9,40%,,,Margaritaria indica ,0.5
S13,L1,G2,16,50%,,,Margaritaria indica ,0.5
S19,L1,G2,2,75%,1 Net,2 Plots,Margaritaria indica ,16
S19,L1,G2,4,70%,,,Margaritaria indica ,0.6
S19,L1,G2,8,50%,,,Margaritaria indica ,22
S19,L1,G2,11,60%,,1 Plot,Margaritaria indica ,1.3
S19,L1,G2,13,70%,,,Margaritaria indica ,20
S19,L1,G2,13,70%,,,Margaritaria indica ,0.4
S19,L1,G2,13,70%,,,Margaritaria indica ,7.4
S19,L1,G2,14,69%,1 Net,,Margaritaria indica ,8
S13,L1,G2,4,55%,,0.5 plot,Mastixia arborea,11
S19,L1,G2,4,70%,,,Mastixia arborea,85
S12,L2,G3,1,75%,1 Net,,Mastixia arborea,3
S12,L2,G3,4,75%,,,Mastixia arborea,4
S12,L2,G3,7,70%,,,Mastixia arborea,29
S12,L2,G3,14,75%,,,Mastixia arborea,12
S12,L2,G3,15,80%,,,Mastixia arborea,120
S12,L2,G3,16,78%,,,Mastixia arborea,7
S3,L1,G2,2,78%,,,Mastixia arborea,2.6
S3,L1,G2,3,60%,,,Mastixia arborea,2
S3,L1,G2,4,75%,,,Mastixia arborea,3
S3,L1,G2,9,75%,,,Mastixia arborea,4
S3,L1,G2,10,70%,,,Mastixia arborea,170
S3,L1,G2,15,70%,,,Mastixia arborea,35
S13,L1,G2,2,45%,,1 plot,Meiogyne,13
S13,L1,G2,6,70%,1 Net,,Meiogyne ramarowii,1.5
S13,L1,G2,6,70%,1 Net,,Meiogyne ramarowii,2.5
S13,L1,G2,6,70%,1 Net,,Meiogyne ramarowii,3
S13,L1,G2,7,40%,,,Meiogyne ramarowii,4
S13,L1,G2,7,40%,,,Meiogyne ramarowii,2.5
S13,L1,G2,7,40%,,,Meiogyne ramarowii,3
S13,L1,G2,10,30%,,,Meiogyne ramarowii,3
S13,L1,G2,10,30%,,,Meiogyne ramarowii,2
S13,L1,G2,10,30%,,,Meiogyne ramarowii,1.5
S13,L1,G2,10,30%,,,Meiogyne ramarowii,1.5
S13,L1,G2,11,50%,,,Meiogyne ramarowii,3
S13,L1,G2,13,50%,,,Meiogyne ramarowii,19
S13,L1,G2,14,40%,,,Meiogyne ramarowii,2.5
S13,L1,G2,14,40%,,,Meiogyne ramarowii,4
S13,L1,G2,14,40%,,,Meiogyne ramarowii,5
S13,L1,G2,14,40%,,,Meiogyne ramarowii,0.4
S19,L1,G2,2,75%,1 Net,2 Plots,Meiogyne ramarowii,3
S19,L1,G2,3,75%,1 Net,,Meiogyne ramarowii,3
S19,L1,G2,3,75%,1 Net,,Meiogyne ramarowii,2
S19,L1,G2,3,75%,1 Net,,Meiogyne ramarowii,0.6
S19,L1,G2,5,65%,,,Meiogyne ramarowii,0.6
S19,L1,G2,6,70%,,,Meiogyne ramarowii,0.5
S19,L1,G2,7,60%,,I Plot,Meiogyne ramarowii,0.6
S19,L1,G2,9,70%,,,Meiogyne ramarowii,0.4
S19,L1,G2,12,60%,,,Meiogyne ramarowii,2
S19,L1,G2,13,70%,,,Meiogyne ramarowii,3
S19,L1,G2,13,70%,,,Meiogyne ramarowii,3
S19,L1,G2,16,70%,,,Meiogyne ramarowii,1.3
S18,L1,G2,3,40%,,,Meiogyne ramarowii,3.2
S18,L1,G2,6,55%,1 Net,4 Plots,Meiogyne ramarowii,1.2
S18,L1,G2,10,65%,,,Meiogyne ramarowii,0.6
S18,L1,G2,10,65%,,,Meiogyne ramarowii,0.4
S18,L1,G2,10,65%,,,Meiogyne ramarowii,1.6
S12,L2,G3,13,70%,,,Meiogyne ramarowii,4
S13,L1,G2,14,40%,,,Melicope lunu-ankenda,72
S19,L1,G2,16,70%,,,Melicope lunu-ankenda,50
S3,L1,G2,3,60%,,,Melicope lunu-ankenda,60
S3,L1,G2,3,60%,,,Melicope lunu-ankenda,72
S8,L1,G2,11,65%,,,Melicope lunu-ankenda,50
S8,L1,G2,13,85%,,,Melicope lunu-ankenda,35
S13,L1,G2,1,60%,,,Memecylon malabaricum,5
S13,L1,G2,1,60%,,,Memecylon malabaricum,2.5
S13,L1,G2,1,60%,,,Memecylon malabaricum,1.5
S13,L1,G2,2,45%,,1 plot,Memecylon malabaricum,3
S13,L1,G2,2,45%,,1 plot,Memecylon malabaricum,2
S13,L1,G2,2,45%,,1 plot,Memecylon malabaricum,2
S13,L1,G2,3,30%,1 Net,0.5 plot,Memecylon malabaricum,5
S13,L1,G2,3,30%,1 Net,0.5 plot,Memecylon malabaricum,4
S13,L1,G2,3,30%,1 Net,0.5 plot,Memecylon malabaricum,3
S13,L1,G2,3,30%,1 Net,0.5 plot,Memecylon malabaricum,4
S13,L1,G2,3,30%,1 Net,0.5 plot,Memecylon malabaricum,2
S13,L1,G2,3,30%,1 Net,0.5 plot,Memecylon malabaricum,2
S13,L1,G2,4,55%,,0.5 plot,Memecylon malabaricum,2
S13,L1,G2,4,55%,,0.5 plot,Memecylon malabaricum,3
S13,L1,G2,4,55%,,0.5 plot,Memecylon malabaricum,1
S13,L1,G2,5,70%,1 Net,1 plot,Memecylon malabaricum,1.5
S13,L1,G2,5,70%,1 Net,1 plot,Memecylon malabaricum,5
S13,L1,G2,7,40%,,,Memecylon malabaricum,3
S13,L1,G2,7,40%,,,Memecylon malabaricum,2
S13,L1,G2,7,40%,,,Memecylon malabaricum,2
S13,L1,G2,8,55%,,,Memecylon malabaricum,1
S13,L1,G2,9,40%,,,Memecylon malabaricum,1.5
S13,L1,G2,9,40%,,,Memecylon malabaricum,2
S13,L1,G2,9,40%,,,Memecylon malabaricum,1.5
S13,L1,G2,10,30%,,,Memecylon malabaricum,3
S13,L1,G2,10,30%,,,Memecylon malabaricum,1
S13,L1,G2,11,50%,,,Memecylon malabaricum,0.7
S13,L1,G2,12,60%,,,Memecylon malabaricum,4
S13,L1,G2,12,60%,,,Memecylon malabaricum,6
S13,L1,G2,12,60%,,,Memecylon malabaricum,4
S13,L1,G2,13,50%,,,Memecylon malabaricum,3
S13,L1,G2,14,40%,,,Memecylon malabaricum,2
S13,L1,G2,14,40%,,,Memecylon malabaricum,0.6
S13,L1,G2,14,40%,,,Memecylon malabaricum,3
S13,L1,G2,15,50%,,,Memecylon malabaricum,2.5
S13,L1,G2,15,50%,,,Memecylon malabaricum,1.2
S13,L1,G2,15,50%,,,Memecylon malabaricum,2
S13,L1,G2,15,50%,,,Memecylon malabaricum,2
S13,L1,G2,16,50%,,,Memecylon malabaricum,2
S19,L1,G2,1,70%,,,Memecylon malabaricum,1.5
S19,L1,G2,1,70%,,,Memecylon malabaricum,2
S19,L1,G2,2,75%,1 Net,2 Plots,Memecylon malabaricum,4
S19,L1,G2,2,75%,1 Net,2 Plots,Memecylon malabaricum,3.8
S19,L1,G2,2,75%,1 Net,2 Plots,Memecylon malabaricum,3
S19,L1,G2,4,70%,,,Memecylon malabaricum,2
S19,L1,G2,4,70%,,,Memecylon malabaricum,3
S19,L1,G2,5,65%,,,Memecylon malabaricum,3
S19,L1,G2,5,65%,,,Memecylon malabaricum,4
S19,L1,G2,5,65%,,,Memecylon malabaricum,3
S19,L1,G2,6,70%,,,Memecylon malabaricum,1.3
S19,L1,G2,6,70%,,,Memecylon malabaricum,3
S19,L1,G2,6,70%,,,Memecylon malabaricum,4
S19,L1,G2,7,60%,,I Plot,Memecylon malabaricum,3
S19,L1,G2,7,60%,,I Plot,Memecylon malabaricum,2.5
S19,L1,G2,8,50%,,,Memecylon malabaricum,0.3
S19,L1,G2,8,50%,,,Memecylon malabaricum,1
S19,L1,G2,8,50%,,,Memecylon malabaricum,2
S19,L1,G2,9,70%,,,Memecylon malabaricum,3
S19,L1,G2,9,70%,,,Memecylon malabaricum,2
S19,L1,G2,9,70%,,,Memecylon malabaricum,8
S19,L1,G2,9,70%,,,Memecylon malabaricum,1.5
S19,L1,G2,12,60%,,,Memecylon malabaricum,3
S19,L1,G2,12,60%,,,Memecylon malabaricum,3
S19,L1,G2,14,69%,1 Net,,Memecylon malabaricum,1.2
S19,L1,G2,14,69%,1 Net,,Memecylon malabaricum,1.5
S19,L1,G2,15,75%,,,Memecylon malabaricum,1.2
S19,L1,G2,15,75%,,,Memecylon malabaricum,2
S19,L1,G2,16,70%,,,Memecylon malabaricum,6
S18,L1,G2,1,55%,,,Memecylon malabaricum,0.5
S18,L1,G2,1,55%,,,Memecylon malabaricum,3
S18,L1,G2,1,55%,,,Memecylon malabaricum,0.4
S18,L1,G2,1,55%,,,Memecylon malabaricum,0.4
S18,L1,G2,1,55%,,,Memecylon malabaricum,0.4
S18,L1,G2,1,55%,,,Memecylon malabaricum,0.4
S18,L1,G2,1,55%,,,Memecylon malabaricum,0.4
S18,L1,G2,1,55%,,,Memecylon malabaricum,0.4
S18,L1,G2,1,55%,,,Memecylon malabaricum,0.5
S18,L1,G2,1,55%,,,Memecylon malabaricum,0.5
S18,L1,G2,1,55%,,,Memecylon malabaricum,0.4
S18,L1,G2,1,55%,,,Memecylon malabaricum,2
S18,L1,G2,1,55%,,,Memecylon malabaricum,0.4
S18,L1,G2,1,55%,,,Memecylon malabaricum,1.6
S18,L1,G2,1,55%,,,Memecylon malabaricum,0.9
S18,L1,G2,1,55%,,,Memecylon malabaricum,0.4
S18,L1,G2,1,55%,,,Memecylon malabaricum,0.4
S18,L1,G2,1,55%,,,Memecylon malabaricum,0.4
S18,L1,G2,1,55%,,,Memecylon malabaricum,0.4
S18,L1,G2,1,55%,,,Memecylon malabaricum,0.4
S18,L1,G2,1,55%,,,Memecylon malabaricum,0.4
S18,L1,G2,1,55%,,,Memecylon malabaricum,0.4
S18,L1,G2,1,55%,,,Memecylon malabaricum,0.4
S18,L1,G2,1,55%,,,Memecylon malabaricum,0.4
S18,L1,G2,1,55%,,,Memecylon malabaricum,0.6
S18,L1,G2,1,55%,,,Memecylon malabaricum,0.4
S18,L1,G2,1,55%,,,Memecylon malabaricum,6
S18,L1,G2,1,55%,,,Memecylon malabaricum,0.3
S18,L1,G2,1,55%,,,Memecylon malabaricum,0.4
S18,L1,G2,1,55%,,,Memecylon malabaricum,0.4
S18,L1,G2,1,55%,,,Memecylon malabaricum,0.5
S18,L1,G2,1,55%,,,Memecylon malabaricum,1.3
S18,L1,G2,1,55%,,,Memecylon malabaricum,0.4
S18,L1,G2,1,55%,,,Memecylon malabaricum,1.8
S18,L1,G2,1,55%,,,Memecylon malabaricum,0.4
S18,L1,G2,1,55%,,,Memecylon malabaricum,0.4
S18,L1,G2,1,55%,,,Memecylon malabaricum,0.4
S18,L1,G2,1,55%,,,Memecylon malabaricum,0.4
S18,L1,G2,1,55%,,,Memecylon malabaricum,2
S18,L1,G2,1,55%,,,Memecylon malabaricum,0.6
S18,L1,G2,1,55%,,,Memecylon malabaricum,0.4
S18,L1,G2,1,55%,,,Memecylon malabaricum,0.4
S18,L1,G2,1,55%,,,Memecylon malabaricum,0.4
S18,L1,G2,1,55%,,,Memecylon malabaricum,3.6
S18,L1,G2,1,55%,,,Memecylon malabaricum,5
S18,L1,G2,1,55%,,,Memecylon malabaricum,0.4
S18,L1,G2,1,55%,,,Memecylon malabaricum,1.2
S18,L1,G2,1,55%,,,Memecylon malabaricum,0.4
S18,L1,G2,1,55%,,,Memecylon malabaricum,0.5
S18,L1,G2,1,55%,,,Memecylon malabaricum,0.4
S18,L1,G2,1,55%,,,Memecylon malabaricum,6
S18,L1,G2,1,55%,,,Memecylon malabaricum,0.4
S18,L1,G2,1,55%,,,Memecylon malabaricum,0.4
S18,L1,G2,1,55%,,,Memecylon malabaricum,6
S18,L1,G2,1,55%,,,Memecylon malabaricum,0.4
S18,L1,G2,1,55%,,,Memecylon malabaricum,0.4
S18,L1,G2,1,55%,,,Memecylon malabaricum,0.4
S18,L1,G2,1,55%,,,Memecylon malabaricum,0.4
S18,L1,G2,1,55%,,,Memecylon malabaricum,0.4
S18,L1,G2,1,55%,,,Memecylon malabaricum,1.2
S18,L1,G2,1,55%,,,Memecylon malabaricum,0.4
S18,L1,G2,1,55%,,,Memecylon malabaricum,0.4
S18,L1,G2,1,55%,,,Memecylon malabaricum,3
S18,L1,G2,1,55%,,,Memecylon malabaricum,0.4
S18,L1,G2,1,55%,,,Memecylon malabaricum,1.6
S18,L1,G2,1,55%,,,Memecylon malabaricum,0.4
S18,L1,G2,1,55%,,,Memecylon malabaricum,1.2
S18,L1,G2,1,55%,,,Memecylon malabaricum,0.4
S18,L1,G2,1,55%,,,Memecylon malabaricum,0.5
S18,L1,G2,2,55%,,,Memecylon malabaricum,0.3
S18,L1,G2,2,55%,,,Memecylon malabaricum,0.5
S18,L1,G2,2,55%,,,Memecylon malabaricum,0.4
S18,L1,G2,2,55%,,,Memecylon malabaricum,0.5
S18,L1,G2,2,55%,,,Memecylon malabaricum,0.4
S18,L1,G2,2,55%,,,Memecylon malabaricum,0.4
S18,L1,G2,2,55%,,,Memecylon malabaricum,2
S18,L1,G2,2,55%,,,Memecylon malabaricum,3
S18,L1,G2,2,55%,,,Memecylon malabaricum,0.4
S18,L1,G2,2,55%,,,Memecylon malabaricum,0.4
S18,L1,G2,2,55%,,,Memecylon malabaricum,0.4
S18,L1,G2,2,55%,,,Memecylon malabaricum,4.5
S18,L1,G2,2,55%,,,Memecylon malabaricum,0.4
S18,L1,G2,2,55%,,,Memecylon malabaricum,0.4
S18,L1,G2,2,55%,,,Memecylon malabaricum,0.4
S18,L1,G2,2,55%,,,Memecylon malabaricum,0.4
S18,L1,G2,2,55%,,,Memecylon malabaricum,0.4
S18,L1,G2,2,55%,,,Memecylon malabaricum,0.5
S18,L1,G2,2,55%,,,Memecylon malabaricum,1.5
S18,L1,G2,2,55%,,,Memecylon malabaricum,0.5
S18,L1,G2,2,55%,,,Memecylon malabaricum,7.5
S18,L1,G2,2,55%,,,Memecylon malabaricum,6
S18,L1,G2,2,55%,,,Memecylon malabaricum,0.4
S18,L1,G2,2,55%,,,Memecylon malabaricum,0.4
S18,L1,G2,2,55%,,,Memecylon malabaricum,0.4
S18,L1,G2,2,55%,,,Memecylon malabaricum,0.4
S18,L1,G2,2,55%,,,Memecylon malabaricum,0.4
S18,L1,G2,2,55%,,,Memecylon malabaricum,2
S18,L1,G2,2,55%,,,Memecylon malabaricum,0.4
S18,L1,G2,2,55%,,,Memecylon malabaricum,0.4
S18,L1,G2,2,55%,,,Memecylon malabaricum,2
S18,L1,G2,2,55%,,,Memecylon malabaricum,0.5
S18,L1,G2,2,55%,,,Memecylon malabaricum,0.4
S18,L1,G2,2,55%,,,Memecylon malabaricum,0.4
S18,L1,G2,2,55%,,,Memecylon malabaricum,0.5
S18,L1,G2,2,55%,,,Memecylon malabaricum,0.5
S18,L1,G2,2,55%,,,Memecylon malabaricum,0.5
S18,L1,G2,2,55%,,,Memecylon malabaricum,0.4
S18,L1,G2,2,55%,,,Memecylon malabaricum,0.4
S18,L1,G2,2,55%,,,Memecylon malabaricum,0.4
S18,L1,G2,2,55%,,,Memecylon malabaricum,2
S18,L1,G2,2,55%,,,Memecylon malabaricum,0.4
S18,L1,G2,2,55%,,,Memecylon malabaricum,0.4
S18,L1,G2,2,55%,,,Memecylon malabaricum,0.4
S18,L1,G2,2,55%,,,Memecylon malabaricum,4.5
S18,L1,G2,2,55%,,,Memecylon malabaricum,0.4
S18,L1,G2,2,55%,,,Memecylon malabaricum,3.6
S18,L1,G2,2,55%,,,Memecylon malabaricum,0.4
S18,L1,G2,2,55%,,,Memecylon malabaricum,1.2
S18,L1,G2,2,55%,,,Memecylon malabaricum,2.2
S18,L1,G2,2,55%,,,Memecylon malabaricum,2.3
S18,L1,G2,2,55%,,,Memecylon malabaricum,0.4
S18,L1,G2,2,55%,,,Memecylon malabaricum,0.4
S18,L1,G2,2,55%,,,Memecylon malabaricum,0.4
S18,L1,G2,2,55%,,,Memecylon malabaricum,0.4
S18,L1,G2,2,55%,,,Memecylon malabaricum,0.4
S18,L1,G2,2,55%,,,Memecylon malabaricum,0.4
S18,L1,G2,2,55%,,,Memecylon malabaricum,0.4
S18,L1,G2,2,55%,,,Memecylon malabaricum,0.4
S18,L1,G2,2,55%,,,Memecylon malabaricum,0.4
S18,L1,G2,2,55%,,,Memecylon malabaricum,0.4
S18,L1,G2,2,55%,,,Memecylon malabaricum,0.4
S18,L1,G2,2,55%,,,Memecylon malabaricum,0.4
S18,L1,G2,2,55%,,,Memecylon malabaricum,0.4
S18,L1,G2,2,55%,,,Memecylon malabaricum,0.4
S18,L1,G2,2,55%,,,Memecylon malabaricum,0.4
S18,L1,G2,2,55%,,,Memecylon malabaricum,0.4
S18,L1,G2,2,55%,,,Memecylon malabaricum,0.4
S18,L1,G2,2,55%,,,Memecylon malabaricum,0.4
S18,L1,G2,2,55%,,,Memecylon malabaricum,0.4
S18,L1,G2,2,55%,,,Memecylon malabaricum,0.4
S18,L1,G2,2,55%,,,Memecylon malabaricum,0.4
S18,L1,G2,2,55%,,,Memecylon malabaricum,0.4
S18,L1,G2,2,55%,,,Memecylon malabaricum,0.4
S18,L1,G2,2,55%,,,Memecylon malabaricum,0.4
S18,L1,G2,2,55%,,,Memecylon malabaricum,0.4
S18,L1,G2,2,55%,,,Memecylon malabaricum,0.4
S18,L1,G2,2,55%,,,Memecylon malabaricum,0.4
S18,L1,G2,2,55%,,,Memecylon malabaricum,0.4
S18,L1,G2,3,40%,,,Memecylon malabaricum,5
S18,L1,G2,3,40%,,,Memecylon malabaricum,0.4
S18,L1,G2,3,40%,,,Memecylon malabaricum,0.4
S18,L1,G2,3,40%,,,Memecylon malabaricum,0.4
S18,L1,G2,3,40%,,,Memecylon malabaricum,3.6
S18,L1,G2,3,40%,,,Memecylon malabaricum,0.4
S18,L1,G2,3,40%,,,Memecylon malabaricum,0.4
S18,L1,G2,3,40%,,,Memecylon malabaricum,0.4
S18,L1,G2,3,40%,,,Memecylon malabaricum,0.4
S18,L1,G2,3,40%,,,Memecylon malabaricum,3.3
S18,L1,G2,3,40%,,,Memecylon malabaricum,2
S18,L1,G2,3,40%,,,Memecylon malabaricum,2
S18,L1,G2,3,40%,,,Memecylon malabaricum,0.9
S18,L1,G2,3,40%,,,Memecylon malabaricum,1.2
S18,L1,G2,3,40%,,,Memecylon malabaricum,0.4
S18,L1,G2,3,40%,,,Memecylon malabaricum,0.4
S18,L1,G2,3,40%,,,Memecylon malabaricum,0.4
S18,L1,G2,3,40%,,,Memecylon malabaricum,0.4
S18,L1,G2,3,40%,,,Memecylon malabaricum,0.4
S18,L1,G2,3,40%,,,Memecylon malabaricum,0.4
S18,L1,G2,3,40%,,,Memecylon malabaricum,0.4
S18,L1,G2,3,40%,,,Memecylon malabaricum,1.2
S18,L1,G2,3,40%,,,Memecylon malabaricum,5.5
S18,L1,G2,3,40%,,,Memecylon malabaricum,0.4
S18,L1,G2,3,40%,,,Memecylon malabaricum,0.4
S18,L1,G2,3,40%,,,Memecylon malabaricum,0.4
S18,L1,G2,3,40%,,,Memecylon malabaricum,0.4
S18,L1,G2,3,40%,,,Memecylon malabaricum,0.4
S18,L1,G2,3,40%,,,Memecylon malabaricum,0.4
S18,L1,G2,3,40%,,,Memecylon malabaricum,0.4
S18,L1,G2,3,40%,,,Memecylon malabaricum,0.4
S18,L1,G2,3,40%,,,Memecylon malabaricum,0.4
S18,L1,G2,3,40%,,,Memecylon malabaricum,0.4
S18,L1,G2,3,40%,,,Memecylon malabaricum,0.4
S18,L1,G2,3,40%,,,Memecylon malabaricum,0.4
S18,L1,G2,3,40%,,,Memecylon malabaricum,0.4
S18,L1,G2,3,40%,,,Memecylon malabaricum,0.4
S18,L1,G2,3,40%,,,Memecylon malabaricum,0.4
S18,L1,G2,3,40%,,,Memecylon malabaricum,0.4
S18,L1,G2,3,40%,,,Memecylon malabaricum,0.4
S18,L1,G2,3,40%,,,Memecylon malabaricum,0.4
S18,L1,G2,3,40%,,,Memecylon malabaricum,3.4
S18,L1,G2,3,40%,,,Memecylon malabaricum,0.4
S18,L1,G2,3,40%,,,Memecylon malabaricum,0.4
S18,L1,G2,3,40%,,,Memecylon malabaricum,1.5
S18,L1,G2,3,40%,,,Memecylon malabaricum,6
S18,L1,G2,3,40%,,,Memecylon malabaricum,0.4
S18,L1,G2,3,40%,,,Memecylon malabaricum,0.4
S18,L1,G2,3,40%,,,Memecylon malabaricum,0.4
S18,L1,G2,3,40%,,,Memecylon malabaricum,0.4
S18,L1,G2,3,40%,,,Memecylon malabaricum,0.4
S18,L1,G2,3,40%,,,Memecylon malabaricum,0.4
S18,L1,G2,3,40%,,,Memecylon malabaricum,0.4
S18,L1,G2,3,40%,,,Memecylon malabaricum,0.4
S18,L1,G2,3,40%,,,Memecylon malabaricum,0.4
S18,L1,G2,3,40%,,,Memecylon malabaricum,2
S18,L1,G2,4,70%,,,Memecylon malabaricum,2.3
S18,L1,G2,4,70%,,,Memecylon malabaricum,1.2
S18,L1,G2,4,70%,,,Memecylon malabaricum,1.6
S18,L1,G2,4,70%,,,Memecylon malabaricum,1.2
S18,L1,G2,4,70%,,,Memecylon malabaricum,3
S18,L1,G2,4,70%,,,Memecylon malabaricum,0.6
S18,L1,G2,4,70%,,,Memecylon malabaricum,0.4
S18,L1,G2,4,70%,,,Memecylon malabaricum,0.4
S18,L1,G2,4,70%,,,Memecylon malabaricum,1.7
S18,L1,G2,4,70%,,,Memecylon malabaricum,1.5
S18,L1,G2,4,70%,,,Memecylon malabaricum,1.2
S18,L1,G2,4,70%,,,Memecylon malabaricum,3.5
S18,L1,G2,4,70%,,,Memecylon malabaricum,0.5
S18,L1,G2,4,70%,,,Memecylon malabaricum,1.2
S18,L1,G2,4,70%,,,Memecylon malabaricum,1.1
S18,L1,G2,4,70%,,,Memecylon malabaricum,0.9
S18,L1,G2,4,70%,,,Memecylon malabaricum,2
S18,L1,G2,4,70%,,,Memecylon malabaricum,0.5
S18,L1,G2,4,70%,,,Memecylon malabaricum,0.5
S18,L1,G2,4,70%,,,Memecylon malabaricum,2
S18,L1,G2,4,70%,,,Memecylon malabaricum,1.5
S18,L1,G2,4,70%,,,Memecylon malabaricum,1.6
S18,L1,G2,4,70%,,,Memecylon malabaricum,0.4
S18,L1,G2,4,70%,,,Memecylon malabaricum,0.4
S18,L1,G2,4,70%,,,Memecylon malabaricum,0.4
S18,L1,G2,4,70%,,,Memecylon malabaricum,0.4
S18,L1,G2,4,70%,,,Memecylon malabaricum,0.4
S18,L1,G2,4,70%,,,Memecylon malabaricum,0.4
S18,L1,G2,4,70%,,,Memecylon malabaricum,8
S18,L1,G2,4,70%,,,Memecylon malabaricum,0.5
S18,L1,G2,4,70%,,,Memecylon malabaricum,0.6
S18,L1,G2,4,70%,,,Memecylon malabaricum,0.4
S18,L1,G2,4,70%,,,Memecylon malabaricum,0.4
S18,L1,G2,4,70%,,,Memecylon malabaricum,9
S18,L1,G2,4,70%,,,Memecylon malabaricum,0.4
S18,L1,G2,4,70%,,,Memecylon malabaricum,0.6
S18,L1,G2,4,70%,,,Memecylon malabaricum,1.2
S18,L1,G2,4,70%,,,Memecylon malabaricum,2.5
S18,L1,G2,4,70%,,,Memecylon malabaricum,3
S18,L1,G2,4,70%,,,Memecylon malabaricum,0.4
S18,L1,G2,5,55%,,0.5 Plot,Memecylon malabaricum,0.4
S18,L1,G2,5,55%,,0.5 Plot,Memecylon malabaricum,0.4
S18,L1,G2,5,55%,,0.5 Plot,Memecylon malabaricum,0.4
S18,L1,G2,5,55%,,0.5 Plot,Memecylon malabaricum,2.6
S18,L1,G2,5,55%,,0.5 Plot,Memecylon malabaricum,0.4
S18,L1,G2,5,55%,,0.5 Plot,Memecylon malabaricum,0.4
S18,L1,G2,5,55%,,0.5 Plot,Memecylon malabaricum,0.4
S18,L1,G2,5,55%,,0.5 Plot,Memecylon malabaricum,0.4
S18,L1,G2,5,55%,,0.5 Plot,Memecylon malabaricum,0.4
S18,L1,G2,5,55%,,0.5 Plot,Memecylon malabaricum,2
S18,L1,G2,6,55%,1 Net,4 Plots,Memecylon malabaricum,0.4
S18,L1,G2,6,55%,1 Net,4 Plots,Memecylon malabaricum,0.4
S18,L1,G2,6,55%,1 Net,4 Plots,Memecylon malabaricum,0.4
S18,L1,G2,6,55%,1 Net,4 Plots,Memecylon malabaricum,0.4
S18,L1,G2,6,55%,1 Net,4 Plots,Memecylon malabaricum,0.9
S18,L1,G2,6,55%,1 Net,4 Plots,Memecylon malabaricum,0.9
S18,L1,G2,6,55%,1 Net,4 Plots,Memecylon malabaricum,1.1
S18,L1,G2,6,55%,1 Net,4 Plots,Memecylon malabaricum,6
S18,L1,G2,6,55%,1 Net,4 Plots,Memecylon malabaricum,0.4
S18,L1,G2,6,55%,1 Net,4 Plots,Memecylon malabaricum,0.4
S18,L1,G2,6,55%,1 Net,4 Plots,Memecylon malabaricum,2.5
S18,L1,G2,6,55%,1 Net,4 Plots,Memecylon malabaricum,4
S18,L1,G2,6,55%,1 Net,4 Plots,Memecylon malabaricum,7
S18,L1,G2,6,55%,1 Net,4 Plots,Memecylon malabaricum,2.5
S18,L1,G2,6,55%,1 Net,4 Plots,Memecylon malabaricum,0.4
S18,L1,G2,6,55%,1 Net,4 Plots,Memecylon malabaricum,0.5
S18,L1,G2,7,60%,,,Memecylon malabaricum,1.2
S18,L1,G2,7,60%,,,Memecylon malabaricum,0.4
S18,L1,G2,7,60%,,,Memecylon malabaricum,0.4
S18,L1,G2,7,60%,,,Memecylon malabaricum,6.5
S18,L1,G2,7,60%,,,Memecylon malabaricum,0.4
S18,L1,G2,7,60%,,,Memecylon malabaricum,0.4
S18,L1,G2,7,60%,,,Memecylon malabaricum,1.2
S18,L1,G2,8,55%,,,Memecylon malabaricum,3.1
S18,L1,G2,8,55%,,,Memecylon malabaricum,1.2
S18,L1,G2,8,55%,,,Memecylon malabaricum,2
S18,L1,G2,8,55%,,,Memecylon malabaricum,0.9
S18,L1,G2,8,55%,,,Memecylon malabaricum,0.4
S18,L1,G2,8,55%,,,Memecylon malabaricum,3
S18,L1,G2,8,55%,,,Memecylon malabaricum,2
S18,L1,G2,8,55%,,,Memecylon malabaricum,0.4
S18,L1,G2,8,55%,,,Memecylon malabaricum,1.1
S18,L1,G2,8,55%,,,Memecylon malabaricum,2
S18,L1,G2,8,55%,,,Memecylon malabaricum,1.6
S18,L1,G2,8,55%,,,Memecylon malabaricum,6
S18,L1,G2,8,55%,,,Memecylon malabaricum,1.1
S18,L1,G2,8,55%,,,Memecylon malabaricum,0.4
S18,L1,G2,8,55%,,,Memecylon malabaricum,0.4
S18,L1,G2,8,55%,,,Memecylon malabaricum,5.5
S18,L1,G2,8,55%,,,Memecylon malabaricum,1.1
S18,L1,G2,8,55%,,,Memecylon malabaricum,0.4
S18,L1,G2,8,55%,,,Memecylon malabaricum,0.4
S18,L1,G2,8,55%,,,Memecylon malabaricum,0.4
S18,L1,G2,8,55%,,,Memecylon malabaricum,0.4
S18,L1,G2,9,60%,,,Memecylon malabaricum,3
S18,L1,G2,9,60%,,,Memecylon malabaricum,0.4
S18,L1,G2,9,60%,,,Memecylon malabaricum,0.3
S18,L1,G2,9,60%,,,Memecylon malabaricum,0.4
S18,L1,G2,9,60%,,,Memecylon malabaricum,1.2
S18,L1,G2,9,60%,,,Memecylon malabaricum,0.4
S18,L1,G2,9,60%,,,Memecylon malabaricum,0.4
S18,L1,G2,9,60%,,,Memecylon malabaricum,0.4
S18,L1,G2,9,60%,,,Memecylon malabaricum,0.4
S18,L1,G2,9,60%,,,Memecylon malabaricum,0.4
S18,L1,G2,9,60%,,,Memecylon malabaricum,1.6
S18,L1,G2,9,60%,,,Memecylon malabaricum,0.4
S18,L1,G2,9,60%,,,Memecylon malabaricum,0.4
S18,L1,G2,9,60%,,,Memecylon malabaricum,7
S18,L1,G2,9,60%,,,Memecylon malabaricum,5.1
S18,L1,G2,9,60%,,,Memecylon malabaricum,1.1
S18,L1,G2,9,60%,,,Memecylon malabaricum,1.5
S18,L1,G2,9,60%,,,Memecylon malabaricum,0.4
S18,L1,G2,9,60%,,,Memecylon malabaricum,3.2
S18,L1,G2,9,60%,,,Memecylon malabaricum,1.3
S18,L1,G2,9,60%,,,Memecylon malabaricum,2
S18,L1,G2,9,60%,,,Memecylon malabaricum,0.4
S18,L1,G2,10,65%,,,Memecylon malabaricum,2.1
S18,L1,G2,10,65%,,,Memecylon malabaricum,1.2
S18,L1,G2,10,65%,,,Memecylon malabaricum,0.4
S18,L1,G2,10,65%,,,Memecylon malabaricum,1.6
S18,L1,G2,10,65%,,,Memecylon malabaricum,12
S18,L1,G2,10,65%,,,Memecylon malabaricum,2.5
S18,L1,G2,10,65%,,,Memecylon malabaricum,0.4
S18,L1,G2,10,65%,,,Memecylon malabaricum,6.5
S18,L1,G2,10,65%,,,Memecylon malabaricum,3.5
S18,L1,G2,10,65%,,,Memecylon malabaricum,3
S18,L1,G2,10,65%,,,Memecylon malabaricum,0.4
S18,L1,G2,10,65%,,,Memecylon malabaricum,6.5
S18,L1,G2,10,65%,,,Memecylon malabaricum,2.5
S18,L1,G2,10,65%,,,Memecylon malabaricum,1
S18,L1,G2,10,65%,,,Memecylon malabaricum,5.5
S18,L1,G2,10,65%,,,Memecylon malabaricum,0.4
S18,L1,G2,10,65%,,,Memecylon malabaricum,1.4
S18,L1,G2,10,65%,,,Memecylon malabaricum,1.6
S18,L1,G2,10,65%,,,Memecylon malabaricum,0.5
S18,L1,G2,10,65%,,,Memecylon malabaricum,0.4
S18,L1,G2,10,65%,,,Memecylon malabaricum,1.7
S18,L1,G2,10,65%,,,Memecylon malabaricum,0.5
S18,L1,G2,10,65%,,,Memecylon malabaricum,5
S18,L1,G2,10,65%,,,Memecylon malabaricum,1.7
S18,L1,G2,10,65%,,,Memecylon malabaricum,6
S18,L1,G2,11,55%,1 Net,,Memecylon malabaricum,1.1
S18,L1,G2,11,55%,1 Net,,Memecylon malabaricum,0.4
S18,L1,G2,11,55%,1 Net,,Memecylon malabaricum,0.4
S18,L1,G2,11,55%,1 Net,,Memecylon malabaricum,0.4
S18,L1,G2,11,55%,1 Net,,Memecylon malabaricum,0.4
S18,L1,G2,11,55%,1 Net,,Memecylon malabaricum,0.4
S18,L1,G2,11,55%,1 Net,,Memecylon malabaricum,0.4
S18,L1,G2,11,55%,1 Net,,Memecylon malabaricum,0.4
S18,L1,G2,11,55%,1 Net,,Memecylon malabaricum,0.4
S18,L1,G2,11,55%,1 Net,,Memecylon malabaricum,6.5
S18,L1,G2,11,55%,1 Net,,Memecylon malabaricum,1.5
S18,L1,G2,11,55%,1 Net,,Memecylon malabaricum,3.5
S18,L1,G2,11,55%,1 Net,,Memecylon malabaricum,0.4
S18,L1,G2,11,55%,1 Net,,Memecylon malabaricum,0.4
S18,L1,G2,11,55%,1 Net,,Memecylon malabaricum,0.4
S18,L1,G2,11,55%,1 Net,,Memecylon malabaricum,0.4
S18,L1,G2,11,55%,1 Net,,Memecylon malabaricum,0.4
S18,L1,G2,11,55%,1 Net,,Memecylon malabaricum,0.3
S18,L1,G2,11,55%,1 Net,,Memecylon malabaricum,0.4
S18,L1,G2,11,55%,1 Net,,Memecylon malabaricum,0.4
S18,L1,G2,11,55%,1 Net,,Memecylon malabaricum,0.4
S18,L1,G2,12,55%,,,Memecylon malabaricum,1.4
S18,L1,G2,12,55%,,,Memecylon malabaricum,6.3
S18,L1,G2,12,55%,,,Memecylon malabaricum,0.9
S18,L1,G2,12,55%,,,Memecylon malabaricum,5.2
S18,L1,G2,12,55%,,,Memecylon malabaricum,0.5
S18,L1,G2,12,55%,,,Memecylon malabaricum,0.5
S18,L1,G2,12,55%,,,Memecylon malabaricum,0.5
S18,L1,G2,12,55%,,,Memecylon malabaricum,2.8
S18,L1,G2,12,55%,,,Memecylon malabaricum,5
S18,L1,G2,12,55%,,,Memecylon malabaricum,0.5
S18,L1,G2,13,57%,,,Memecylon malabaricum,1.3
S18,L1,G2,13,57%,,,Memecylon malabaricum,0.4
S18,L1,G2,13,57%,,,Memecylon malabaricum,4.5
S18,L1,G2,13,57%,,,Memecylon malabaricum,6
S18,L1,G2,13,57%,,,Memecylon malabaricum,1.2
S18,L1,G2,13,57%,,,Memecylon malabaricum,1.1
S18,L1,G2,13,57%,,,Memecylon malabaricum,1.2
S18,L1,G2,13,57%,,,Memecylon malabaricum,0.4
S18,L1,G2,13,57%,,,Memecylon malabaricum,1.2
S18,L1,G2,13,57%,,,Memecylon malabaricum,1.1
S18,L1,G2,13,57%,,,Memecylon malabaricum,6
S18,L1,G2,13,57%,,,Memecylon malabaricum,1.2
S18,L1,G2,13,57%,,,Memecylon malabaricum,1.2
S18,L1,G2,13,57%,,,Memecylon malabaricum,1.2
S18,L1,G2,13,57%,,,Memecylon malabaricum,4.4
S18,L1,G2,13,57%,,,Memecylon malabaricum,0.4
S18,L1,G2,13,57%,,,Memecylon malabaricum,0.4
S18,L1,G2,13,57%,,,Memecylon malabaricum,6.5
S18,L1,G2,13,57%,,,Memecylon malabaricum,1
S18,L1,G2,13,57%,,,Memecylon malabaricum,1.4
S18,L1,G2,13,57%,,,Memecylon malabaricum,5
S18,L1,G2,13,57%,,,Memecylon malabaricum,1.2
S18,L1,G2,13,57%,,,Memecylon malabaricum,0.8
S18,L1,G2,13,57%,,,Memecylon malabaricum,1.3
S18,L1,G2,13,57%,,,Memecylon malabaricum,0.4
S18,L1,G2,13,57%,,,Memecylon malabaricum,0.4
S18,L1,G2,13,57%,,,Memecylon malabaricum,0.4
S18,L1,G2,13,57%,,,Memecylon malabaricum,1.2
S18,L1,G2,13,57%,,,Memecylon malabaricum,1.3
S18,L1,G2,13,57%,,,Memecylon malabaricum,1
S18,L1,G2,14,60%,,,Memecylon malabaricum,1
S18,L1,G2,14,60%,,,Memecylon malabaricum,0.4
S18,L1,G2,14,60%,,,Memecylon malabaricum,1
S18,L1,G2,14,60%,,,Memecylon malabaricum,2.7
S18,L1,G2,14,60%,,,Memecylon malabaricum,0.8
S18,L1,G2,14,60%,,,Memecylon malabaricum,1.5
S18,L1,G2,14,60%,,,Memecylon malabaricum,1.1
S18,L1,G2,14,60%,,,Memecylon malabaricum,1.9
S18,L1,G2,14,60%,,,Memecylon malabaricum,2
S18,L1,G2,14,60%,,,Memecylon malabaricum,5
S18,L1,G2,14,60%,,,Memecylon malabaricum,0.4
S18,L1,G2,14,60%,,,Memecylon malabaricum,0.4
S18,L1,G2,14,60%,,,Memecylon malabaricum,1.2
S18,L1,G2,14,60%,,,Memecylon malabaricum,5.1
S18,L1,G2,14,60%,,,Memecylon malabaricum,6.9
S18,L1,G2,14,60%,,,Memecylon malabaricum,3.2
S18,L1,G2,15,60%,,,Memecylon malabaricum,1.6
S18,L1,G2,15,60%,,,Memecylon malabaricum,0.5
S18,L1,G2,15,60%,,,Memecylon malabaricum,1.2
S18,L1,G2,15,60%,,,Memecylon malabaricum,1.3
S18,L1,G2,15,60%,,,Memecylon malabaricum,1.2
S18,L1,G2,15,60%,,,Memecylon malabaricum,1.3
S18,L1,G2,15,60%,,,Memecylon malabaricum,0.4
S18,L1,G2,15,60%,,,Memecylon malabaricum,1
S18,L1,G2,15,60%,,,Memecylon malabaricum,5.6
S18,L1,G2,15,60%,,,Memecylon malabaricum,1
S18,L1,G2,15,60%,,,Memecylon malabaricum,0.4
S18,L1,G2,15,60%,,,Memecylon malabaricum,0.4
S18,L1,G2,16,65%,,,Memecylon malabaricum,4.3
S18,L1,G2,16,65%,,,Memecylon malabaricum,1
S18,L1,G2,16,65%,,,Memecylon malabaricum,3.5
S18,L1,G2,16,65%,,,Memecylon malabaricum,1
S18,L1,G2,16,65%,,,Memecylon malabaricum,0.5
S18,L1,G2,16,65%,,,Memecylon malabaricum,0.4
S12,L2,G3,3,70%,,,Memecylon malabaricum,0.5
S3,L1,G2,3,60%,,,Memecylon malabaricum,1.2
S3,L1,G2,13,68%,,,Memecylon malabaricum,1.5
S3,L1,G2,14,80%,,,Memecylon malabaricum,2
S3,L1,G2,16,80%,,,Memecylon malabaricum,2
S2,L1,G2,8,80%,,,Memecylon malabaricum,5
S2,L1,G2,11,75%,,,Memecylon malabaricum,1.5
S2,L1,G2,16,80%,,,Memecylon malabaricum,4
S5,L2,G2,1,60%,,,Memecylon malabaricum,15.6
S5,L2,G2,1,60%,,,Memecylon malabaricum,6
S5,L2,G2,1,60%,,,Memecylon malabaricum,5.5
S5,L2,G2,1,60%,,,Memecylon malabaricum,0.4
S5,L2,G2,1,60%,,,Memecylon malabaricum,1.3
S8,L1,G2,9,60%,,,Memecylon malabaricum,1.2
S18,L1,G2,10,65%,,,Mesua ferrea,18
S3,L1,G2,1,60%,,,Mesua ferrea,5
S3,L1,G2,1,60%,,,Mesua ferrea,12
S3,L1,G2,1,60%,,,Mesua ferrea,2
S3,L1,G2,1,60%,,,Mesua ferrea,3
S3,L1,G2,1,60%,,,Mesua ferrea,2
S3,L1,G2,1,60%,,,Mesua ferrea,2
S3,L1,G2,1,60%,,,Mesua ferrea,13
S3,L1,G2,1,60%,,,Mesua ferrea,4
S3,L1,G2,1,60%,,,Mesua ferrea,5
S3,L1,G2,1,60%,,,Mesua ferrea,2.5
S3,L1,G2,2,78%,,,Mesua ferrea,5
S3,L1,G2,2,78%,,,Mesua ferrea,32
S3,L1,G2,2,78%,,,Mesua ferrea,5
S3,L1,G2,2,78%,,,Mesua ferrea,3
S3,L1,G2,2,78%,,,Mesua ferrea,6
S3,L1,G2,2,78%,,,Mesua ferrea,2
S3,L1,G2,3,60%,,,Mesua ferrea,0.5
S3,L1,G2,4,75%,,,Mesua ferrea,1.3
S3,L1,G2,4,75%,,,Mesua ferrea,7
S3,L1,G2,5,65%,,,Mesua ferrea,1.5
S3,L1,G2,5,65%,,,Mesua ferrea,1.9
S3,L1,G2,7,70%,,,Mesua ferrea,2
S3,L1,G2,7,70%,,,Mesua ferrea,1.2
S3,L1,G2,7,70%,,,Mesua ferrea,1.2
S3,L1,G2,7,70%,,,Mesua ferrea,2
S3,L1,G2,7,70%,,,Mesua ferrea,3
S3,L1,G2,8,60%,,,Mesua ferrea,12
S3,L1,G2,8,60%,,,Mesua ferrea,32
S3,L1,G2,8,60%,,,Mesua ferrea,5
S3,L1,G2,12,75%,,,Mesua ferrea,3
S3,L1,G2,14,80%,,,Mesua ferrea,9
S3,L1,G2,14,80%,,,Mesua ferrea,1.2
S3,L1,G2,14,80%,,,Mesua ferrea,1.1
S3,L1,G2,15,70%,,,Mesua ferrea,2.5
S3,L1,G2,15,70%,,,Mesua ferrea,1.2
S3,L1,G2,16,80%,,,Mesua ferrea,2.5
S5,L2,G2,6,76%,,,Mesua ferrea,12
S5,L2,G2,16,75%,,,Mesua ferrea,41
S13,L1,G2,1,60%,,,Mesua ferrea ,1.5
S13,L1,G2,2,45%,,1 plot,Mesua ferrea ,15
S13,L1,G2,3,30%,1 Net,0.5 plot,Mesua ferrea ,78
S13,L1,G2,3,30%,1 Net,0.5 plot,Mesua ferrea ,48
S13,L1,G2,7,40%,,,Mesua ferrea ,2.5
S13,L1,G2,9,40%,,,Mesua ferrea ,1
S13,L1,G2,9,40%,,,Mesua ferrea ,4
S13,L1,G2,10,30%,,,Mesua ferrea ,15
S13,L1,G2,10,30%,,,Mesua ferrea ,0.3
S13,L1,G2,10,30%,,,Mesua ferrea ,1
S13,L1,G2,11,50%,,,Mesua ferrea ,0.9
S13,L1,G2,11,50%,,,Mesua ferrea ,10
S13,L1,G2,11,50%,,,Mesua ferrea ,0.9
S13,L1,G2,12,60%,,,Mesua ferrea ,9
S13,L1,G2,14,40%,,,Mesua ferrea ,23
S13,L1,G2,14,40%,,,Mesua ferrea ,3
S13,L1,G2,15,50%,,,Mesua ferrea ,5
S13,L1,G2,15,50%,,,Mesua ferrea ,12
S13,L1,G2,15,50%,,,Mesua ferrea ,3
S13,L1,G2,16,50%,,,Mesua ferrea ,5
S19,L1,G2,1,70%,,,Mesua ferrea ,0.5
S19,L1,G2,1,70%,,,Mesua ferrea ,0.5
S19,L1,G2,3,75%,1 Net,,Mesua ferrea ,1
S19,L1,G2,3,75%,1 Net,,Mesua ferrea ,0.5
S19,L1,G2,4,70%,,,Mesua ferrea ,65
S19,L1,G2,5,65%,,,Mesua ferrea ,1
S19,L1,G2,9,70%,,,Mesua ferrea ,0.5
S19,L1,G2,10,65%,,1 Plot,Mesua ferrea ,0.5
S19,L1,G2,16,70%,,,Mesua ferrea ,0.7
S19,L1,G2,16,70%,,,Mesua ferrea ,5
S19,L1,G2,16,70%,,,Mesua ferrea ,7
S13,L1,G2,14,40%,,,Microtropis wallichiana,11
S12,L2,G3,8,80%,,,Microtropis wallichiana,2
S12,L2,G3,9,75%,,,Microtropis wallichiana,3
S8,L1,G2,3,60%,,,Microtropis wallichiana,1.2
S8,L1,G2,13,85%,,,Microtropis wallichiana,9
S8,L1,G2,13,85%,,,Microtropis wallichiana,0.6
S13,L1,G2,9,40%,,,Myristica dactyloides,3
S13,L1,G2,15,50%,,,Myristica dactyloides,1.5
S13,L1,G2,15,50%,,,Myristica dactyloides,2
S19,L1,G2,3,75%,1 Net,,Myristica dactyloides,1
S19,L1,G2,4,70%,,,Myristica dactyloides,2
S19,L1,G2,11,60%,,1 Plot,Myristica dactyloides,1.5
S19,L1,G2,13,70%,,,Myristica dactyloides,2.5
S18,L1,G2,2,55%,,,Myristica dactyloides,2.1
S18,L1,G2,2,55%,,,Myristica dactyloides,4
S18,L1,G2,3,40%,,,Myristica dactyloides,12
S18,L1,G2,3,40%,,,Myristica dactyloides,2
S12,L2,G3,6,70%,,,Myristica dactyloides,3
S3,L1,G2,2,78%,,,Myristica dactyloides,1.2
S3,L1,G2,2,78%,,,Myristica dactyloides,1.2
S3,L1,G2,11,75%,,,Myristica dactyloides,0.6
S3,L1,G2,16,80%,,,Myristica dactyloides,122
S13,L1,G2,13,50%,,,Neolitsea zeylanica,5
S18,L1,G2,5,55%,,0.5 Plot,Neolitsea zeylanica,1.3
S12,L2,G3,1,75%,1 Net,,Neolitsea zeylanica,0.5
S12,L2,G3,8,80%,,,Neolitsea zeylanica,3
S3,L1,G2,1,60%,,,Neolitsea zeylanica,0.7
S3,L1,G2,1,60%,,,Neolitsea zeylanica,0.5
S3,L1,G2,1,60%,,,Neolitsea zeylanica,0.5
S3,L1,G2,2,78%,,,Neolitsea zeylanica,0.4
S3,L1,G2,2,78%,,,Neolitsea zeylanica,0.5
S3,L1,G2,3,60%,,,Neolitsea zeylanica,0.7
S3,L1,G2,4,75%,,,Neolitsea zeylanica,0.5
S3,L1,G2,11,75%,,,Neolitsea zeylanica,13
S3,L1,G2,11,75%,,,Neolitsea zeylanica,0.6
S5,L2,G2,2,75%,,,Neolitsea zeylanica,0.3
S5,L2,G2,5,78%,,,Neolitsea zeylanica,4
S5,L2,G2,13,75%,,,Neolitsea zeylanica,8
S8,L1,G2,2,65%,,,Neolitsea zeylanica,3
S8,L1,G2,11,65%,,,Neolitsea zeylanica,0.4
S8,L1,G2,11,65%,,,Neolitsea zeylanica,3
S8,L1,G2,12,80%,,,Neolitsea zeylanica,15
S8,L1,G2,16,75%,,,Neolitsea zeylanica,0.4
S5,L2,G2,5,78%,,,Nothapodytes nimmoniana,6
S5,L2,G2,5,78%,,,Nothapodytes nimmoniana,5
S8,L1,G2,1,70%,,,Nothapodytes nimmoniana,1.3
S8,L1,G2,1,70%,,,Nothapodytes nimmoniana,0.6
S8,L1,G2,13,85%,,,Nothapodytes nimmoniana,3.5
S13,L1,G2,11,50%,,,Nothopegia beddomei,1.2
S13,L1,G2,11,50%,,,Nothopegia beddomei,3
S13,L1,G2,11,50%,,,Nothopegia beddomei,4
S13,L1,G2,12,60%,,,Nothopegia beddomei,4
S13,L1,G2,12,60%,,,Nothopegia beddomei,4
S13,L1,G2,12,60%,,,Nothopegia beddomei,4
S13,L1,G2,14,40%,,,Nothopegia beddomei,3
S13,L1,G2,14,40%,,,Nothopegia beddomei,2.5
S13,L1,G2,14,40%,,,Nothopegia beddomei,3
S13,L1,G2,14,40%,,,Nothopegia beddomei,3
S13,L1,G2,14,40%,,,Nothopegia beddomei,4
S13,L1,G2,14,40%,,,Nothopegia beddomei,3
S13,L1,G2,14,40%,,,Nothopegia beddomei,3.5
S13,L1,G2,14,40%,,,Nothopegia beddomei,5
S13,L1,G2,14,40%,,,Nothopegia beddomei,3
S13,L1,G2,14,40%,,,Nothopegia beddomei,3
S13,L1,G2,15,50%,,,Nothopegia beddomei,5
S13,L1,G2,15,50%,,,Nothopegia beddomei,4
S13,L1,G2,15,50%,,,Nothopegia beddomei,3
S19,L1,G2,4,70%,,,Nothopegia beddomei,3
S19,L1,G2,12,60%,,,Nothopegia beddomei,20
S19,L1,G2,13,70%,,,Nothopegia beddomei,2.3
S19,L1,G2,13,70%,,,Nothopegia beddomei,3
S19,L1,G2,13,70%,,,Nothopegia beddomei,3.5
S18,L1,G2,3,40%,,,Nothopegia beddomei,6
S18,L1,G2,4,70%,,,Nothopegia beddomei,0.6
S18,L1,G2,7,60%,,,Nothopegia beddomei,5
S18,L1,G2,8,55%,,,Nothopegia beddomei,0.7
S18,L1,G2,8,55%,,,Nothopegia beddomei,0.9
S18,L1,G2,10,65%,,,Nothopegia beddomei,1.4
S18,L1,G2,13,57%,,,Nothopegia beddomei,4.3
S18,L1,G2,13,57%,,,Nothopegia beddomei,6
S18,L1,G2,13,57%,,,Nothopegia beddomei,1.6
S18,L1,G2,14,60%,,,Nothopegia beddomei,1.6
S18,L1,G2,15,60%,,,Nothopegia beddomei,2
S18,L1,G2,15,60%,,,Nothopegia beddomei,3.5
S18,L1,G2,16,65%,,,Nothopegia beddomei,2
S12,L2,G3,5,77%,,,Nothopegia beddomei,3
S12,L2,G3,9,75%,,,Nothopegia beddomei,0.4
S12,L2,G3,11,85%,,,Nothopegia beddomei,0.5
S12,L2,G3,12,78%,1 Net,,Nothopegia beddomei,0.9
S12,L2,G3,16,78%,,,Nothopegia beddomei,8
S3,L1,G2,2,78%,,,Nothopegia beddomei,5
S5,L2,G2,7,80%,,,Nothopegia beddomei,3.5
S5,L2,G2,7,80%,,,Nothopegia beddomei,1.3
S5,L2,G2,14,70%,,,Nothopegia beddomei,8
S5,L2,G2,14,70%,,,Nothopegia beddomei,6
S13,L1,G2,1,60%,,,Nothopegia sp. ,3
S13,L1,G2,1,60%,,,Nothopegia sp. ,1.5
S13,L1,G2,1,60%,,,Nothopegia sp. ,5
S13,L1,G2,2,45%,,1 plot,Nothopegia sp. ,1.5
S13,L1,G2,2,45%,,1 plot,Nothopegia sp. ,0.5
S13,L1,G2,2,45%,,1 plot,Nothopegia sp. ,1.5
S13,L1,G2,2,45%,,1 plot,Nothopegia sp. ,1.5
S13,L1,G2,2,45%,,1 plot,Nothopegia sp. ,1.5
S13,L1,G2,3,30%,1 Net,0.5 plot,Nothopegia sp. ,5
S13,L1,G2,4,55%,,0.5 plot,Nothopegia sp. ,3
S13,L1,G2,4,55%,,0.5 plot,Nothopegia sp. ,4
S13,L1,G2,4,55%,,0.5 plot,Nothopegia sp. ,1.5
S13,L1,G2,4,55%,,0.5 plot,Nothopegia sp. ,3
S13,L1,G2,7,40%,,,Nothopegia travancorica,3
S13,L1,G2,7,40%,,,Nothopegia travancorica,3
S13,L1,G2,8,55%,,,Nothopegia travancorica,2
S13,L1,G2,8,55%,,,Nothopegia travancorica,2
S13,L1,G2,8,55%,,,Nothopegia travancorica,2
S13,L1,G2,8,55%,,,Nothopegia travancorica,2
S13,L1,G2,8,55%,,,Nothopegia travancorica,3
S13,L1,G2,8,55%,,,Nothopegia travancorica,2
S13,L1,G2,8,55%,,,Nothopegia travancorica,1.5
S13,L1,G2,8,55%,,,Nothopegia travancorica,1
S13,L1,G2,8,55%,,,Nothopegia travancorica,1.5
S13,L1,G2,8,55%,,,Nothopegia travancorica,0.3
S13,L1,G2,8,55%,,,Nothopegia travancorica,0.4
S13,L1,G2,8,55%,,,Nothopegia travancorica,6
S13,L1,G2,8,55%,,,Nothopegia travancorica,0.4
S13,L1,G2,9,40%,,,Nothopegia travancorica,1.5
S13,L1,G2,9,40%,,,Nothopegia travancorica,3.5
S13,L1,G2,9,40%,,,Nothopegia travancorica,1.5
S13,L1,G2,9,40%,,,Nothopegia travancorica,0.4
S13,L1,G2,10,30%,,,Nothopegia travancorica,1.5
S13,L1,G2,10,30%,,,Nothopegia travancorica,2
S13,L1,G2,10,30%,,,Nothopegia travancorica,2.5
S13,L1,G2,10,30%,,,Nothopegia travancorica,1
S13,L1,G2,10,30%,,,Nothopegia travancorica,4
S13,L1,G2,10,30%,,,Nothopegia travancorica,3
S13,L1,G2,11,50%,,,Nothopegia travancorica,3
S13,L1,G2,11,50%,,,Nothopegia travancorica,1
S13,L1,G2,11,50%,,,Nothopegia travancorica,5
S13,L1,G2,11,50%,,,Nothopegia travancorica,2
S13,L1,G2,13,50%,,,Nothopegia travancorica,0.5
S13,L1,G2,13,50%,,,Nothopegia travancorica,3
S13,L1,G2,13,50%,,,Nothopegia travancorica,5
S13,L1,G2,13,50%,,,Nothopegia travancorica,2.5
S13,L1,G2,15,50%,,,Nothopegia travancorica,2
S13,L1,G2,15,50%,,,Nothopegia travancorica,0.4
S13,L1,G2,16,50%,,,Nothopegia travancorica,1.2
S13,L1,G2,16,50%,,,Nothopegia travancorica,1.2
S19,L1,G2,5,65%,,,Nothopegia travancorica,1.3
S19,L1,G2,9,70%,,,Nothopegia travancorica,0.9
S19,L1,G2,12,60%,,,Nothopegia travancorica,1.2
S19,L1,G2,13,70%,,,Nothopegia travancorica,1
S19,L1,G2,13,70%,,,Nothopegia travancorica,1.1
S19,L1,G2,15,75%,,,Nothopegia travancorica,1.3
S19,L1,G2,15,75%,,,Nothopegia travancorica,1.2
S19,L1,G2,15,75%,,,Nothopegia travancorica,1.2
S18,L1,G2,1,55%,,,Nothopegia travancorica,0.6
S18,L1,G2,2,55%,,,Nothopegia travancorica,1.4
S18,L1,G2,2,55%,,,Nothopegia travancorica,1.2
S18,L1,G2,3,40%,,,Nothopegia travancorica,0.9
S18,L1,G2,3,40%,,,Nothopegia travancorica,0.9
S18,L1,G2,5,55%,,0.5 Plot,Nothopegia travancorica,0.3
S18,L1,G2,6,55%,1 Net,4 Plots,Nothopegia travancorica,0.3
S18,L1,G2,6,55%,1 Net,4 Plots,Nothopegia travancorica,0.3
S18,L1,G2,8,55%,,,Nothopegia travancorica,0.4
S18,L1,G2,8,55%,,,Nothopegia travancorica,0.3
S18,L1,G2,10,65%,,,Nothopegia travancorica,0.4
S18,L1,G2,10,65%,,,Nothopegia travancorica,0.3
S18,L1,G2,10,65%,,,Nothopegia travancorica,0.4
S18,L1,G2,11,55%,1 Net,,Nothopegia travancorica,0.7
S18,L1,G2,12,55%,,,Nothopegia travancorica,0.3
S18,L1,G2,12,55%,,,Nothopegia travancorica,1.2
S18,L1,G2,13,57%,,,Nothopegia travancorica,0.4
S18,L1,G2,13,57%,,,Nothopegia travancorica,0.3
S18,L1,G2,13,57%,,,Nothopegia travancorica,0.4
S18,L1,G2,13,57%,,,Nothopegia travancorica,0.4
S18,L1,G2,14,60%,,,Nothopegia travancorica,1
S18,L1,G2,14,60%,,,Nothopegia travancorica,0.9
S18,L1,G2,15,60%,,,Nothopegia travancorica,0.4
S18,L1,G2,16,65%,,,Nothopegia travancorica,0.6
S18,L1,G2,16,65%,,,Nothopegia travancorica,1.3
S18,L1,G2,16,65%,,,Nothopegia travancorica,0.4
S12,L2,G3,1,75%,1 Net,,Nothopegia travancorica,3
S12,L2,G3,1,75%,1 Net,,Nothopegia travancorica,3
S12,L2,G3,3,70%,,,Nothopegia travancorica,2
S12,L2,G3,3,70%,,,Nothopegia travancorica,2
S12,L2,G3,3,70%,,,Nothopegia travancorica,3
S12,L2,G3,3,70%,,,Nothopegia travancorica,1.2
S12,L2,G3,8,80%,,,Nothopegia travancorica,0.7
S12,L2,G3,10,70%,,,Nothopegia travancorica,2
S12,L2,G3,10,70%,,,Nothopegia travancorica,0.6
S12,L2,G3,14,75%,,,Nothopegia travancorica,5
S3,L1,G2,1,60%,,,Nothopegia travancorica,4
S3,L1,G2,1,60%,,,Nothopegia travancorica,0.4
S3,L1,G2,1,60%,,,Nothopegia travancorica,0.5
S3,L1,G2,1,60%,,,Nothopegia travancorica,1.2
S3,L1,G2,1,60%,,,Nothopegia travancorica,6
S3,L1,G2,1,60%,,,Nothopegia travancorica,0.4
S3,L1,G2,1,60%,,,Nothopegia travancorica,3
S3,L1,G2,1,60%,,,Nothopegia travancorica,0.9
S3,L1,G2,1,60%,,,Nothopegia travancorica,1.2
S3,L1,G2,1,60%,,,Nothopegia travancorica,1.2
S3,L1,G2,1,60%,,,Nothopegia travancorica,2.5
S3,L1,G2,1,60%,,,Nothopegia travancorica,0.5
S3,L1,G2,1,60%,,,Nothopegia travancorica,0.5
S3,L1,G2,1,60%,,,Nothopegia travancorica,3
S3,L1,G2,1,60%,,,Nothopegia travancorica,1.5
S3,L1,G2,1,60%,,,Nothopegia travancorica,1.2
S3,L1,G2,1,60%,,,Nothopegia travancorica,0.6
S3,L1,G2,3,60%,,,Nothopegia travancorica,5
S3,L1,G2,3,60%,,,Nothopegia travancorica,1.1
S3,L1,G2,3,60%,,,Nothopegia travancorica,2
S3,L1,G2,3,60%,,,Nothopegia travancorica,1.1
S3,L1,G2,3,60%,,,Nothopegia travancorica,4
S3,L1,G2,3,60%,,,Nothopegia travancorica,2.5
S3,L1,G2,4,75%,,,Nothopegia travancorica,3.5
S3,L1,G2,4,75%,,,Nothopegia travancorica,2
S3,L1,G2,5,65%,,,Nothopegia travancorica,0.9
S3,L1,G2,5,65%,,,Nothopegia travancorica,2
S3,L1,G2,5,65%,,,Nothopegia travancorica,1.5
S3,L1,G2,5,65%,,,Nothopegia travancorica,2
S3,L1,G2,6,76%,,,Nothopegia travancorica,2.5
S3,L1,G2,6,76%,,,Nothopegia travancorica,0.7
S3,L1,G2,6,76%,,,Nothopegia travancorica,0.7
S3,L1,G2,6,76%,,,Nothopegia travancorica,3
S3,L1,G2,6,76%,,,Nothopegia travancorica,4
S3,L1,G2,8,60%,,,Nothopegia travancorica,2
S3,L1,G2,8,60%,,,Nothopegia travancorica,2.5
S3,L1,G2,8,60%,,,Nothopegia travancorica,1.2
S3,L1,G2,8,60%,,,Nothopegia travancorica,6.5
S3,L1,G2,8,60%,,,Nothopegia travancorica,1.2
S3,L1,G2,9,75%,,,Nothopegia travancorica,1.2
S3,L1,G2,9,75%,,,Nothopegia travancorica,3
S3,L1,G2,9,75%,,,Nothopegia travancorica,1.6
S3,L1,G2,9,75%,,,Nothopegia travancorica,4
S3,L1,G2,10,70%,,,Nothopegia travancorica,1.2
S3,L1,G2,10,70%,,,Nothopegia travancorica,0.7
S3,L1,G2,10,70%,,,Nothopegia travancorica,1.2
S3,L1,G2,10,70%,,,Nothopegia travancorica,0.7
S3,L1,G2,11,75%,,,Nothopegia travancorica,1.2
S3,L1,G2,11,75%,,,Nothopegia travancorica,3.5
S3,L1,G2,11,75%,,,Nothopegia travancorica,4
S3,L1,G2,13,68%,,,Nothopegia travancorica,2
S2,L1,G2,7,69%,,,Nothopegia travancorica,1.6
S2,L1,G2,9,80%,,,Nothopegia travancorica,1.2
S2,L1,G2,10,75%,,,Nothopegia travancorica,1.5
S2,L1,G2,10,75%,,,Nothopegia travancorica,3
S2,L1,G2,10,75%,,,Nothopegia travancorica,3
S2,L1,G2,10,75%,,,Nothopegia travancorica,6
S2,L1,G2,10,75%,,,Nothopegia travancorica,1
S2,L1,G2,10,75%,,,Nothopegia travancorica,3
S2,L1,G2,15,75%,,,Nothopegia travancorica,3
S2,L1,G2,16,80%,,,Nothopegia travancorica,2
S5,L2,G2,1,60%,,,Nothopegia travancorica,1.2
S5,L2,G2,1,60%,,,Nothopegia travancorica,0.3
S5,L2,G2,1,60%,,,Nothopegia travancorica,0.4
S5,L2,G2,1,60%,,,Nothopegia travancorica,0.6
S5,L2,G2,1,60%,,,Nothopegia travancorica,0.5
S5,L2,G2,1,60%,,,Nothopegia travancorica,0.3
S5,L2,G2,2,75%,,,Nothopegia travancorica,0.9
S5,L2,G2,2,75%,,,Nothopegia travancorica,1.2
S5,L2,G2,2,75%,,,Nothopegia travancorica,1
S5,L2,G2,3,68%,,,Nothopegia travancorica,0.4
S5,L2,G2,3,68%,,,Nothopegia travancorica,0.5
S5,L2,G2,3,68%,,,Nothopegia travancorica,3
S5,L2,G2,3,68%,,,Nothopegia travancorica,2
S5,L2,G2,5,78%,,,Nothopegia travancorica,2.2
S5,L2,G2,5,78%,,,Nothopegia travancorica,1.8
S5,L2,G2,5,78%,,,Nothopegia travancorica,6
S5,L2,G2,6,76%,,,Nothopegia travancorica,1.2
S5,L2,G2,6,76%,,,Nothopegia travancorica,1.2
S5,L2,G2,8,75%,,,Nothopegia travancorica,1.3
S5,L2,G2,8,75%,,,Nothopegia travancorica,2.1
S5,L2,G2,8,75%,,,Nothopegia travancorica,1.4
S5,L2,G2,8,75%,,,Nothopegia travancorica,1.6
S5,L2,G2,8,75%,,,Nothopegia travancorica,1.2
S5,L2,G2,8,75%,,,Nothopegia travancorica,0.9
S5,L2,G2,10,69%,,,Nothopegia travancorica,1.4
S5,L2,G2,10,69%,,,Nothopegia travancorica,1.2
S5,L2,G2,10,69%,,,Nothopegia travancorica,3
S5,L2,G2,10,69%,,,Nothopegia travancorica,1.3
S5,L2,G2,10,69%,,,Nothopegia travancorica,1.2
S5,L2,G2,11,76%,,,Nothopegia travancorica,1.3
S5,L2,G2,11,76%,,,Nothopegia travancorica,1.7
S5,L2,G2,12,78%,,,Nothopegia travancorica,19
S5,L2,G2,12,78%,,,Nothopegia travancorica,8
S5,L2,G2,12,78%,,,Nothopegia travancorica,11
S5,L2,G2,12,78%,,,Nothopegia travancorica,6
S5,L2,G2,13,75%,,,Nothopegia travancorica,11.7
S5,L2,G2,13,75%,,,Nothopegia travancorica,11
S5,L2,G2,13,75%,,,Nothopegia travancorica,9.3
S5,L2,G2,13,75%,,,Nothopegia travancorica,9
S5,L2,G2,13,75%,,,Nothopegia travancorica,9.6
S5,L2,G2,13,75%,,,Nothopegia travancorica,9.3
S5,L2,G2,13,75%,,,Nothopegia travancorica,6
S5,L2,G2,13,75%,,,Nothopegia travancorica,7.5
S5,L2,G2,13,75%,,,Nothopegia travancorica,7
S5,L2,G2,13,75%,,,Nothopegia travancorica,6
S5,L2,G2,15,67%,,,Nothopegia travancorica,8
S5,L2,G2,15,67%,,,Nothopegia travancorica,16
S5,L2,G2,15,67%,,,Nothopegia travancorica,5
S5,L2,G2,16,75%,,,Nothopegia travancorica,3
S5,L2,G2,16,75%,,,Nothopegia travancorica,2.3
S8,L1,G2,1,70%,,,Nothopegia travancorica,0.4
S8,L1,G2,1,70%,,,Nothopegia travancorica,1
S8,L1,G2,1,70%,,,Nothopegia travancorica,0.6
S8,L1,G2,1,70%,,,Nothopegia travancorica,0.4
S8,L1,G2,2,65%,,,Nothopegia travancorica,1.2
S8,L1,G2,2,65%,,,Nothopegia travancorica,1.3
S8,L1,G2,4,60%,,,Nothopegia travancorica,3
S8,L1,G2,5,65%,,,Nothopegia travancorica,3
S8,L1,G2,5,65%,,,Nothopegia travancorica,2
S8,L1,G2,5,65%,,,Nothopegia travancorica,1.2
S8,L1,G2,5,65%,,,Nothopegia travancorica,0.9
S8,L1,G2,5,65%,,,Nothopegia travancorica,0.9
S8,L1,G2,8,55%,,,Nothopegia travancorica,1.2
S8,L1,G2,9,60%,,,Nothopegia travancorica,2.5
S8,L1,G2,9,60%,,,Nothopegia travancorica,1.2
S8,L1,G2,9,60%,,,Nothopegia travancorica,1.2
S8,L1,G2,11,65%,,,Nothopegia travancorica,3
S8,L1,G2,12,80%,,,Nothopegia travancorica,0.9
S8,L1,G2,12,80%,,,Nothopegia travancorica,1.9
S8,L1,G2,12,80%,,,Nothopegia travancorica,0.9
S8,L1,G2,12,80%,,,Nothopegia travancorica,1.2
S8,L1,G2,13,85%,,,Nothopegia travancorica,5
S8,L1,G2,14,70%,,,Nothopegia travancorica,2
S8,L1,G2,15,60%,,,Nothopegia travancorica,2.5
S8,L1,G2,15,60%,,,Nothopegia travancorica,2
S8,L1,G2,16,75%,,,Nothopegia travancorica,1.3
S13,L1,G2,2,45%,,1 plot,Olea dioica,1.5
S13,L1,G2,8,55%,,,Olea dioica,4
S13,L1,G2,9,40%,,,Olea dioica,1.5
S13,L1,G2,16,50%,,,Olea dioica,5
S13,L1,G2,16,50%,,,Olea dioica,3
S19,L1,G2,3,75%,1 Net,,Olea dioica,0.6
S19,L1,G2,10,65%,,1 Plot,Olea dioica,19
S18,L1,G2,4,70%,,,Olea dioica,5
S18,L1,G2,4,70%,,,Olea dioica,12
S18,L1,G2,10,65%,,,Olea dioica,63
S18,L1,G2,11,55%,1 Net,,Olea dioica,0.3
S18,L1,G2,12,55%,,,Olea dioica,0.4
S3,L1,G2,7,70%,,,Olea dioica,13
S3,L1,G2,7,70%,,,Olea dioica,2
S3,L1,G2,9,75%,,,Olea dioica,19
S2,L1,G2,1,80%,,,Olea dioica,12
S2,L1,G2,2,79%,,,Olea dioica,39
S2,L1,G2,4,75%,,,Olea dioica,9
S2,L1,G2,5,78%,,,Olea dioica,9
S2,L1,G2,6,79%,,,Olea dioica,7
S2,L1,G2,8,80%,,,Olea dioica,29
S2,L1,G2,11,75%,,,Olea dioica,5
S2,L1,G2,11,75%,,,Olea dioica,15
S2,L1,G2,12,60%,,,Olea dioica,5
S2,L1,G2,13,65%,,,Olea dioica,12
S2,L1,G2,13,65%,,,Olea dioica,2
S8,L1,G2,1,70%,,,Olea dioica,1.2
S8,L1,G2,3,60%,,,Olea dioica,1.5
S8,L1,G2,3,60%,,,Olea dioica,1.2
S8,L1,G2,4,60%,,,Olea dioica,1.3
S8,L1,G2,5,65%,,,Olea dioica,1.5
S8,L1,G2,6,75%,,,Olea dioica,0.5
S8,L1,G2,6,75%,,,Olea dioica,1.2
S8,L1,G2,6,75%,,,Olea dioica,1.2
S8,L1,G2,6,75%,,,Olea dioica,1.2
S8,L1,G2,7,70%,,,Olea dioica,1.2
S8,L1,G2,8,55%,,,Olea dioica,0.5
S8,L1,G2,8,55%,,,Olea dioica,0.9
S8,L1,G2,9,60%,,,Olea dioica,0.4
S8,L1,G2,11,65%,,,Olea dioica,1.5
S8,L1,G2,11,65%,,,Olea dioica,3
S8,L1,G2,12,80%,,,Olea dioica,2
S8,L1,G2,12,80%,,,Olea dioica,21
S8,L1,G2,14,70%,,,Olea dioica,10
S8,L1,G2,14,70%,,,Olea dioica,0.9
S8,L1,G2,14,70%,,,Olea dioica,1.1
S8,L1,G2,15,60%,,,Olea dioica,1.2
S8,L1,G2,15,60%,,,Olea dioica,2
S8,L1,G2,15,60%,,,Olea dioica,1.2
S2,L1,G2,13,65%,,,Oreocnide integrifolia,1.1
S19,L1,G2,8,50%,,,Palaquium ellipticum,6
S19,L1,G2,13,70%,,,Palaquium ellipticum,1.2
S19,L1,G2,13,70%,,,Palaquium ellipticum,2.5
S18,L1,G2,4,70%,,,Palaquium ellipticum,0.4
S18,L1,G2,4,70%,,,Palaquium ellipticum,127
S18,L1,G2,5,55%,,0.5 Plot,Palaquium ellipticum,0.4
S18,L1,G2,10,65%,,,Palaquium ellipticum,0.4
S18,L1,G2,11,55%,1 Net,,Palaquium ellipticum,8
S18,L1,G2,11,55%,1 Net,,Palaquium ellipticum,0.6
S18,L1,G2,14,60%,,,Palaquium ellipticum,0.5
S18,L1,G2,15,60%,,,Palaquium ellipticum,1.8
S18,L1,G2,15,60%,,,Palaquium ellipticum,5
S18,L1,G2,15,60%,,,Palaquium ellipticum,1.9
S18,L1,G2,15,60%,,,Palaquium ellipticum,1.2
S18,L1,G2,16,65%,,,Palaquium ellipticum,2.6
S12,L2,G3,2,75%,,,Palaquium ellipticum,3
S12,L2,G3,3,70%,,,Palaquium ellipticum,3
S12,L2,G3,3,70%,,,Palaquium ellipticum,5
S12,L2,G3,3,70%,,,Palaquium ellipticum,6
S12,L2,G3,4,75%,,,Palaquium ellipticum,2
S12,L2,G3,4,75%,,,Palaquium ellipticum,3
S12,L2,G3,4,75%,,,Palaquium ellipticum,5
S12,L2,G3,4,75%,,,Palaquium ellipticum,3
S12,L2,G3,4,75%,,,Palaquium ellipticum,3
S12,L2,G3,4,75%,,,Palaquium ellipticum,2
S12,L2,G3,4,75%,,,Palaquium ellipticum,4
S12,L2,G3,4,75%,,,Palaquium ellipticum,4
S12,L2,G3,4,75%,,,Palaquium ellipticum,6
S12,L2,G3,4,75%,,,Palaquium ellipticum,2.7
S12,L2,G3,5,77%,,,Palaquium ellipticum,1.3
S12,L2,G3,5,77%,,,Palaquium ellipticum,13
S12,L2,G3,5,77%,,,Palaquium ellipticum,0.5
S12,L2,G3,6,70%,,,Palaquium ellipticum,1.1
S12,L2,G3,6,70%,,,Palaquium ellipticum,13
S12,L2,G3,8,80%,,,Palaquium ellipticum,12
S12,L2,G3,9,75%,,,Palaquium ellipticum,2
S12,L2,G3,9,75%,,,Palaquium ellipticum,4
S12,L2,G3,11,85%,,,Palaquium ellipticum,3
S12,L2,G3,11,85%,,,Palaquium ellipticum,6
S12,L2,G3,12,78%,1 Net,,Palaquium ellipticum,4
S12,L2,G3,12,78%,1 Net,,Palaquium ellipticum,3
S12,L2,G3,12,78%,1 Net,,Palaquium ellipticum,9
S12,L2,G3,13,70%,,,Palaquium ellipticum,7
S12,L2,G3,14,75%,,,Palaquium ellipticum,39
S12,L2,G3,15,80%,,,Palaquium ellipticum,52
S12,L2,G3,15,80%,,,Palaquium ellipticum,7
S12,L2,G3,16,78%,,,Palaquium ellipticum,4
S12,L2,G3,16,78%,,,Palaquium ellipticum,5
S3,L1,G2,2,78%,,,Palaquium ellipticum,1.3
S3,L1,G2,2,78%,,,Palaquium ellipticum,1.3
S3,L1,G2,3,60%,,,Palaquium ellipticum,1.2
S3,L1,G2,3,60%,,,Palaquium ellipticum,4
S3,L1,G2,7,70%,,,Palaquium ellipticum,80
S3,L1,G2,14,80%,,,Palaquium ellipticum,1.5
S18,L1,G2,4,70%,,,Pavetta indica,0.7
S18,L1,G2,4,70%,,,Pavetta indica,0.6
S13,L1,G2,11,50%,,,Persea macrantha,4
S13,L1,G2,11,50%,,,Persea macrantha,3
S13,L1,G2,11,50%,,,Persea macrantha,0.6
S13,L1,G2,13,50%,,,Persea macrantha,122
S13,L1,G2,14,40%,,,Persea macrantha,4
S12,L2,G3,5,77%,,,Persea macrantha,0.3
S3,L1,G2,2,78%,,,Persea macrantha,0.5
S3,L1,G2,6,76%,,,Persea macrantha,49
S8,L1,G2,9,60%,,,Persea macrantha,1.6
S19,L1,G2,6,70%,,,Polyalthia fragrans,3
S12,L2,G3,1,75%,1 Net,,Polyalthia fragrans,7
S12,L2,G3,1,75%,1 Net,,Polyalthia fragrans,2.6
S12,L2,G3,2,75%,,,Polyalthia fragrans,7
S12,L2,G3,2,75%,,,Polyalthia fragrans,3
S12,L2,G3,3,70%,,,Polyalthia fragrans,3
S12,L2,G3,3,70%,,,Polyalthia fragrans,3
S12,L2,G3,4,75%,,,Polyalthia fragrans,3
S12,L2,G3,4,75%,,,Polyalthia fragrans,4
S12,L2,G3,5,77%,,,Polyalthia fragrans,62
S12,L2,G3,5,77%,,,Polyalthia fragrans,30
S12,L2,G3,5,77%,,,Polyalthia fragrans,0.7
S12,L2,G3,5,77%,,,Polyalthia fragrans,1.1
S12,L2,G3,6,70%,,,Polyalthia fragrans,1.2
S12,L2,G3,6,70%,,,Polyalthia fragrans,0.7
S12,L2,G3,6,70%,,,Polyalthia fragrans,1.2
S12,L2,G3,6,70%,,,Polyalthia fragrans,1.2
S12,L2,G3,6,70%,,,Polyalthia fragrans,1.3
S12,L2,G3,6,70%,,,Polyalthia fragrans,1.2
S12,L2,G3,6,70%,,,Polyalthia fragrans,1.2
S12,L2,G3,6,70%,,,Polyalthia fragrans,8
S12,L2,G3,8,80%,,,Polyalthia fragrans,3.6
S12,L2,G3,10,70%,,,Polyalthia fragrans,9
S12,L2,G3,11,85%,,,Polyalthia fragrans,0.7
S12,L2,G3,12,78%,1 Net,,Polyalthia fragrans,29
S12,L2,G3,14,75%,,,Polyalthia fragrans,3
S12,L2,G3,14,75%,,,Polyalthia fragrans,6
S12,L2,G3,15,80%,,,Polyalthia fragrans,5
S12,L2,G3,15,80%,,,Polyalthia fragrans,4
S12,L2,G3,15,80%,,,Polyalthia fragrans,6
S8,L1,G2,16,75%,,,Polyalthia fragrans,3
S13,L1,G2,1,60%,,,Psychotria macrocarpa,2
S13,L1,G2,1,60%,,,Psychotria macrocarpa,4
S13,L1,G2,1,60%,,,Psychotria macrocarpa,5
S13,L1,G2,1,60%,,,Psychotria macrocarpa,1
S13,L1,G2,1,60%,,,Psychotria macrocarpa,5
S13,L1,G2,1,60%,,,Psychotria macrocarpa,6
S13,L1,G2,1,60%,,,Psychotria macrocarpa,1
S13,L1,G2,1,60%,,,Psychotria macrocarpa,1.5
S13,L1,G2,1,60%,,,Psychotria macrocarpa,1
S13,L1,G2,1,60%,,,Psychotria macrocarpa,3
S13,L1,G2,1,60%,,,Psychotria macrocarpa,2.5
S13,L1,G2,1,60%,,,Psychotria macrocarpa,1.5
S13,L1,G2,1,60%,,,Psychotria macrocarpa,4
S13,L1,G2,1,60%,,,Psychotria macrocarpa,4
S13,L1,G2,1,60%,,,Psychotria macrocarpa,3
S13,L1,G2,1,60%,,,Psychotria macrocarpa,1
S13,L1,G2,1,60%,,,Psychotria macrocarpa,1
S13,L1,G2,1,60%,,,Psychotria macrocarpa,0.5
S13,L1,G2,1,60%,,,Psychotria macrocarpa,3.5
S13,L1,G2,1,60%,,,Psychotria macrocarpa,1
S13,L1,G2,1,60%,,,Psychotria macrocarpa,3
S13,L1,G2,1,60%,,,Psychotria macrocarpa,5
S13,L1,G2,2,45%,,1 plot,Psychotria macrocarpa,0.4
S13,L1,G2,2,45%,,1 plot,Psychotria macrocarpa,2
S13,L1,G2,2,45%,,1 plot,Psychotria macrocarpa,1
S13,L1,G2,2,45%,,1 plot,Psychotria macrocarpa,0.5
S13,L1,G2,2,45%,,1 plot,Psychotria macrocarpa,0.5
S13,L1,G2,2,45%,,1 plot,Psychotria macrocarpa,0.5
S13,L1,G2,2,45%,,1 plot,Psychotria macrocarpa,0.5
S13,L1,G2,2,45%,,1 plot,Psychotria macrocarpa,4
S13,L1,G2,2,45%,,1 plot,Psychotria macrocarpa,1.5
S13,L1,G2,2,45%,,1 plot,Psychotria macrocarpa,0.5
S13,L1,G2,2,45%,,1 plot,Psychotria macrocarpa,1
S13,L1,G2,2,45%,,1 plot,Psychotria macrocarpa,0.4
S13,L1,G2,2,45%,,1 plot,Psychotria macrocarpa,4
S13,L1,G2,2,45%,,1 plot,Psychotria macrocarpa,1.5
S13,L1,G2,2,45%,,1 plot,Psychotria macrocarpa,3.5
S13,L1,G2,2,45%,,1 plot,Psychotria macrocarpa,0.5
S13,L1,G2,2,45%,,1 plot,Psychotria macrocarpa,1
S13,L1,G2,2,45%,,1 plot,Psychotria macrocarpa,1.5
S13,L1,G2,2,45%,,1 plot,Psychotria macrocarpa,3
S13,L1,G2,3,30%,1 Net,0.5 plot,Psychotria macrocarpa,3
S13,L1,G2,3,30%,1 Net,0.5 plot,Psychotria macrocarpa,3.5
S13,L1,G2,3,30%,1 Net,0.5 plot,Psychotria macrocarpa,3
S13,L1,G2,3,30%,1 Net,0.5 plot,Psychotria macrocarpa,2
S13,L1,G2,3,30%,1 Net,0.5 plot,Psychotria macrocarpa,6
S13,L1,G2,3,30%,1 Net,0.5 plot,Psychotria macrocarpa,1.5
S13,L1,G2,3,30%,1 Net,0.5 plot,Psychotria macrocarpa,5
S13,L1,G2,3,30%,1 Net,0.5 plot,Psychotria macrocarpa,4
S13,L1,G2,3,30%,1 Net,0.5 plot,Psychotria macrocarpa,3
S13,L1,G2,3,30%,1 Net,0.5 plot,Psychotria macrocarpa,3
S13,L1,G2,3,30%,1 Net,0.5 plot,Psychotria macrocarpa,1.5
S13,L1,G2,3,30%,1 Net,0.5 plot,Psychotria macrocarpa,2
S13,L1,G2,3,30%,1 Net,0.5 plot,Psychotria macrocarpa,1
S13,L1,G2,3,30%,1 Net,0.5 plot,Psychotria macrocarpa,3
S13,L1,G2,3,30%,1 Net,0.5 plot,Psychotria macrocarpa,1.5
S13,L1,G2,3,30%,1 Net,0.5 plot,Psychotria macrocarpa,1
S13,L1,G2,3,30%,1 Net,0.5 plot,Psychotria macrocarpa,1.5
S13,L1,G2,3,30%,1 Net,0.5 plot,Psychotria macrocarpa,2
S13,L1,G2,3,30%,1 Net,0.5 plot,Psychotria macrocarpa,0.5
S13,L1,G2,3,30%,1 Net,0.5 plot,Psychotria macrocarpa,1.5
S13,L1,G2,3,30%,1 Net,0.5 plot,Psychotria macrocarpa,1.5
S13,L1,G2,3,30%,1 Net,0.5 plot,Psychotria macrocarpa,5
S13,L1,G2,3,30%,1 Net,0.5 plot,Psychotria macrocarpa,2
S13,L1,G2,3,30%,1 Net,0.5 plot,Psychotria macrocarpa,3
S13,L1,G2,3,30%,1 Net,0.5 plot,Psychotria macrocarpa,3
S13,L1,G2,3,30%,1 Net,0.5 plot,Psychotria macrocarpa,2
S13,L1,G2,4,55%,,0.5 plot,Psychotria macrocarpa,3
S13,L1,G2,4,55%,,0.5 plot,Psychotria macrocarpa,2
S13,L1,G2,4,55%,,0.5 plot,Psychotria macrocarpa,1.5
S13,L1,G2,4,55%,,0.5 plot,Psychotria macrocarpa,3
S13,L1,G2,4,55%,,0.5 plot,Psychotria macrocarpa,0.5
S13,L1,G2,4,55%,,0.5 plot,Psychotria macrocarpa,2
S13,L1,G2,4,55%,,0.5 plot,Psychotria macrocarpa,3
S13,L1,G2,4,55%,,0.5 plot,Psychotria macrocarpa,1.5
S13,L1,G2,4,55%,,0.5 plot,Psychotria macrocarpa,2
S13,L1,G2,4,55%,,0.5 plot,Psychotria macrocarpa,1.5
S13,L1,G2,4,55%,,0.5 plot,Psychotria macrocarpa,1.5
S13,L1,G2,4,55%,,0.5 plot,Psychotria macrocarpa,1
S13,L1,G2,4,55%,,0.5 plot,Psychotria macrocarpa,1.5
S13,L1,G2,4,55%,,0.5 plot,Psychotria macrocarpa,2
S13,L1,G2,4,55%,,0.5 plot,Psychotria macrocarpa,4
S13,L1,G2,4,55%,,0.5 plot,Psychotria macrocarpa,3
S13,L1,G2,4,55%,,0.5 plot,Psychotria macrocarpa,1.5
S13,L1,G2,4,55%,,0.5 plot,Psychotria macrocarpa,2
S13,L1,G2,4,55%,,0.5 plot,Psychotria macrocarpa,3
S13,L1,G2,5,70%,1 Net,1 plot,Psychotria macrocarpa,3
S13,L1,G2,5,70%,1 Net,1 plot,Psychotria macrocarpa,2
S13,L1,G2,5,70%,1 Net,1 plot,Psychotria macrocarpa,1
S13,L1,G2,5,70%,1 Net,1 plot,Psychotria macrocarpa,3
S13,L1,G2,5,70%,1 Net,1 plot,Psychotria macrocarpa,2
S13,L1,G2,5,70%,1 Net,1 plot,Psychotria macrocarpa,1.5
S13,L1,G2,5,70%,1 Net,1 plot,Psychotria macrocarpa,4
S13,L1,G2,5,70%,1 Net,1 plot,Psychotria macrocarpa,3
S13,L1,G2,5,70%,1 Net,1 plot,Psychotria macrocarpa,1.5
S13,L1,G2,5,70%,1 Net,1 plot,Psychotria macrocarpa,3
S13,L1,G2,5,70%,1 Net,1 plot,Psychotria macrocarpa,3
S13,L1,G2,5,70%,1 Net,1 plot,Psychotria macrocarpa,3
S13,L1,G2,5,70%,1 Net,1 plot,Psychotria macrocarpa,2
S13,L1,G2,5,70%,1 Net,1 plot,Psychotria macrocarpa,1.5
S13,L1,G2,5,70%,1 Net,1 plot,Psychotria macrocarpa,1.5
S13,L1,G2,5,70%,1 Net,1 plot,Psychotria macrocarpa,3
S13,L1,G2,5,70%,1 Net,1 plot,Psychotria macrocarpa,3
S13,L1,G2,5,70%,1 Net,1 plot,Psychotria macrocarpa,3
S13,L1,G2,6,70%,1 Net,,Psychotria macrocarpa,4
S13,L1,G2,6,70%,1 Net,,Psychotria macrocarpa,5
S13,L1,G2,6,70%,1 Net,,Psychotria macrocarpa,3
S13,L1,G2,6,70%,1 Net,,Psychotria macrocarpa,4
S13,L1,G2,6,70%,1 Net,,Psychotria macrocarpa,3.5
S13,L1,G2,7,40%,,,Psychotria macrocarpa,4
S13,L1,G2,7,40%,,,Psychotria macrocarpa,4
S13,L1,G2,7,40%,,,Psychotria macrocarpa,0.3
S13,L1,G2,7,40%,,,Psychotria macrocarpa,0.3
S13,L1,G2,7,40%,,,Psychotria macrocarpa,1.5
S13,L1,G2,7,40%,,,Psychotria macrocarpa,0.5
S13,L1,G2,7,40%,,,Psychotria macrocarpa,1.5
S13,L1,G2,7,40%,,,Psychotria macrocarpa,3
S13,L1,G2,7,40%,,,Psychotria macrocarpa,2
S13,L1,G2,7,40%,,,Psychotria macrocarpa,2
S13,L1,G2,7,40%,,,Psychotria macrocarpa,3
S13,L1,G2,7,40%,,,Psychotria macrocarpa,2
S13,L1,G2,7,40%,,,Psychotria macrocarpa,0.5
S13,L1,G2,7,40%,,,Psychotria macrocarpa,1
S13,L1,G2,7,40%,,,Psychotria macrocarpa,1
S13,L1,G2,7,40%,,,Psychotria macrocarpa,0.3
S13,L1,G2,7,40%,,,Psychotria macrocarpa,0.5
S13,L1,G2,7,40%,,,Psychotria macrocarpa,0.6
S13,L1,G2,8,55%,,,Psychotria macrocarpa,2
S13,L1,G2,8,55%,,,Psychotria macrocarpa,1.5
S13,L1,G2,8,55%,,,Psychotria macrocarpa,1
S13,L1,G2,8,55%,,,Psychotria macrocarpa,1
S13,L1,G2,8,55%,,,Psychotria macrocarpa,2
S13,L1,G2,8,55%,,,Psychotria macrocarpa,2
S13,L1,G2,8,55%,,,Psychotria macrocarpa,1.5
S13,L1,G2,8,55%,,,Psychotria macrocarpa,1
S13,L1,G2,8,55%,,,Psychotria macrocarpa,1
S13,L1,G2,8,55%,,,Psychotria macrocarpa,3
S13,L1,G2,8,55%,,,Psychotria macrocarpa,7
S13,L1,G2,8,55%,,,Psychotria macrocarpa,7
S13,L1,G2,8,55%,,,Psychotria macrocarpa,1
S13,L1,G2,8,55%,,,Psychotria macrocarpa,0.5
S13,L1,G2,8,55%,,,Psychotria macrocarpa,0.5
S13,L1,G2,8,55%,,,Psychotria macrocarpa,0.6
S13,L1,G2,8,55%,,,Psychotria macrocarpa,2
S13,L1,G2,8,55%,,,Psychotria macrocarpa,2
S13,L1,G2,8,55%,,,Psychotria macrocarpa,2
S13,L1,G2,8,55%,,,Psychotria macrocarpa,2
S13,L1,G2,8,55%,,,Psychotria macrocarpa,2
S13,L1,G2,8,55%,,,Psychotria macrocarpa,4
S13,L1,G2,8,55%,,,Psychotria macrocarpa,2.5
S13,L1,G2,8,55%,,,Psychotria macrocarpa,2
S13,L1,G2,8,55%,,,Psychotria macrocarpa,3
S13,L1,G2,8,55%,,,Psychotria macrocarpa,3
S13,L1,G2,8,55%,,,Psychotria macrocarpa,2.5
S13,L1,G2,8,55%,,,Psychotria macrocarpa,2
S13,L1,G2,8,55%,,,Psychotria macrocarpa,1
S13,L1,G2,8,55%,,,Psychotria macrocarpa,1
S13,L1,G2,8,55%,,,Psychotria macrocarpa,1.2
S13,L1,G2,8,55%,,,Psychotria macrocarpa,0.4
S13,L1,G2,8,55%,,,Psychotria macrocarpa,0.5
S13,L1,G2,8,55%,,,Psychotria macrocarpa,1.5
S13,L1,G2,9,40%,,,Psychotria macrocarpa,3
S13,L1,G2,9,40%,,,Psychotria macrocarpa,3
S13,L1,G2,9,40%,,,Psychotria macrocarpa,1.2
S13,L1,G2,9,40%,,,Psychotria macrocarpa,2
S13,L1,G2,9,40%,,,Psychotria macrocarpa,5
S13,L1,G2,9,40%,,,Psychotria macrocarpa,1.5
S13,L1,G2,9,40%,,,Psychotria macrocarpa,3
S13,L1,G2,9,40%,,,Psychotria macrocarpa,1.5
S13,L1,G2,9,40%,,,Psychotria macrocarpa,0.9
S13,L1,G2,9,40%,,,Psychotria macrocarpa,0.5
S13,L1,G2,9,40%,,,Psychotria macrocarpa,3
S13,L1,G2,9,40%,,,Psychotria macrocarpa,2.8
S13,L1,G2,9,40%,,,Psychotria macrocarpa,5
S13,L1,G2,9,40%,,,Psychotria macrocarpa,4
S13,L1,G2,9,40%,,,Psychotria macrocarpa,2.5
S13,L1,G2,9,40%,,,Psychotria macrocarpa,1.5
S13,L1,G2,9,40%,,,Psychotria macrocarpa,3
S13,L1,G2,9,40%,,,Psychotria macrocarpa,3.5
S13,L1,G2,9,40%,,,Psychotria macrocarpa,5
S13,L1,G2,9,40%,,,Psychotria macrocarpa,0.4
S13,L1,G2,9,40%,,,Psychotria macrocarpa,2
S13,L1,G2,9,40%,,,Psychotria macrocarpa,2
S13,L1,G2,9,40%,,,Psychotria macrocarpa,0.5
S13,L1,G2,9,40%,,,Psychotria macrocarpa,1.5
S13,L1,G2,9,40%,,,Psychotria macrocarpa,1
S13,L1,G2,9,40%,,,Psychotria macrocarpa,1
S13,L1,G2,9,40%,,,Psychotria macrocarpa,1
S13,L1,G2,9,40%,,,Psychotria macrocarpa,1.5
S13,L1,G2,9,40%,,,Psychotria macrocarpa,0.5
S13,L1,G2,9,40%,,,Psychotria macrocarpa,0.5
S13,L1,G2,9,40%,,,Psychotria macrocarpa,0.5
S13,L1,G2,9,40%,,,Psychotria macrocarpa,0.5
S13,L1,G2,9,40%,,,Psychotria macrocarpa,3
S13,L1,G2,9,40%,,,Psychotria macrocarpa,7
S13,L1,G2,9,40%,,,Psychotria macrocarpa,0.6
S13,L1,G2,9,40%,,,Psychotria macrocarpa,4
S13,L1,G2,9,40%,,,Psychotria macrocarpa,0.6
S13,L1,G2,9,40%,,,Psychotria macrocarpa,1.5
S13,L1,G2,9,40%,,,Psychotria macrocarpa,0.6
S13,L1,G2,10,30%,,,Psychotria macrocarpa,3.5
S13,L1,G2,10,30%,,,Psychotria macrocarpa,1
S13,L1,G2,10,30%,,,Psychotria macrocarpa,1
S13,L1,G2,10,30%,,,Psychotria macrocarpa,4
S13,L1,G2,10,30%,,,Psychotria macrocarpa,2
S13,L1,G2,10,30%,,,Psychotria macrocarpa,1.5
S13,L1,G2,10,30%,,,Psychotria macrocarpa,3
S13,L1,G2,10,30%,,,Psychotria macrocarpa,6
S13,L1,G2,11,50%,,,Psychotria macrocarpa,3.5
S13,L1,G2,11,50%,,,Psychotria macrocarpa,3
S13,L1,G2,11,50%,,,Psychotria macrocarpa,3
S13,L1,G2,11,50%,,,Psychotria macrocarpa,2
S13,L1,G2,11,50%,,,Psychotria macrocarpa,1
S13,L1,G2,11,50%,,,Psychotria macrocarpa,3
S13,L1,G2,11,50%,,,Psychotria macrocarpa,3
S13,L1,G2,11,50%,,,Psychotria macrocarpa,5
S13,L1,G2,11,50%,,,Psychotria macrocarpa,4
S13,L1,G2,11,50%,,,Psychotria macrocarpa,3
S13,L1,G2,11,50%,,,Psychotria macrocarpa,4
S13,L1,G2,11,50%,,,Psychotria macrocarpa,4
S13,L1,G2,11,50%,,,Psychotria macrocarpa,0.9
S13,L1,G2,12,60%,,,Psychotria macrocarpa,3
S13,L1,G2,12,60%,,,Psychotria macrocarpa,1.2
S13,L1,G2,12,60%,,,Psychotria macrocarpa,3
S13,L1,G2,12,60%,,,Psychotria macrocarpa,4
S13,L1,G2,12,60%,,,Psychotria macrocarpa,4
S13,L1,G2,12,60%,,,Psychotria macrocarpa,1.2
S13,L1,G2,12,60%,,,Psychotria macrocarpa,5
S13,L1,G2,12,60%,,,Psychotria macrocarpa,4
S13,L1,G2,12,60%,,,Psychotria macrocarpa,5
S13,L1,G2,12,60%,,,Psychotria macrocarpa,5
S13,L1,G2,12,60%,,,Psychotria macrocarpa,4
S13,L1,G2,12,60%,,,Psychotria macrocarpa,3
S13,L1,G2,13,50%,,,Psychotria macrocarpa,3
S13,L1,G2,13,50%,,,Psychotria macrocarpa,2
S13,L1,G2,13,50%,,,Psychotria macrocarpa,3
S13,L1,G2,13,50%,,,Psychotria macrocarpa,3
S13,L1,G2,13,50%,,,Psychotria macrocarpa,3
S13,L1,G2,13,50%,,,Psychotria macrocarpa,3
S13,L1,G2,13,50%,,,Psychotria macrocarpa,3
S13,L1,G2,13,50%,,,Psychotria macrocarpa,3
S13,L1,G2,13,50%,,,Psychotria macrocarpa,4
S13,L1,G2,13,50%,,,Psychotria macrocarpa,3
S13,L1,G2,13,50%,,,Psychotria macrocarpa,4
S13,L1,G2,13,50%,,,Psychotria macrocarpa,3
S13,L1,G2,13,50%,,,Psychotria macrocarpa,0.4
S13,L1,G2,14,40%,,,Psychotria macrocarpa,3
S13,L1,G2,14,40%,,,Psychotria macrocarpa,2
S13,L1,G2,14,40%,,,Psychotria macrocarpa,2
S13,L1,G2,14,40%,,,Psychotria macrocarpa,3
S13,L1,G2,14,40%,,,Psychotria macrocarpa,3
S13,L1,G2,14,40%,,,Psychotria macrocarpa,3
S13,L1,G2,14,40%,,,Psychotria macrocarpa,3
S13,L1,G2,14,40%,,,Psychotria macrocarpa,2
S13,L1,G2,14,40%,,,Psychotria macrocarpa,3
S13,L1,G2,14,40%,,,Psychotria macrocarpa,5
S13,L1,G2,14,40%,,,Psychotria macrocarpa,3
S13,L1,G2,15,50%,,,Psychotria macrocarpa,0.5
S13,L1,G2,15,50%,,,Psychotria macrocarpa,1.2
S13,L1,G2,15,50%,,,Psychotria macrocarpa,3
S13,L1,G2,15,50%,,,Psychotria macrocarpa,3
S13,L1,G2,15,50%,,,Psychotria macrocarpa,2
S13,L1,G2,15,50%,,,Psychotria macrocarpa,1.2
S13,L1,G2,15,50%,,,Psychotria macrocarpa,3
S13,L1,G2,15,50%,,,Psychotria macrocarpa,3
S13,L1,G2,15,50%,,,Psychotria macrocarpa,3
S13,L1,G2,15,50%,,,Psychotria macrocarpa,5
S13,L1,G2,15,50%,,,Psychotria macrocarpa,3
S13,L1,G2,15,50%,,,Psychotria macrocarpa,1.2
S13,L1,G2,15,50%,,,Psychotria macrocarpa,1.2
S13,L1,G2,15,50%,,,Psychotria macrocarpa,4
S13,L1,G2,15,50%,,,Psychotria macrocarpa,3
S13,L1,G2,15,50%,,,Psychotria macrocarpa,3
S13,L1,G2,16,50%,,,Psychotria macrocarpa,2
S13,L1,G2,16,50%,,,Psychotria macrocarpa,4
S13,L1,G2,16,50%,,,Psychotria macrocarpa,2
S13,L1,G2,16,50%,,,Psychotria macrocarpa,2
S13,L1,G2,16,50%,,,Psychotria macrocarpa,1.2
S13,L1,G2,16,50%,,,Psychotria macrocarpa,1.2
S13,L1,G2,16,50%,,,Psychotria macrocarpa,1.2
S13,L1,G2,16,50%,,,Psychotria macrocarpa,2
S13,L1,G2,16,50%,,,Psychotria macrocarpa,1.3
S13,L1,G2,16,50%,,,Psychotria macrocarpa,3
S13,L1,G2,16,50%,,,Psychotria macrocarpa,2
S13,L1,G2,16,50%,,,Psychotria macrocarpa,5
S13,L1,G2,16,50%,,,Psychotria macrocarpa,1
S13,L1,G2,16,50%,,,Psychotria macrocarpa,3
S13,L1,G2,16,50%,,,Psychotria macrocarpa,1.3
S13,L1,G2,16,50%,,,Psychotria macrocarpa,1.2
S13,L1,G2,16,50%,,,Psychotria macrocarpa,1.5
S13,L1,G2,16,50%,,,Psychotria macrocarpa,0.4
S13,L1,G2,16,50%,,,Psychotria macrocarpa,1.3
S13,L1,G2,16,50%,,,Psychotria macrocarpa,4
S13,L1,G2,16,50%,,,Psychotria macrocarpa,1.3
S13,L1,G2,16,50%,,,Psychotria macrocarpa,4
S19,L1,G2,2,75%,1 Net,2 Plots,Psychotria macrocarpa,5
S19,L1,G2,2,75%,1 Net,2 Plots,Psychotria macrocarpa,1.2
S19,L1,G2,2,75%,1 Net,2 Plots,Psychotria macrocarpa,5
S19,L1,G2,3,75%,1 Net,,Psychotria macrocarpa,3
S19,L1,G2,3,75%,1 Net,,Psychotria macrocarpa,2
S19,L1,G2,3,75%,1 Net,,Psychotria macrocarpa,2
S19,L1,G2,3,75%,1 Net,,Psychotria macrocarpa,3
S19,L1,G2,4,70%,,,Psychotria macrocarpa,4
S19,L1,G2,4,70%,,,Psychotria macrocarpa,3
S19,L1,G2,4,70%,,,Psychotria macrocarpa,3
S19,L1,G2,4,70%,,,Psychotria macrocarpa,2
S19,L1,G2,5,65%,,,Psychotria macrocarpa,1.2
S19,L1,G2,5,65%,,,Psychotria macrocarpa,3
S19,L1,G2,5,65%,,,Psychotria macrocarpa,3
S19,L1,G2,5,65%,,,Psychotria macrocarpa,3
S19,L1,G2,5,65%,,,Psychotria macrocarpa,1.2
S19,L1,G2,5,65%,,,Psychotria macrocarpa,2.3
S19,L1,G2,5,65%,,,Psychotria macrocarpa,1.3
S19,L1,G2,5,65%,,,Psychotria macrocarpa,1.2
S19,L1,G2,5,65%,,,Psychotria macrocarpa,2.5
S19,L1,G2,6,70%,,,Psychotria macrocarpa,0.4
S19,L1,G2,6,70%,,,Psychotria macrocarpa,2
S19,L1,G2,6,70%,,,Psychotria macrocarpa,0.6
S19,L1,G2,6,70%,,,Psychotria macrocarpa,2
S19,L1,G2,6,70%,,,Psychotria macrocarpa,5
S19,L1,G2,6,70%,,,Psychotria macrocarpa,2
S19,L1,G2,7,60%,,I Plot,Psychotria macrocarpa,0.5
S19,L1,G2,7,60%,,I Plot,Psychotria macrocarpa,2.5
S19,L1,G2,7,60%,,I Plot,Psychotria macrocarpa,2.5
S19,L1,G2,7,60%,,I Plot,Psychotria macrocarpa,3
S19,L1,G2,7,60%,,I Plot,Psychotria macrocarpa,3
S19,L1,G2,7,60%,,I Plot,Psychotria macrocarpa,2
S19,L1,G2,8,50%,,,Psychotria macrocarpa,3
S19,L1,G2,8,50%,,,Psychotria macrocarpa,3
S19,L1,G2,8,50%,,,Psychotria macrocarpa,2.5
S19,L1,G2,8,50%,,,Psychotria macrocarpa,0.3
S19,L1,G2,9,70%,,,Psychotria macrocarpa,2.5
S19,L1,G2,9,70%,,,Psychotria macrocarpa,1
S19,L1,G2,9,70%,,,Psychotria macrocarpa,3
S19,L1,G2,9,70%,,,Psychotria macrocarpa,1.3
S19,L1,G2,9,70%,,,Psychotria macrocarpa,1.2
S19,L1,G2,9,70%,,,Psychotria macrocarpa,1.5
S19,L1,G2,9,70%,,,Psychotria macrocarpa,3
S19,L1,G2,9,70%,,,Psychotria macrocarpa,0.4
S19,L1,G2,10,65%,,1 Plot,Psychotria macrocarpa,1.5
S19,L1,G2,10,65%,,1 Plot,Psychotria macrocarpa,1.5
S19,L1,G2,11,60%,,1 Plot,Psychotria macrocarpa,2
S19,L1,G2,11,60%,,1 Plot,Psychotria macrocarpa,1.2
S19,L1,G2,11,60%,,1 Plot,Psychotria macrocarpa,0.5
S19,L1,G2,11,60%,,1 Plot,Psychotria macrocarpa,2
S19,L1,G2,12,60%,,,Psychotria macrocarpa,1.4
S19,L1,G2,12,60%,,,Psychotria macrocarpa,2
S19,L1,G2,12,60%,,,Psychotria macrocarpa,2
S19,L1,G2,12,60%,,,Psychotria macrocarpa,0.3
S19,L1,G2,12,60%,,,Psychotria macrocarpa,1.2
S19,L1,G2,12,60%,,,Psychotria macrocarpa,1.3
S19,L1,G2,12,60%,,,Psychotria macrocarpa,1.3
S19,L1,G2,12,60%,,,Psychotria macrocarpa,2.4
S19,L1,G2,12,60%,,,Psychotria macrocarpa,0.5
S19,L1,G2,12,60%,,,Psychotria macrocarpa,1.2
S19,L1,G2,12,60%,,,Psychotria macrocarpa,1.2
S19,L1,G2,12,60%,,,Psychotria macrocarpa,0.4
S19,L1,G2,12,60%,,,Psychotria macrocarpa,1.4
S19,L1,G2,13,70%,,,Psychotria macrocarpa,2
S19,L1,G2,13,70%,,,Psychotria macrocarpa,2
S19,L1,G2,13,70%,,,Psychotria macrocarpa,1.2
S19,L1,G2,13,70%,,,Psychotria macrocarpa,1.5
S19,L1,G2,13,70%,,,Psychotria macrocarpa,2.3
S19,L1,G2,13,70%,,,Psychotria macrocarpa,1.5
S19,L1,G2,13,70%,,,Psychotria macrocarpa,2
S19,L1,G2,13,70%,,,Psychotria macrocarpa,0.5
S19,L1,G2,14,69%,1 Net,,Psychotria macrocarpa,1.2
S19,L1,G2,15,75%,,,Psychotria macrocarpa,0.5
S19,L1,G2,15,75%,,,Psychotria macrocarpa,0.4
S18,L1,G2,1,55%,,,Psychotria macrocarpa,3
S18,L1,G2,1,55%,,,Psychotria macrocarpa,4
S18,L1,G2,1,55%,,,Psychotria macrocarpa,2
S18,L1,G2,1,55%,,,Psychotria macrocarpa,0.4
S18,L1,G2,1,55%,,,Psychotria macrocarpa,1.5
S18,L1,G2,1,55%,,,Psychotria macrocarpa,0.4
S18,L1,G2,1,55%,,,Psychotria macrocarpa,3
S18,L1,G2,1,55%,,,Psychotria macrocarpa,4
S18,L1,G2,1,55%,,,Psychotria macrocarpa,4
S18,L1,G2,1,55%,,,Psychotria macrocarpa,5
S18,L1,G2,1,55%,,,Psychotria macrocarpa,1.2
S18,L1,G2,1,55%,,,Psychotria macrocarpa,2
S18,L1,G2,1,55%,,,Psychotria macrocarpa,3.5
S18,L1,G2,1,55%,,,Psychotria macrocarpa,5
S18,L1,G2,1,55%,,,Psychotria macrocarpa,0.5
S18,L1,G2,1,55%,,,Psychotria macrocarpa,0.4
S18,L1,G2,1,55%,,,Psychotria macrocarpa,0.4
S18,L1,G2,1,55%,,,Psychotria macrocarpa,1.8
S18,L1,G2,1,55%,,,Psychotria macrocarpa,1.7
S18,L1,G2,1,55%,,,Psychotria macrocarpa,2
S18,L1,G2,1,55%,,,Psychotria macrocarpa,3
S18,L1,G2,1,55%,,,Psychotria macrocarpa,3.5
S18,L1,G2,1,55%,,,Psychotria macrocarpa,1.9
S18,L1,G2,1,55%,,,Psychotria macrocarpa,5
S18,L1,G2,1,55%,,,Psychotria macrocarpa,3
S18,L1,G2,1,55%,,,Psychotria macrocarpa,2
S18,L1,G2,1,55%,,,Psychotria macrocarpa,1.2
S18,L1,G2,1,55%,,,Psychotria macrocarpa,3
S18,L1,G2,1,55%,,,Psychotria macrocarpa,3
S18,L1,G2,1,55%,,,Psychotria macrocarpa,0.4
S18,L1,G2,1,55%,,,Psychotria macrocarpa,0.5
S18,L1,G2,1,55%,,,Psychotria macrocarpa,4
S18,L1,G2,1,55%,,,Psychotria macrocarpa,3
S18,L1,G2,1,55%,,,Psychotria macrocarpa,1.2
S18,L1,G2,1,55%,,,Psychotria macrocarpa,1.2
S18,L1,G2,1,55%,,,Psychotria macrocarpa,3
S18,L1,G2,1,55%,,,Psychotria macrocarpa,0.5
S18,L1,G2,1,55%,,,Psychotria macrocarpa,3
S18,L1,G2,1,55%,,,Psychotria macrocarpa,0.4
S18,L1,G2,1,55%,,,Psychotria macrocarpa,1.2
S18,L1,G2,1,55%,,,Psychotria macrocarpa,1.2
S18,L1,G2,1,55%,,,Psychotria macrocarpa,3
S18,L1,G2,1,55%,,,Psychotria macrocarpa,1.6
S18,L1,G2,1,55%,,,Psychotria macrocarpa,1.2
S18,L1,G2,1,55%,,,Psychotria macrocarpa,0.4
S18,L1,G2,1,55%,,,Psychotria macrocarpa,1.5
S18,L1,G2,1,55%,,,Psychotria macrocarpa,0.5
S18,L1,G2,1,55%,,,Psychotria macrocarpa,2
S18,L1,G2,1,55%,,,Psychotria macrocarpa,3
S18,L1,G2,2,55%,,,Psychotria macrocarpa,3
S18,L1,G2,2,55%,,,Psychotria macrocarpa,2
S18,L1,G2,2,55%,,,Psychotria macrocarpa,0.4
S18,L1,G2,2,55%,,,Psychotria macrocarpa,0.5
S18,L1,G2,2,55%,,,Psychotria macrocarpa,2
S18,L1,G2,2,55%,,,Psychotria macrocarpa,2
S18,L1,G2,2,55%,,,Psychotria macrocarpa,0.5
S18,L1,G2,2,55%,,,Psychotria macrocarpa,3.6
S18,L1,G2,2,55%,,,Psychotria macrocarpa,3
S18,L1,G2,2,55%,,,Psychotria macrocarpa,3
S18,L1,G2,2,55%,,,Psychotria macrocarpa,0.4
S18,L1,G2,2,55%,,,Psychotria macrocarpa,0.6
S18,L1,G2,2,55%,,,Psychotria macrocarpa,2
S18,L1,G2,2,55%,,,Psychotria macrocarpa,2
S18,L1,G2,2,55%,,,Psychotria macrocarpa,2
S18,L1,G2,2,55%,,,Psychotria macrocarpa,2.3
S18,L1,G2,2,55%,,,Psychotria macrocarpa,1.3
S18,L1,G2,2,55%,,,Psychotria macrocarpa,2
S18,L1,G2,2,55%,,,Psychotria macrocarpa,1.2
S18,L1,G2,2,55%,,,Psychotria macrocarpa,2.5
S18,L1,G2,2,55%,,,Psychotria macrocarpa,2.5
S18,L1,G2,2,55%,,,Psychotria macrocarpa,2.5
S18,L1,G2,2,55%,,,Psychotria macrocarpa,3.6
S18,L1,G2,2,55%,,,Psychotria macrocarpa,4
S18,L1,G2,2,55%,,,Psychotria macrocarpa,3
S18,L1,G2,2,55%,,,Psychotria macrocarpa,1.4
S18,L1,G2,2,55%,,,Psychotria macrocarpa,1.3
S18,L1,G2,2,55%,,,Psychotria macrocarpa,2
S18,L1,G2,2,55%,,,Psychotria macrocarpa,0.4
S18,L1,G2,2,55%,,,Psychotria macrocarpa,0.5
S18,L1,G2,2,55%,,,Psychotria macrocarpa,0.4
S18,L1,G2,2,55%,,,Psychotria macrocarpa,2
S18,L1,G2,2,55%,,,Psychotria macrocarpa,0.9
S18,L1,G2,2,55%,,,Psychotria macrocarpa,5
S18,L1,G2,2,55%,,,Psychotria macrocarpa,4
S18,L1,G2,2,55%,,,Psychotria macrocarpa,0.5
S18,L1,G2,2,55%,,,Psychotria macrocarpa,1.2
S18,L1,G2,2,55%,,,Psychotria macrocarpa,0.5
S18,L1,G2,2,55%,,,Psychotria macrocarpa,0.5
S18,L1,G2,2,55%,,,Psychotria macrocarpa,0.5
S18,L1,G2,2,55%,,,Psychotria macrocarpa,3
S18,L1,G2,2,55%,,,Psychotria macrocarpa,2.2
S18,L1,G2,3,40%,,,Psychotria macrocarpa,0.5
S18,L1,G2,3,40%,,,Psychotria macrocarpa,0.4
S18,L1,G2,3,40%,,,Psychotria macrocarpa,0.4
S18,L1,G2,3,40%,,,Psychotria macrocarpa,4
S18,L1,G2,3,40%,,,Psychotria macrocarpa,4.6
S18,L1,G2,3,40%,,,Psychotria macrocarpa,0.5
S18,L1,G2,3,40%,,,Psychotria macrocarpa,3.5
S18,L1,G2,3,40%,,,Psychotria macrocarpa,2.5
S18,L1,G2,3,40%,,,Psychotria macrocarpa,0.5
S18,L1,G2,3,40%,,,Psychotria macrocarpa,0.4
S18,L1,G2,3,40%,,,Psychotria macrocarpa,2.8
S18,L1,G2,3,40%,,,Psychotria macrocarpa,1.5
S18,L1,G2,3,40%,,,Psychotria macrocarpa,0.4
S18,L1,G2,3,40%,,,Psychotria macrocarpa,1.6
S18,L1,G2,3,40%,,,Psychotria macrocarpa,0.5
S18,L1,G2,3,40%,,,Psychotria macrocarpa,0.5
S18,L1,G2,3,40%,,,Psychotria macrocarpa,0.5
S18,L1,G2,3,40%,,,Psychotria macrocarpa,0.5
S18,L1,G2,3,40%,,,Psychotria macrocarpa,0.5
S18,L1,G2,3,40%,,,Psychotria macrocarpa,3
S18,L1,G2,3,40%,,,Psychotria macrocarpa,0.5
S18,L1,G2,3,40%,,,Psychotria macrocarpa,4.5
S18,L1,G2,3,40%,,,Psychotria macrocarpa,3
S18,L1,G2,3,40%,,,Psychotria macrocarpa,3.4
S18,L1,G2,3,40%,,,Psychotria macrocarpa,3
S18,L1,G2,3,40%,,,Psychotria macrocarpa,3.6
S18,L1,G2,3,40%,,,Psychotria macrocarpa,0.5
S18,L1,G2,3,40%,,,Psychotria macrocarpa,1.5
S18,L1,G2,3,40%,,,Psychotria macrocarpa,3
S18,L1,G2,3,40%,,,Psychotria macrocarpa,3.5
S18,L1,G2,3,40%,,,Psychotria macrocarpa,0.5
S18,L1,G2,3,40%,,,Psychotria macrocarpa,0.5
S18,L1,G2,3,40%,,,Psychotria macrocarpa,0.5
S18,L1,G2,3,40%,,,Psychotria macrocarpa,1.3
S18,L1,G2,3,40%,,,Psychotria macrocarpa,0.9
S18,L1,G2,3,40%,,,Psychotria macrocarpa,1.5
S18,L1,G2,3,40%,,,Psychotria macrocarpa,2
S18,L1,G2,3,40%,,,Psychotria macrocarpa,3
S18,L1,G2,3,40%,,,Psychotria macrocarpa,4.5
S18,L1,G2,3,40%,,,Psychotria macrocarpa,3.5
S18,L1,G2,3,40%,,,Psychotria macrocarpa,2.5
S18,L1,G2,3,40%,,,Psychotria macrocarpa,2.5
S18,L1,G2,3,40%,,,Psychotria macrocarpa,2.4
S18,L1,G2,3,40%,,,Psychotria macrocarpa,1.2
S18,L1,G2,3,40%,,,Psychotria macrocarpa,0.4
S18,L1,G2,3,40%,,,Psychotria macrocarpa,3
S18,L1,G2,3,40%,,,Psychotria macrocarpa,1.2
S18,L1,G2,3,40%,,,Psychotria macrocarpa,1.1
S18,L1,G2,3,40%,,,Psychotria macrocarpa,2.5
S18,L1,G2,3,40%,,,Psychotria macrocarpa,5
S18,L1,G2,3,40%,,,Psychotria macrocarpa,0.5
S18,L1,G2,3,40%,,,Psychotria macrocarpa,1.2
S18,L1,G2,3,40%,,,Psychotria macrocarpa,1.3
S18,L1,G2,3,40%,,,Psychotria macrocarpa,2.5
S18,L1,G2,3,40%,,,Psychotria macrocarpa,3
S18,L1,G2,3,40%,,,Psychotria macrocarpa,2
S18,L1,G2,3,40%,,,Psychotria macrocarpa,3
S18,L1,G2,3,40%,,,Psychotria macrocarpa,3
S18,L1,G2,3,40%,,,Psychotria macrocarpa,1.9
S18,L1,G2,3,40%,,,Psychotria macrocarpa,3.3
S18,L1,G2,3,40%,,,Psychotria macrocarpa,3
S18,L1,G2,3,40%,,,Psychotria macrocarpa,3
S18,L1,G2,3,40%,,,Psychotria macrocarpa,4
S18,L1,G2,3,40%,,,Psychotria macrocarpa,2
S18,L1,G2,3,40%,,,Psychotria macrocarpa,2
S18,L1,G2,3,40%,,,Psychotria macrocarpa,0.4
S18,L1,G2,3,40%,,,Psychotria macrocarpa,3
S18,L1,G2,4,70%,,,Psychotria macrocarpa,3
S18,L1,G2,4,70%,,,Psychotria macrocarpa,1.2
S18,L1,G2,4,70%,,,Psychotria macrocarpa,2
S18,L1,G2,4,70%,,,Psychotria macrocarpa,0.5
S18,L1,G2,4,70%,,,Psychotria macrocarpa,0.5
S18,L1,G2,4,70%,,,Psychotria macrocarpa,0.5
S18,L1,G2,4,70%,,,Psychotria macrocarpa,1.5
S18,L1,G2,4,70%,,,Psychotria macrocarpa,2.6
S18,L1,G2,4,70%,,,Psychotria macrocarpa,4
S18,L1,G2,4,70%,,,Psychotria macrocarpa,3.5
S18,L1,G2,4,70%,,,Psychotria macrocarpa,2.2
S18,L1,G2,4,70%,,,Psychotria macrocarpa,4
S18,L1,G2,4,70%,,,Psychotria macrocarpa,0.5
S18,L1,G2,4,70%,,,Psychotria macrocarpa,0.5
S18,L1,G2,4,70%,,,Psychotria macrocarpa,3.5
S18,L1,G2,4,70%,,,Psychotria macrocarpa,4.5
S18,L1,G2,4,70%,,,Psychotria macrocarpa,0.5
S18,L1,G2,4,70%,,,Psychotria macrocarpa,0.5
S18,L1,G2,4,70%,,,Psychotria macrocarpa,0.5
S18,L1,G2,4,70%,,,Psychotria macrocarpa,3
S18,L1,G2,4,70%,,,Psychotria macrocarpa,2
S18,L1,G2,4,70%,,,Psychotria macrocarpa,4
S18,L1,G2,4,70%,,,Psychotria macrocarpa,1.5
S18,L1,G2,4,70%,,,Psychotria macrocarpa,0.5
S18,L1,G2,4,70%,,,Psychotria macrocarpa,3
S18,L1,G2,4,70%,,,Psychotria macrocarpa,2
S18,L1,G2,4,70%,,,Psychotria macrocarpa,3.5
S18,L1,G2,4,70%,,,Psychotria macrocarpa,3.5
S18,L1,G2,4,70%,,,Psychotria macrocarpa,0.6
S18,L1,G2,4,70%,,,Psychotria macrocarpa,3
S18,L1,G2,4,70%,,,Psychotria macrocarpa,5
S18,L1,G2,4,70%,,,Psychotria macrocarpa,1.5
S18,L1,G2,4,70%,,,Psychotria macrocarpa,1.2
S18,L1,G2,4,70%,,,Psychotria macrocarpa,1.6
S18,L1,G2,4,70%,,,Psychotria macrocarpa,1.3
S18,L1,G2,4,70%,,,Psychotria macrocarpa,5
S18,L1,G2,4,70%,,,Psychotria macrocarpa,3
S18,L1,G2,4,70%,,,Psychotria macrocarpa,0.7
S18,L1,G2,4,70%,,,Psychotria macrocarpa,4
S18,L1,G2,4,70%,,,Psychotria macrocarpa,2
S18,L1,G2,4,70%,,,Psychotria macrocarpa,2.2
S18,L1,G2,4,70%,,,Psychotria macrocarpa,2
S18,L1,G2,5,55%,,0.5 Plot,Psychotria macrocarpa,3
S18,L1,G2,5,55%,,0.5 Plot,Psychotria macrocarpa,2
S18,L1,G2,5,55%,,0.5 Plot,Psychotria macrocarpa,0.7
S18,L1,G2,5,55%,,0.5 Plot,Psychotria macrocarpa,0.9
S18,L1,G2,5,55%,,0.5 Plot,Psychotria macrocarpa,2.6
S18,L1,G2,5,55%,,0.5 Plot,Psychotria macrocarpa,1.3
S18,L1,G2,5,55%,,0.5 Plot,Psychotria macrocarpa,3
S18,L1,G2,5,55%,,0.5 Plot,Psychotria macrocarpa,3
S18,L1,G2,5,55%,,0.5 Plot,Psychotria macrocarpa,3
S18,L1,G2,5,55%,,0.5 Plot,Psychotria macrocarpa,3.5
S18,L1,G2,5,55%,,0.5 Plot,Psychotria macrocarpa,3
S18,L1,G2,5,55%,,0.5 Plot,Psychotria macrocarpa,3
S18,L1,G2,5,55%,,0.5 Plot,Psychotria macrocarpa,3
S18,L1,G2,5,55%,,0.5 Plot,Psychotria macrocarpa,2
S18,L1,G2,5,55%,,0.5 Plot,Psychotria macrocarpa,2
S18,L1,G2,5,55%,,0.5 Plot,Psychotria macrocarpa,1.5
S18,L1,G2,5,55%,,0.5 Plot,Psychotria macrocarpa,1.5
S18,L1,G2,5,55%,,0.5 Plot,Psychotria macrocarpa,3
S18,L1,G2,5,55%,,0.5 Plot,Psychotria macrocarpa,3
S18,L1,G2,5,55%,,0.5 Plot,Psychotria macrocarpa,2.2
S18,L1,G2,5,55%,,0.5 Plot,Psychotria macrocarpa,4
S18,L1,G2,5,55%,,0.5 Plot,Psychotria macrocarpa,2.1
S18,L1,G2,5,55%,,0.5 Plot,Psychotria macrocarpa,4
S18,L1,G2,5,55%,,0.5 Plot,Psychotria macrocarpa,3
S18,L1,G2,5,55%,,0.5 Plot,Psychotria macrocarpa,3
S18,L1,G2,5,55%,,0.5 Plot,Psychotria macrocarpa,3.5
S18,L1,G2,5,55%,,0.5 Plot,Psychotria macrocarpa,3.6
S18,L1,G2,5,55%,,0.5 Plot,Psychotria macrocarpa,2
S18,L1,G2,5,55%,,0.5 Plot,Psychotria macrocarpa,2.5
S18,L1,G2,5,55%,,0.5 Plot,Psychotria macrocarpa,3
S18,L1,G2,5,55%,,0.5 Plot,Psychotria macrocarpa,3
S18,L1,G2,5,55%,,0.5 Plot,Psychotria macrocarpa,4
S18,L1,G2,5,55%,,0.5 Plot,Psychotria macrocarpa,1.2
S18,L1,G2,5,55%,,0.5 Plot,Psychotria macrocarpa,3
S18,L1,G2,5,55%,,0.5 Plot,Psychotria macrocarpa,2
S18,L1,G2,6,55%,1 Net,4 Plots,Psychotria macrocarpa,3
S18,L1,G2,6,55%,1 Net,4 Plots,Psychotria macrocarpa,4
S18,L1,G2,6,55%,1 Net,4 Plots,Psychotria macrocarpa,3
S18,L1,G2,6,55%,1 Net,4 Plots,Psychotria macrocarpa,4
S18,L1,G2,6,55%,1 Net,4 Plots,Psychotria macrocarpa,0.7
S18,L1,G2,6,55%,1 Net,4 Plots,Psychotria macrocarpa,1.5
S18,L1,G2,6,55%,1 Net,4 Plots,Psychotria macrocarpa,5
S18,L1,G2,6,55%,1 Net,4 Plots,Psychotria macrocarpa,4
S18,L1,G2,6,55%,1 Net,4 Plots,Psychotria macrocarpa,2
S18,L1,G2,6,55%,1 Net,4 Plots,Psychotria macrocarpa,2.1
S18,L1,G2,6,55%,1 Net,4 Plots,Psychotria macrocarpa,2
S18,L1,G2,6,55%,1 Net,4 Plots,Psychotria macrocarpa,3
S18,L1,G2,6,55%,1 Net,4 Plots,Psychotria macrocarpa,2.5
S18,L1,G2,6,55%,1 Net,4 Plots,Psychotria macrocarpa,3
S18,L1,G2,6,55%,1 Net,4 Plots,Psychotria macrocarpa,3.5
S18,L1,G2,6,55%,1 Net,4 Plots,Psychotria macrocarpa,0.5
S18,L1,G2,6,55%,1 Net,4 Plots,Psychotria macrocarpa,4
S18,L1,G2,6,55%,1 Net,4 Plots,Psychotria macrocarpa,3.9
S18,L1,G2,6,55%,1 Net,4 Plots,Psychotria macrocarpa,0.7
S18,L1,G2,6,55%,1 Net,4 Plots,Psychotria macrocarpa,5
S18,L1,G2,6,55%,1 Net,4 Plots,Psychotria macrocarpa,3
S18,L1,G2,6,55%,1 Net,4 Plots,Psychotria macrocarpa,2.5
S18,L1,G2,6,55%,1 Net,4 Plots,Psychotria macrocarpa,3
S18,L1,G2,6,55%,1 Net,4 Plots,Psychotria macrocarpa,2.5
S18,L1,G2,6,55%,1 Net,4 Plots,Psychotria macrocarpa,3
S18,L1,G2,6,55%,1 Net,4 Plots,Psychotria macrocarpa,3
S18,L1,G2,6,55%,1 Net,4 Plots,Psychotria macrocarpa,2.5
S18,L1,G2,6,55%,1 Net,4 Plots,Psychotria macrocarpa,2.5
S18,L1,G2,6,55%,1 Net,4 Plots,Psychotria macrocarpa,5
S18,L1,G2,6,55%,1 Net,4 Plots,Psychotria macrocarpa,3
S18,L1,G2,7,60%,,,Psychotria macrocarpa,1.2
S18,L1,G2,7,60%,,,Psychotria macrocarpa,1.2
S18,L1,G2,7,60%,,,Psychotria macrocarpa,1.1
S18,L1,G2,7,60%,,,Psychotria macrocarpa,1.2
S18,L1,G2,7,60%,,,Psychotria macrocarpa,5
S18,L1,G2,7,60%,,,Psychotria macrocarpa,2
S18,L1,G2,7,60%,,,Psychotria macrocarpa,2
S18,L1,G2,7,60%,,,Psychotria macrocarpa,5
S18,L1,G2,7,60%,,,Psychotria macrocarpa,3.7
S18,L1,G2,7,60%,,,Psychotria macrocarpa,2.2
S18,L1,G2,7,60%,,,Psychotria macrocarpa,3.5
S18,L1,G2,7,60%,,,Psychotria macrocarpa,3
S18,L1,G2,7,60%,,,Psychotria macrocarpa,2.5
S18,L1,G2,7,60%,,,Psychotria macrocarpa,0.5
S18,L1,G2,7,60%,,,Psychotria macrocarpa,3
S18,L1,G2,7,60%,,,Psychotria macrocarpa,5
S18,L1,G2,7,60%,,,Psychotria macrocarpa,3
S18,L1,G2,7,60%,,,Psychotria macrocarpa,3
S18,L1,G2,7,60%,,,Psychotria macrocarpa,0.5
S18,L1,G2,7,60%,,,Psychotria macrocarpa,5
S18,L1,G2,7,60%,,,Psychotria macrocarpa,3
S18,L1,G2,7,60%,,,Psychotria macrocarpa,2.5
S18,L1,G2,7,60%,,,Psychotria macrocarpa,3
S18,L1,G2,7,60%,,,Psychotria macrocarpa,3
S18,L1,G2,7,60%,,,Psychotria macrocarpa,0.8
S18,L1,G2,7,60%,,,Psychotria macrocarpa,3
S18,L1,G2,7,60%,,,Psychotria macrocarpa,2
S18,L1,G2,7,60%,,,Psychotria macrocarpa,4
S18,L1,G2,7,60%,,,Psychotria macrocarpa,3
S18,L1,G2,7,60%,,,Psychotria macrocarpa,2
S18,L1,G2,7,60%,,,Psychotria macrocarpa,2.5
S18,L1,G2,7,60%,,,Psychotria macrocarpa,3
S18,L1,G2,7,60%,,,Psychotria macrocarpa,2
S18,L1,G2,7,60%,,,Psychotria macrocarpa,2
S18,L1,G2,7,60%,,,Psychotria macrocarpa,1.2
S18,L1,G2,7,60%,,,Psychotria macrocarpa,1.2
S18,L1,G2,7,60%,,,Psychotria macrocarpa,2
S18,L1,G2,7,60%,,,Psychotria macrocarpa,2
S18,L1,G2,7,60%,,,Psychotria macrocarpa,1.5
S18,L1,G2,7,60%,,,Psychotria macrocarpa,2
S18,L1,G2,7,60%,,,Psychotria macrocarpa,3.6
S18,L1,G2,7,60%,,,Psychotria macrocarpa,3.6
S18,L1,G2,7,60%,,,Psychotria macrocarpa,4.5
S18,L1,G2,7,60%,,,Psychotria macrocarpa,2.5
S18,L1,G2,7,60%,,,Psychotria macrocarpa,2.2
S18,L1,G2,7,60%,,,Psychotria macrocarpa,3
S18,L1,G2,7,60%,,,Psychotria macrocarpa,1.2
S18,L1,G2,7,60%,,,Psychotria macrocarpa,1.5
S18,L1,G2,7,60%,,,Psychotria macrocarpa,1.6
S18,L1,G2,7,60%,,,Psychotria macrocarpa,3.2
S18,L1,G2,8,55%,,,Psychotria macrocarpa,3
S18,L1,G2,8,55%,,,Psychotria macrocarpa,1.1
S18,L1,G2,8,55%,,,Psychotria macrocarpa,3
S18,L1,G2,8,55%,,,Psychotria macrocarpa,3
S18,L1,G2,8,55%,,,Psychotria macrocarpa,3.2
S18,L1,G2,8,55%,,,Psychotria macrocarpa,0.5
S18,L1,G2,8,55%,,,Psychotria macrocarpa,4
S18,L1,G2,8,55%,,,Psychotria macrocarpa,3
S18,L1,G2,8,55%,,,Psychotria macrocarpa,1.1
S18,L1,G2,8,55%,,,Psychotria macrocarpa,4
S18,L1,G2,8,55%,,,Psychotria macrocarpa,1.2
S18,L1,G2,8,55%,,,Psychotria macrocarpa,2.2
S18,L1,G2,8,55%,,,Psychotria macrocarpa,1.5
S18,L1,G2,8,55%,,,Psychotria macrocarpa,3.2
S18,L1,G2,8,55%,,,Psychotria macrocarpa,1.2
S18,L1,G2,8,55%,,,Psychotria macrocarpa,3
S18,L1,G2,8,55%,,,Psychotria macrocarpa,2.6
S18,L1,G2,8,55%,,,Psychotria macrocarpa,2
S18,L1,G2,8,55%,,,Psychotria macrocarpa,4
S18,L1,G2,8,55%,,,Psychotria macrocarpa,5
S18,L1,G2,8,55%,,,Psychotria macrocarpa,3
S18,L1,G2,8,55%,,,Psychotria macrocarpa,3
S18,L1,G2,8,55%,,,Psychotria macrocarpa,3
S18,L1,G2,8,55%,,,Psychotria macrocarpa,5.5
S18,L1,G2,8,55%,,,Psychotria macrocarpa,2
S18,L1,G2,8,55%,,,Psychotria macrocarpa,5
S18,L1,G2,8,55%,,,Psychotria macrocarpa,3
S18,L1,G2,8,55%,,,Psychotria macrocarpa,5
S18,L1,G2,8,55%,,,Psychotria macrocarpa,5
S18,L1,G2,8,55%,,,Psychotria macrocarpa,2
S18,L1,G2,8,55%,,,Psychotria macrocarpa,2.6
S18,L1,G2,8,55%,,,Psychotria macrocarpa,1.1
S18,L1,G2,8,55%,,,Psychotria macrocarpa,3
S18,L1,G2,8,55%,,,Psychotria macrocarpa,2.1
S18,L1,G2,8,55%,,,Psychotria macrocarpa,2.5
S18,L1,G2,8,55%,,,Psychotria macrocarpa,3
S18,L1,G2,8,55%,,,Psychotria macrocarpa,2
S18,L1,G2,8,55%,,,Psychotria macrocarpa,2
S18,L1,G2,8,55%,,,Psychotria macrocarpa,2
S18,L1,G2,8,55%,,,Psychotria macrocarpa,2
S18,L1,G2,8,55%,,,Psychotria macrocarpa,3
S18,L1,G2,8,55%,,,Psychotria macrocarpa,1.5
S18,L1,G2,8,55%,,,Psychotria macrocarpa,2.6
S18,L1,G2,8,55%,,,Psychotria macrocarpa,1.4
S18,L1,G2,8,55%,,,Psychotria macrocarpa,2
S18,L1,G2,8,55%,,,Psychotria macrocarpa,1.3
S18,L1,G2,8,55%,,,Psychotria macrocarpa,2.6
S18,L1,G2,8,55%,,,Psychotria macrocarpa,2
S18,L1,G2,8,55%,,,Psychotria macrocarpa,2
S18,L1,G2,8,55%,,,Psychotria macrocarpa,2
S18,L1,G2,8,55%,,,Psychotria macrocarpa,5
S18,L1,G2,8,55%,,,Psychotria macrocarpa,3.5
S18,L1,G2,8,55%,,,Psychotria macrocarpa,6
S18,L1,G2,8,55%,,,Psychotria macrocarpa,1.1
S18,L1,G2,8,55%,,,Psychotria macrocarpa,2
S18,L1,G2,8,55%,,,Psychotria macrocarpa,3
S18,L1,G2,8,55%,,,Psychotria macrocarpa,3
S18,L1,G2,8,55%,,,Psychotria macrocarpa,3.6
S18,L1,G2,8,55%,,,Psychotria macrocarpa,0.6
S18,L1,G2,8,55%,,,Psychotria macrocarpa,0.6
S18,L1,G2,8,55%,,,Psychotria macrocarpa,0.5
S18,L1,G2,8,55%,,,Psychotria macrocarpa,1.6
S18,L1,G2,8,55%,,,Psychotria macrocarpa,2.2
S18,L1,G2,8,55%,,,Psychotria macrocarpa,1.6
S18,L1,G2,8,55%,,,Psychotria macrocarpa,1.1
S18,L1,G2,8,55%,,,Psychotria macrocarpa,2
S18,L1,G2,8,55%,,,Psychotria macrocarpa,2
S18,L1,G2,8,55%,,,Psychotria macrocarpa,3
S18,L1,G2,9,60%,,,Psychotria macrocarpa,4
S18,L1,G2,9,60%,,,Psychotria macrocarpa,2.5
S18,L1,G2,9,60%,,,Psychotria macrocarpa,2.6
S18,L1,G2,9,60%,,,Psychotria macrocarpa,2
S18,L1,G2,9,60%,,,Psychotria macrocarpa,1.3
S18,L1,G2,9,60%,,,Psychotria macrocarpa,1.4
S18,L1,G2,9,60%,,,Psychotria macrocarpa,3
S18,L1,G2,9,60%,,,Psychotria macrocarpa,1.2
S18,L1,G2,9,60%,,,Psychotria macrocarpa,2.1
S18,L1,G2,9,60%,,,Psychotria macrocarpa,2
S18,L1,G2,9,60%,,,Psychotria macrocarpa,1.5
S18,L1,G2,9,60%,,,Psychotria macrocarpa,2.6
S18,L1,G2,9,60%,,,Psychotria macrocarpa,1.1
S18,L1,G2,9,60%,,,Psychotria macrocarpa,3.3
S18,L1,G2,9,60%,,,Psychotria macrocarpa,3
S18,L1,G2,9,60%,,,Psychotria macrocarpa,1.5
S18,L1,G2,9,60%,,,Psychotria macrocarpa,2
S18,L1,G2,9,60%,,,Psychotria macrocarpa,0.5
S18,L1,G2,9,60%,,,Psychotria macrocarpa,1
S18,L1,G2,9,60%,,,Psychotria macrocarpa,1.3
S18,L1,G2,9,60%,,,Psychotria macrocarpa,2.1
S18,L1,G2,9,60%,,,Psychotria macrocarpa,0.4
S18,L1,G2,9,60%,,,Psychotria macrocarpa,3.5
S18,L1,G2,9,60%,,,Psychotria macrocarpa,3.5
S18,L1,G2,9,60%,,,Psychotria macrocarpa,0.5
S18,L1,G2,9,60%,,,Psychotria macrocarpa,1.2
S18,L1,G2,9,60%,,,Psychotria macrocarpa,0.6
S18,L1,G2,9,60%,,,Psychotria macrocarpa,1.6
S18,L1,G2,9,60%,,,Psychotria macrocarpa,1.6
S18,L1,G2,9,60%,,,Psychotria macrocarpa,1.3
S18,L1,G2,9,60%,,,Psychotria macrocarpa,3
S18,L1,G2,9,60%,,,Psychotria macrocarpa,2.1
S18,L1,G2,9,60%,,,Psychotria macrocarpa,2.9
S18,L1,G2,9,60%,,,Psychotria macrocarpa,2.4
S18,L1,G2,9,60%,,,Psychotria macrocarpa,2.6
S18,L1,G2,9,60%,,,Psychotria macrocarpa,1.4
S18,L1,G2,9,60%,,,Psychotria macrocarpa,1.6
S18,L1,G2,9,60%,,,Psychotria macrocarpa,1.6
S18,L1,G2,9,60%,,,Psychotria macrocarpa,1.6
S18,L1,G2,9,60%,,,Psychotria macrocarpa,1.3
S18,L1,G2,9,60%,,,Psychotria macrocarpa,1.1
S18,L1,G2,9,60%,,,Psychotria macrocarpa,1
S18,L1,G2,9,60%,,,Psychotria macrocarpa,2.2
S18,L1,G2,9,60%,,,Psychotria macrocarpa,1.6
S18,L1,G2,9,60%,,,Psychotria macrocarpa,1.2
S18,L1,G2,9,60%,,,Psychotria macrocarpa,1.2
S18,L1,G2,9,60%,,,Psychotria macrocarpa,2
S18,L1,G2,9,60%,,,Psychotria macrocarpa,4
S18,L1,G2,9,60%,,,Psychotria macrocarpa,0.5
S18,L1,G2,9,60%,,,Psychotria macrocarpa,2
S18,L1,G2,9,60%,,,Psychotria macrocarpa,3
S18,L1,G2,9,60%,,,Psychotria macrocarpa,1.7
S18,L1,G2,9,60%,,,Psychotria macrocarpa,1.7
S18,L1,G2,9,60%,,,Psychotria macrocarpa,2.3
S18,L1,G2,9,60%,,,Psychotria macrocarpa,1.5
S18,L1,G2,10,65%,,,Psychotria macrocarpa,1.1
S18,L1,G2,10,65%,,,Psychotria macrocarpa,1.1
S18,L1,G2,10,65%,,,Psychotria macrocarpa,1.5
S18,L1,G2,10,65%,,,Psychotria macrocarpa,1.3
S18,L1,G2,10,65%,,,Psychotria macrocarpa,2.5
S18,L1,G2,10,65%,,,Psychotria macrocarpa,2.2
S18,L1,G2,10,65%,,,Psychotria macrocarpa,0.5
S18,L1,G2,10,65%,,,Psychotria macrocarpa,1
S18,L1,G2,10,65%,,,Psychotria macrocarpa,2.1
S18,L1,G2,10,65%,,,Psychotria macrocarpa,1.6
S18,L1,G2,10,65%,,,Psychotria macrocarpa,1.3
S18,L1,G2,10,65%,,,Psychotria macrocarpa,1.5
S18,L1,G2,10,65%,,,Psychotria macrocarpa,1.7
S18,L1,G2,10,65%,,,Psychotria macrocarpa,1.4
S18,L1,G2,10,65%,,,Psychotria macrocarpa,1.4
S18,L1,G2,10,65%,,,Psychotria macrocarpa,4.5
S18,L1,G2,10,65%,,,Psychotria macrocarpa,1.7
S18,L1,G2,10,65%,,,Psychotria macrocarpa,1.5
S18,L1,G2,10,65%,,,Psychotria macrocarpa,2
S18,L1,G2,10,65%,,,Psychotria macrocarpa,1
S18,L1,G2,10,65%,,,Psychotria macrocarpa,2
S18,L1,G2,10,65%,,,Psychotria macrocarpa,1.5
S18,L1,G2,10,65%,,,Psychotria macrocarpa,1.4
S18,L1,G2,10,65%,,,Psychotria macrocarpa,1.6
S18,L1,G2,10,65%,,,Psychotria macrocarpa,1.5
S18,L1,G2,10,65%,,,Psychotria macrocarpa,2
S18,L1,G2,10,65%,,,Psychotria macrocarpa,1.4
S18,L1,G2,10,65%,,,Psychotria macrocarpa,1.3
S18,L1,G2,10,65%,,,Psychotria macrocarpa,1.8
S18,L1,G2,10,65%,,,Psychotria macrocarpa,1.4
S18,L1,G2,10,65%,,,Psychotria macrocarpa,1.5
S18,L1,G2,10,65%,,,Psychotria macrocarpa,3
S18,L1,G2,10,65%,,,Psychotria macrocarpa,4.5
S18,L1,G2,10,65%,,,Psychotria macrocarpa,1.5
S18,L1,G2,10,65%,,,Psychotria macrocarpa,1.6
S18,L1,G2,10,65%,,,Psychotria macrocarpa,3
S18,L1,G2,10,65%,,,Psychotria macrocarpa,4
S18,L1,G2,10,65%,,,Psychotria macrocarpa,2
S18,L1,G2,10,65%,,,Psychotria macrocarpa,1.1
S18,L1,G2,10,65%,,,Psychotria macrocarpa,2.7
S18,L1,G2,10,65%,,,Psychotria macrocarpa,2.2
S18,L1,G2,10,65%,,,Psychotria macrocarpa,1.6
S18,L1,G2,10,65%,,,Psychotria macrocarpa,1.2
S18,L1,G2,10,65%,,,Psychotria macrocarpa,5
S18,L1,G2,10,65%,,,Psychotria macrocarpa,1.5
S18,L1,G2,10,65%,,,Psychotria macrocarpa,1.5
S18,L1,G2,10,65%,,,Psychotria macrocarpa,1.1
S18,L1,G2,10,65%,,,Psychotria macrocarpa,1.2
S18,L1,G2,10,65%,,,Psychotria macrocarpa,1.5
S18,L1,G2,10,65%,,,Psychotria macrocarpa,1.6
S18,L1,G2,10,65%,,,Psychotria macrocarpa,1.6
S18,L1,G2,10,65%,,,Psychotria macrocarpa,1.2
S18,L1,G2,10,65%,,,Psychotria macrocarpa,1.2
S18,L1,G2,10,65%,,,Psychotria macrocarpa,3.6
S18,L1,G2,10,65%,,,Psychotria macrocarpa,0.9
S18,L1,G2,10,65%,,,Psychotria macrocarpa,2
S18,L1,G2,10,65%,,,Psychotria macrocarpa,1.6
S18,L1,G2,10,65%,,,Psychotria macrocarpa,1.4
S18,L1,G2,10,65%,,,Psychotria macrocarpa,1.4
S18,L1,G2,10,65%,,,Psychotria macrocarpa,1.2
S18,L1,G2,11,55%,1 Net,,Psychotria macrocarpa,2.1
S18,L1,G2,11,55%,1 Net,,Psychotria macrocarpa,1.3
S18,L1,G2,11,55%,1 Net,,Psychotria macrocarpa,1.6
S18,L1,G2,11,55%,1 Net,,Psychotria macrocarpa,1
S18,L1,G2,11,55%,1 Net,,Psychotria macrocarpa,2.3
S18,L1,G2,11,55%,1 Net,,Psychotria macrocarpa,1.6
S18,L1,G2,11,55%,1 Net,,Psychotria macrocarpa,2
S18,L1,G2,11,55%,1 Net,,Psychotria macrocarpa,1.6
S18,L1,G2,11,55%,1 Net,,Psychotria macrocarpa,1.6
S18,L1,G2,11,55%,1 Net,,Psychotria macrocarpa,2
S18,L1,G2,11,55%,1 Net,,Psychotria macrocarpa,1.3
S18,L1,G2,11,55%,1 Net,,Psychotria macrocarpa,1.2
S18,L1,G2,11,55%,1 Net,,Psychotria macrocarpa,3
S18,L1,G2,11,55%,1 Net,,Psychotria macrocarpa,1.6
S18,L1,G2,11,55%,1 Net,,Psychotria macrocarpa,1.7
S18,L1,G2,11,55%,1 Net,,Psychotria macrocarpa,1.8
S18,L1,G2,11,55%,1 Net,,Psychotria macrocarpa,1.2
S18,L1,G2,11,55%,1 Net,,Psychotria macrocarpa,1.4
S18,L1,G2,11,55%,1 Net,,Psychotria macrocarpa,1.2
S18,L1,G2,11,55%,1 Net,,Psychotria macrocarpa,1.2
S18,L1,G2,11,55%,1 Net,,Psychotria macrocarpa,1.2
S18,L1,G2,11,55%,1 Net,,Psychotria macrocarpa,1.2
S18,L1,G2,11,55%,1 Net,,Psychotria macrocarpa,1.1
S18,L1,G2,11,55%,1 Net,,Psychotria macrocarpa,1.6
S18,L1,G2,11,55%,1 Net,,Psychotria macrocarpa,1.2
S18,L1,G2,11,55%,1 Net,,Psychotria macrocarpa,1.3
S18,L1,G2,11,55%,1 Net,,Psychotria macrocarpa,1.4
S18,L1,G2,11,55%,1 Net,,Psychotria macrocarpa,1.1
S18,L1,G2,11,55%,1 Net,,Psychotria macrocarpa,4.4
S18,L1,G2,11,55%,1 Net,,Psychotria macrocarpa,1.2
S18,L1,G2,11,55%,1 Net,,Psychotria macrocarpa,1.2
S18,L1,G2,11,55%,1 Net,,Psychotria macrocarpa,1.7
S18,L1,G2,11,55%,1 Net,,Psychotria macrocarpa,1.6
S18,L1,G2,11,55%,1 Net,,Psychotria macrocarpa,1.2
S18,L1,G2,12,55%,,,Psychotria macrocarpa,1.2
S18,L1,G2,12,55%,,,Psychotria macrocarpa,1.1
S18,L1,G2,12,55%,,,Psychotria macrocarpa,1.2
S18,L1,G2,12,55%,,,Psychotria macrocarpa,0.7
S18,L1,G2,12,55%,,,Psychotria macrocarpa,0.7
S18,L1,G2,12,55%,,,Psychotria macrocarpa,0.7
S18,L1,G2,12,55%,,,Psychotria macrocarpa,1.6
S18,L1,G2,12,55%,,,Psychotria macrocarpa,0.5
S18,L1,G2,12,55%,,,Psychotria macrocarpa,1.3
S18,L1,G2,12,55%,,,Psychotria macrocarpa,1.6
S18,L1,G2,12,55%,,,Psychotria macrocarpa,1
S18,L1,G2,12,55%,,,Psychotria macrocarpa,1.5
S18,L1,G2,12,55%,,,Psychotria macrocarpa,0.8
S18,L1,G2,12,55%,,,Psychotria macrocarpa,2.2
S18,L1,G2,12,55%,,,Psychotria macrocarpa,1.2
S18,L1,G2,12,55%,,,Psychotria macrocarpa,1.4
S18,L1,G2,12,55%,,,Psychotria macrocarpa,1.5
S18,L1,G2,12,55%,,,Psychotria macrocarpa,0.9
S18,L1,G2,12,55%,,,Psychotria macrocarpa,1.2
S18,L1,G2,12,55%,,,Psychotria macrocarpa,1.2
S18,L1,G2,12,55%,,,Psychotria macrocarpa,3.2
S18,L1,G2,12,55%,,,Psychotria macrocarpa,1.5
S18,L1,G2,12,55%,,,Psychotria macrocarpa,1.2
S18,L1,G2,12,55%,,,Psychotria macrocarpa,1.1
S18,L1,G2,13,57%,,,Psychotria macrocarpa,1.5
S18,L1,G2,13,57%,,,Psychotria macrocarpa,1.4
S18,L1,G2,13,57%,,,Psychotria macrocarpa,1.3
S18,L1,G2,13,57%,,,Psychotria macrocarpa,1.2
S18,L1,G2,13,57%,,,Psychotria macrocarpa,3
S18,L1,G2,13,57%,,,Psychotria macrocarpa,1.5
S18,L1,G2,13,57%,,,Psychotria macrocarpa,1.2
S18,L1,G2,13,57%,,,Psychotria macrocarpa,1.2
S18,L1,G2,13,57%,,,Psychotria macrocarpa,1.1
S18,L1,G2,13,57%,,,Psychotria macrocarpa,1.6
S18,L1,G2,13,57%,,,Psychotria macrocarpa,1.5
S18,L1,G2,13,57%,,,Psychotria macrocarpa,1.6
S18,L1,G2,13,57%,,,Psychotria macrocarpa,3
S18,L1,G2,13,57%,,,Psychotria macrocarpa,2.7
S18,L1,G2,13,57%,,,Psychotria macrocarpa,1.3
S18,L1,G2,13,57%,,,Psychotria macrocarpa,1.2
S18,L1,G2,13,57%,,,Psychotria macrocarpa,1.3
S18,L1,G2,13,57%,,,Psychotria macrocarpa,1.3
S18,L1,G2,13,57%,,,Psychotria macrocarpa,1.1
S18,L1,G2,13,57%,,,Psychotria macrocarpa,1.3
S18,L1,G2,13,57%,,,Psychotria macrocarpa,1.2
S18,L1,G2,13,57%,,,Psychotria macrocarpa,1.3
S18,L1,G2,13,57%,,,Psychotria macrocarpa,0.8
S18,L1,G2,13,57%,,,Psychotria macrocarpa,1.3
S18,L1,G2,13,57%,,,Psychotria macrocarpa,1.4
S18,L1,G2,13,57%,,,Psychotria macrocarpa,1.3
S18,L1,G2,13,57%,,,Psychotria macrocarpa,2.6
S18,L1,G2,13,57%,,,Psychotria macrocarpa,1.2
S18,L1,G2,13,57%,,,Psychotria macrocarpa,1.2
S18,L1,G2,13,57%,,,Psychotria macrocarpa,4
S18,L1,G2,13,57%,,,Psychotria macrocarpa,1.2
S18,L1,G2,13,57%,,,Psychotria macrocarpa,2
S18,L1,G2,13,57%,,,Psychotria macrocarpa,1.4
S18,L1,G2,14,60%,,,Psychotria macrocarpa,1.2
S18,L1,G2,14,60%,,,Psychotria macrocarpa,1.3
S18,L1,G2,14,60%,,,Psychotria macrocarpa,2.2
S18,L1,G2,14,60%,,,Psychotria macrocarpa,1.2
S18,L1,G2,14,60%,,,Psychotria macrocarpa,1.1
S18,L1,G2,14,60%,,,Psychotria macrocarpa,0.8
S18,L1,G2,14,60%,,,Psychotria macrocarpa,1.1
S18,L1,G2,14,60%,,,Psychotria macrocarpa,0.4
S18,L1,G2,14,60%,,,Psychotria macrocarpa,1.2
S18,L1,G2,14,60%,,,Psychotria macrocarpa,1.2
S18,L1,G2,14,60%,,,Psychotria macrocarpa,0.5
S18,L1,G2,14,60%,,,Psychotria macrocarpa,1.2
S18,L1,G2,14,60%,,,Psychotria macrocarpa,1
S18,L1,G2,14,60%,,,Psychotria macrocarpa,0.8
S18,L1,G2,14,60%,,,Psychotria macrocarpa,1.6
S18,L1,G2,14,60%,,,Psychotria macrocarpa,1.2
S18,L1,G2,14,60%,,,Psychotria macrocarpa,0.7
S18,L1,G2,14,60%,,,Psychotria macrocarpa,1.2
S18,L1,G2,14,60%,,,Psychotria macrocarpa,0.8
S18,L1,G2,14,60%,,,Psychotria macrocarpa,1.2
S18,L1,G2,14,60%,,,Psychotria macrocarpa,1
S18,L1,G2,14,60%,,,Psychotria macrocarpa,1
S18,L1,G2,14,60%,,,Psychotria macrocarpa,1.2
S18,L1,G2,14,60%,,,Psychotria macrocarpa,1.2
S18,L1,G2,14,60%,,,Psychotria macrocarpa,1.2
S18,L1,G2,14,60%,,,Psychotria macrocarpa,0.7
S18,L1,G2,14,60%,,,Psychotria macrocarpa,0.7
S18,L1,G2,14,60%,,,Psychotria macrocarpa,0.9
S18,L1,G2,14,60%,,,Psychotria macrocarpa,1.7
S18,L1,G2,14,60%,,,Psychotria macrocarpa,2.2
S18,L1,G2,14,60%,,,Psychotria macrocarpa,1.2
S18,L1,G2,14,60%,,,Psychotria macrocarpa,1.3
S18,L1,G2,14,60%,,,Psychotria macrocarpa,1.2
S18,L1,G2,15,60%,,,Psychotria macrocarpa,1.3
S18,L1,G2,15,60%,,,Psychotria macrocarpa,2
S18,L1,G2,15,60%,,,Psychotria macrocarpa,1.7
S18,L1,G2,15,60%,,,Psychotria macrocarpa,1.3
S18,L1,G2,15,60%,,,Psychotria macrocarpa,0.8
S18,L1,G2,15,60%,,,Psychotria macrocarpa,1.4
S18,L1,G2,15,60%,,,Psychotria macrocarpa,0.4
S18,L1,G2,15,60%,,,Psychotria macrocarpa,0.9
S18,L1,G2,15,60%,,,Psychotria macrocarpa,0.9
S18,L1,G2,15,60%,,,Psychotria macrocarpa,1.2
S18,L1,G2,15,60%,,,Psychotria macrocarpa,1.3
S18,L1,G2,15,60%,,,Psychotria macrocarpa,1.2
S18,L1,G2,15,60%,,,Psychotria macrocarpa,0.5
S18,L1,G2,15,60%,,,Psychotria macrocarpa,0.5
S18,L1,G2,15,60%,,,Psychotria macrocarpa,1.5
S18,L1,G2,15,60%,,,Psychotria macrocarpa,1.3
S18,L1,G2,15,60%,,,Psychotria macrocarpa,1.3
S18,L1,G2,15,60%,,,Psychotria macrocarpa,1
S18,L1,G2,15,60%,,,Psychotria macrocarpa,0.7
S18,L1,G2,15,60%,,,Psychotria macrocarpa,1.2
S18,L1,G2,15,60%,,,Psychotria macrocarpa,1.3
S18,L1,G2,15,60%,,,Psychotria macrocarpa,1.2
S18,L1,G2,15,60%,,,Psychotria macrocarpa,0.7
S18,L1,G2,15,60%,,,Psychotria macrocarpa,0.7
S18,L1,G2,15,60%,,,Psychotria macrocarpa,1
S18,L1,G2,16,65%,,,Psychotria macrocarpa,0.8
S18,L1,G2,16,65%,,,Psychotria macrocarpa,0.6
S18,L1,G2,16,65%,,,Psychotria macrocarpa,0.6
S18,L1,G2,16,65%,,,Psychotria macrocarpa,0.6
S18,L1,G2,16,65%,,,Psychotria macrocarpa,1.2
S18,L1,G2,16,65%,,,Psychotria macrocarpa,2.3
S18,L1,G2,16,65%,,,Psychotria macrocarpa,1.5
S18,L1,G2,16,65%,,,Psychotria macrocarpa,2.2
S18,L1,G2,16,65%,,,Psychotria macrocarpa,1.3
S18,L1,G2,16,65%,,,Psychotria macrocarpa,0.7
S18,L1,G2,16,65%,,,Psychotria macrocarpa,1.2
S18,L1,G2,16,65%,,,Psychotria macrocarpa,2.3
S18,L1,G2,16,65%,,,Psychotria macrocarpa,1.7
S18,L1,G2,16,65%,,,Psychotria macrocarpa,1.7
S18,L1,G2,16,65%,,,Psychotria macrocarpa,1.5
S18,L1,G2,16,65%,,,Psychotria macrocarpa,2
S18,L1,G2,16,65%,,,Psychotria macrocarpa,1.6
S18,L1,G2,16,65%,,,Psychotria macrocarpa,1.6
S18,L1,G2,16,65%,,,Psychotria macrocarpa,1
S18,L1,G2,16,65%,,,Psychotria macrocarpa,1.6
S18,L1,G2,16,65%,,,Psychotria macrocarpa,1.6
S18,L1,G2,16,65%,,,Psychotria macrocarpa,2.3
S18,L1,G2,16,65%,,,Psychotria macrocarpa,1
S12,L2,G3,1,75%,1 Net,,Psychotria macrocarpa,4
S12,L2,G3,1,75%,1 Net,,Psychotria macrocarpa,3
S12,L2,G3,1,75%,1 Net,,Psychotria macrocarpa,5
S12,L2,G3,1,75%,1 Net,,Psychotria macrocarpa,3
S12,L2,G3,1,75%,1 Net,,Psychotria macrocarpa,3
S12,L2,G3,1,75%,1 Net,,Psychotria macrocarpa,3
S12,L2,G3,1,75%,1 Net,,Psychotria macrocarpa,3
S12,L2,G3,1,75%,1 Net,,Psychotria macrocarpa,6
S12,L2,G3,1,75%,1 Net,,Psychotria macrocarpa,8
S12,L2,G3,1,75%,1 Net,,Psychotria macrocarpa,0.5
S12,L2,G3,1,75%,1 Net,,Psychotria macrocarpa,1.5
S12,L2,G3,2,75%,,,Psychotria macrocarpa,1.2
S12,L2,G3,2,75%,,,Psychotria macrocarpa,3.5
S12,L2,G3,2,75%,,,Psychotria macrocarpa,0.5
S12,L2,G3,3,70%,,,Psychotria macrocarpa,4
S12,L2,G3,3,70%,,,Psychotria macrocarpa,1.5
S12,L2,G3,3,70%,,,Psychotria macrocarpa,4
S12,L2,G3,4,75%,,,Psychotria macrocarpa,5
S12,L2,G3,4,75%,,,Psychotria macrocarpa,2
S12,L2,G3,4,75%,,,Psychotria macrocarpa,4
S12,L2,G3,4,75%,,,Psychotria macrocarpa,5
S12,L2,G3,4,75%,,,Psychotria macrocarpa,6
S12,L2,G3,4,75%,,,Psychotria macrocarpa,4
S12,L2,G3,4,75%,,,Psychotria macrocarpa,1.2
S12,L2,G3,4,75%,,,Psychotria macrocarpa,3
S12,L2,G3,4,75%,,,Psychotria macrocarpa,4
S12,L2,G3,5,77%,,,Psychotria macrocarpa,6
S12,L2,G3,5,77%,,,Psychotria macrocarpa,1.1
S12,L2,G3,5,77%,,,Psychotria macrocarpa,3
S12,L2,G3,5,77%,,,Psychotria macrocarpa,1.2
S12,L2,G3,5,77%,,,Psychotria macrocarpa,4
S12,L2,G3,5,77%,,,Psychotria macrocarpa,4
S12,L2,G3,5,77%,,,Psychotria macrocarpa,2
S12,L2,G3,5,77%,,,Psychotria macrocarpa,4
S12,L2,G3,5,77%,,,Psychotria macrocarpa,2
S12,L2,G3,5,77%,,,Psychotria macrocarpa,2
S12,L2,G3,6,70%,,,Psychotria macrocarpa,3
S12,L2,G3,6,70%,,,Psychotria macrocarpa,4
S12,L2,G3,6,70%,,,Psychotria macrocarpa,4
S12,L2,G3,6,70%,,,Psychotria macrocarpa,3
S12,L2,G3,6,70%,,,Psychotria macrocarpa,3
S12,L2,G3,7,70%,,,Psychotria macrocarpa,3
S12,L2,G3,7,70%,,,Psychotria macrocarpa,1.6
S12,L2,G3,7,70%,,,Psychotria macrocarpa,5
S12,L2,G3,7,70%,,,Psychotria macrocarpa,3
S12,L2,G3,8,80%,,,Psychotria macrocarpa,1.5
S12,L2,G3,8,80%,,,Psychotria macrocarpa,2
S12,L2,G3,8,80%,,,Psychotria macrocarpa,4
S12,L2,G3,8,80%,,,Psychotria macrocarpa,3
S12,L2,G3,8,80%,,,Psychotria macrocarpa,4
S12,L2,G3,8,80%,,,Psychotria macrocarpa,1.2
S12,L2,G3,8,80%,,,Psychotria macrocarpa,4
S12,L2,G3,8,80%,,,Psychotria macrocarpa,3
S12,L2,G3,8,80%,,,Psychotria macrocarpa,2
S12,L2,G3,9,75%,,,Psychotria macrocarpa,3
S12,L2,G3,9,75%,,,Psychotria macrocarpa,4
S12,L2,G3,9,75%,,,Psychotria macrocarpa,3.5
S12,L2,G3,9,75%,,,Psychotria macrocarpa,4
S12,L2,G3,10,70%,,,Psychotria macrocarpa,3
S12,L2,G3,10,70%,,,Psychotria macrocarpa,3
S12,L2,G3,10,70%,,,Psychotria macrocarpa,3
S12,L2,G3,10,70%,,,Psychotria macrocarpa,1.1
S12,L2,G3,10,70%,,,Psychotria macrocarpa,3
S12,L2,G3,10,70%,,,Psychotria macrocarpa,3
S12,L2,G3,11,85%,,,Psychotria macrocarpa,1.6
S12,L2,G3,11,85%,,,Psychotria macrocarpa,1.6
S12,L2,G3,11,85%,,,Psychotria macrocarpa,3
S12,L2,G3,11,85%,,,Psychotria macrocarpa,3
S12,L2,G3,11,85%,,,Psychotria macrocarpa,4
S12,L2,G3,11,85%,,,Psychotria macrocarpa,2
S12,L2,G3,11,85%,,,Psychotria macrocarpa,2
S12,L2,G3,11,85%,,,Psychotria macrocarpa,2
S12,L2,G3,11,85%,,,Psychotria macrocarpa,2
S12,L2,G3,12,78%,1 Net,,Psychotria macrocarpa,4
S12,L2,G3,12,78%,1 Net,,Psychotria macrocarpa,4
S12,L2,G3,12,78%,1 Net,,Psychotria macrocarpa,1.2
S12,L2,G3,12,78%,1 Net,,Psychotria macrocarpa,4
S12,L2,G3,12,78%,1 Net,,Psychotria macrocarpa,4
S12,L2,G3,12,78%,1 Net,,Psychotria macrocarpa,3.5
S12,L2,G3,13,70%,,,Psychotria macrocarpa,3
S12,L2,G3,15,80%,,,Psychotria macrocarpa,1.2
S12,L2,G3,15,80%,,,Psychotria macrocarpa,2
S12,L2,G3,16,78%,,,Psychotria macrocarpa,4
S12,L2,G3,16,78%,,,Psychotria macrocarpa,1.9
S3,L1,G2,1,60%,,,Psychotria macrocarpa,1.2
S3,L1,G2,1,60%,,,Psychotria macrocarpa,0.5
S3,L1,G2,1,60%,,,Psychotria macrocarpa,0.5
S3,L1,G2,1,60%,,,Psychotria macrocarpa,0.5
S3,L1,G2,1,60%,,,Psychotria macrocarpa,0.5
S3,L1,G2,1,60%,,,Psychotria macrocarpa,0.5
S3,L1,G2,1,60%,,,Psychotria macrocarpa,0.5
S3,L1,G2,1,60%,,,Psychotria macrocarpa,0.4
S3,L1,G2,1,60%,,,Psychotria macrocarpa,0.5
S3,L1,G2,1,60%,,,Psychotria macrocarpa,0.5
S3,L1,G2,1,60%,,,Psychotria macrocarpa,4
S3,L1,G2,1,60%,,,Psychotria macrocarpa,3
S3,L1,G2,2,78%,,,Psychotria macrocarpa,5
S3,L1,G2,2,78%,,,Psychotria macrocarpa,1.3
S3,L1,G2,2,78%,,,Psychotria macrocarpa,1.2
S3,L1,G2,2,78%,,,Psychotria macrocarpa,1.2
S3,L1,G2,2,78%,,,Psychotria macrocarpa,1.5
S3,L1,G2,2,78%,,,Psychotria macrocarpa,0.5
S3,L1,G2,2,78%,,,Psychotria macrocarpa,1.1
S3,L1,G2,2,78%,,,Psychotria macrocarpa,0.5
S3,L1,G2,2,78%,,,Psychotria macrocarpa,3
S3,L1,G2,2,78%,,,Psychotria macrocarpa,1.2
S3,L1,G2,3,60%,,,Psychotria macrocarpa,0.5
S3,L1,G2,3,60%,,,Psychotria macrocarpa,0.5
S3,L1,G2,3,60%,,,Psychotria macrocarpa,0.5
S3,L1,G2,3,60%,,,Psychotria macrocarpa,0.5
S3,L1,G2,3,60%,,,Psychotria macrocarpa,0.5
S3,L1,G2,4,75%,,,Psychotria macrocarpa,0.5
S3,L1,G2,4,75%,,,Psychotria macrocarpa,0.5
S3,L1,G2,5,65%,,,Psychotria macrocarpa,1.5
S3,L1,G2,5,65%,,,Psychotria macrocarpa,0.5
S3,L1,G2,6,76%,,,Psychotria macrocarpa,2
S3,L1,G2,6,76%,,,Psychotria macrocarpa,0.5
S3,L1,G2,6,76%,,,Psychotria macrocarpa,6
S3,L1,G2,9,75%,,,Psychotria macrocarpa,1.6
S3,L1,G2,11,75%,,,Psychotria macrocarpa,1.3
S3,L1,G2,11,75%,,,Psychotria macrocarpa,5
S3,L1,G2,13,68%,,,Psychotria macrocarpa,1.5
S3,L1,G2,16,80%,,,Psychotria macrocarpa,2
S2,L1,G2,1,80%,,,Psychotria macrocarpa,3
S2,L1,G2,1,80%,,,Psychotria macrocarpa,4
S2,L1,G2,1,80%,,,Psychotria macrocarpa,3
S2,L1,G2,1,80%,,,Psychotria macrocarpa,3
S2,L1,G2,1,80%,,,Psychotria macrocarpa,4
S2,L1,G2,2,79%,,,Psychotria macrocarpa,3
S2,L1,G2,4,75%,,,Psychotria macrocarpa,3
S2,L1,G2,6,79%,,,Psychotria macrocarpa,3
S2,L1,G2,6,79%,,,Psychotria macrocarpa,3
S2,L1,G2,7,69%,,,Psychotria macrocarpa,1.2
S2,L1,G2,8,80%,,,Psychotria macrocarpa,3
S2,L1,G2,8,80%,,,Psychotria macrocarpa,1.6
S2,L1,G2,8,80%,,,Psychotria macrocarpa,1.5
S2,L1,G2,9,80%,,,Psychotria macrocarpa,2
S2,L1,G2,9,80%,,,Psychotria macrocarpa,2
S2,L1,G2,9,80%,,,Psychotria macrocarpa,4
S2,L1,G2,9,80%,,,Psychotria macrocarpa,3
S2,L1,G2,9,80%,,,Psychotria macrocarpa,3
S2,L1,G2,9,80%,,,Psychotria macrocarpa,1.2
S2,L1,G2,9,80%,,,Psychotria macrocarpa,3
S2,L1,G2,10,75%,,,Psychotria macrocarpa,2
S2,L1,G2,10,75%,,,Psychotria macrocarpa,2
S2,L1,G2,10,75%,,,Psychotria macrocarpa,3
S2,L1,G2,11,75%,,,Psychotria macrocarpa,3
S2,L1,G2,11,75%,,,Psychotria macrocarpa,2
S2,L1,G2,12,60%,,,Psychotria macrocarpa,3
S2,L1,G2,12,60%,,,Psychotria macrocarpa,3
S2,L1,G2,13,65%,,,Psychotria macrocarpa,3
S2,L1,G2,13,65%,,,Psychotria macrocarpa,3
S2,L1,G2,16,80%,,,Psychotria macrocarpa,3
S2,L1,G2,16,80%,,,Psychotria macrocarpa,3
S2,L1,G2,16,80%,,,Psychotria macrocarpa,2
S2,L1,G2,16,80%,,,Psychotria macrocarpa,2
S5,L2,G2,1,60%,,,Psychotria macrocarpa,0.6
S5,L2,G2,1,60%,,,Psychotria macrocarpa,0.7
S5,L2,G2,1,60%,,,Psychotria macrocarpa,0.9
S5,L2,G2,1,60%,,,Psychotria macrocarpa,1
S5,L2,G2,2,75%,,,Psychotria macrocarpa,2.6
S5,L2,G2,2,75%,,,Psychotria macrocarpa,2.5
S5,L2,G2,2,75%,,,Psychotria macrocarpa,1.6
S5,L2,G2,3,68%,,,Psychotria macrocarpa,1.7
S5,L2,G2,3,68%,,,Psychotria macrocarpa,1.7
S5,L2,G2,3,68%,,,Psychotria macrocarpa,1.3
S5,L2,G2,4,80%,,,Psychotria macrocarpa,4
S5,L2,G2,4,80%,,,Psychotria macrocarpa,4.5
S5,L2,G2,4,80%,,,Psychotria macrocarpa,4
S5,L2,G2,6,76%,,,Psychotria macrocarpa,0.5
S5,L2,G2,6,76%,,,Psychotria macrocarpa,3
S5,L2,G2,6,76%,,,Psychotria macrocarpa,2.5
S5,L2,G2,7,80%,,,Psychotria macrocarpa,2
S5,L2,G2,7,80%,,,Psychotria macrocarpa,2
S5,L2,G2,7,80%,,,Psychotria macrocarpa,3
S5,L2,G2,7,80%,,,Psychotria macrocarpa,5
S5,L2,G2,8,75%,,,Psychotria macrocarpa,0.9
S5,L2,G2,8,75%,,,Psychotria macrocarpa,0.7
S5,L2,G2,8,75%,,,Psychotria macrocarpa,3
S5,L2,G2,8,75%,,,Psychotria macrocarpa,2.3
S5,L2,G2,8,75%,,,Psychotria macrocarpa,0.9
S5,L2,G2,10,69%,,,Psychotria macrocarpa,21
S5,L2,G2,10,69%,,,Psychotria macrocarpa,11.5
S5,L2,G2,10,69%,,,Psychotria macrocarpa,7
S5,L2,G2,16,75%,,,Psychotria macrocarpa,3
S5,L2,G2,16,75%,,,Psychotria macrocarpa,3.2
S5,L2,G2,16,75%,,,Psychotria macrocarpa,6
S5,L2,G2,16,75%,,,Psychotria macrocarpa,4
S5,L2,G2,16,75%,,,Psychotria macrocarpa,3.5
S8,L1,G2,1,70%,,,Psychotria macrocarpa,3
S8,L1,G2,1,70%,,,Psychotria macrocarpa,4
S8,L1,G2,1,70%,,,Psychotria macrocarpa,3
S8,L1,G2,1,70%,,,Psychotria macrocarpa,2
S8,L1,G2,1,70%,,,Psychotria macrocarpa,2
S8,L1,G2,1,70%,,,Psychotria macrocarpa,5
S8,L1,G2,1,70%,,,Psychotria macrocarpa,0.5
S8,L1,G2,1,70%,,,Psychotria macrocarpa,3
S8,L1,G2,1,70%,,,Psychotria macrocarpa,3
S8,L1,G2,1,70%,,,Psychotria macrocarpa,1.2
S8,L1,G2,1,70%,,,Psychotria macrocarpa,6
S8,L1,G2,1,70%,,,Psychotria macrocarpa,2
S8,L1,G2,1,70%,,,Psychotria macrocarpa,4
S8,L1,G2,1,70%,,,Psychotria macrocarpa,4
S8,L1,G2,1,70%,,,Psychotria macrocarpa,5
S8,L1,G2,1,70%,,,Psychotria macrocarpa,1.2
S8,L1,G2,1,70%,,,Psychotria macrocarpa,0.5
S8,L1,G2,1,70%,,,Psychotria macrocarpa,3
S8,L1,G2,1,70%,,,Psychotria macrocarpa,0.6
S8,L1,G2,1,70%,,,Psychotria macrocarpa,4
S8,L1,G2,1,70%,,,Psychotria macrocarpa,2
S8,L1,G2,1,70%,,,Psychotria macrocarpa,1.2
S8,L1,G2,2,65%,,,Psychotria macrocarpa,2
S8,L1,G2,2,65%,,,Psychotria macrocarpa,0.6
S8,L1,G2,2,65%,,,Psychotria macrocarpa,2
S8,L1,G2,2,65%,,,Psychotria macrocarpa,2
S8,L1,G2,2,65%,,,Psychotria macrocarpa,1.2
S8,L1,G2,2,65%,,,Psychotria macrocarpa,0.6
S8,L1,G2,2,65%,,,Psychotria macrocarpa,1.2
S8,L1,G2,2,65%,,,Psychotria macrocarpa,0.5
S8,L1,G2,2,65%,,,Psychotria macrocarpa,1.2
S8,L1,G2,2,65%,,,Psychotria macrocarpa,0.6
S8,L1,G2,2,65%,,,Psychotria macrocarpa,1.2
S8,L1,G2,2,65%,,,Psychotria macrocarpa,0.6
S8,L1,G2,2,65%,,,Psychotria macrocarpa,1.3
S8,L1,G2,2,65%,,,Psychotria macrocarpa,0.5
S8,L1,G2,2,65%,,,Psychotria macrocarpa,1.5
S8,L1,G2,2,65%,,,Psychotria macrocarpa,2
S8,L1,G2,2,65%,,,Psychotria macrocarpa,0.5
S8,L1,G2,2,65%,,,Psychotria macrocarpa,0.9
S8,L1,G2,2,65%,,,Psychotria macrocarpa,0.5
S8,L1,G2,2,65%,,,Psychotria macrocarpa,0.4
S8,L1,G2,2,65%,,,Psychotria macrocarpa,3
S8,L1,G2,2,65%,,,Psychotria macrocarpa,2
S8,L1,G2,2,65%,,,Psychotria macrocarpa,0.5
S8,L1,G2,2,65%,,,Psychotria macrocarpa,1.2
S8,L1,G2,2,65%,,,Psychotria macrocarpa,1.2
S8,L1,G2,2,65%,,,Psychotria macrocarpa,2
S8,L1,G2,2,65%,,,Psychotria macrocarpa,2
S8,L1,G2,2,65%,,,Psychotria macrocarpa,2
S8,L1,G2,3,60%,,,Psychotria macrocarpa,3
S8,L1,G2,3,60%,,,Psychotria macrocarpa,0.5
S8,L1,G2,3,60%,,,Psychotria macrocarpa,1.3
S8,L1,G2,3,60%,,,Psychotria macrocarpa,3
S8,L1,G2,3,60%,,,Psychotria macrocarpa,4
S8,L1,G2,3,60%,,,Psychotria macrocarpa,2
S8,L1,G2,3,60%,,,Psychotria macrocarpa,3
S8,L1,G2,3,60%,,,Psychotria macrocarpa,2
S8,L1,G2,3,60%,,,Psychotria macrocarpa,5
S8,L1,G2,3,60%,,,Psychotria macrocarpa,2
S8,L1,G2,3,60%,,,Psychotria macrocarpa,4
S8,L1,G2,3,60%,,,Psychotria macrocarpa,0.5
S8,L1,G2,3,60%,,,Psychotria macrocarpa,0.5
S8,L1,G2,3,60%,,,Psychotria macrocarpa,0.5
S8,L1,G2,3,60%,,,Psychotria macrocarpa,1.2
S8,L1,G2,3,60%,,,Psychotria macrocarpa,1.2
S8,L1,G2,3,60%,,,Psychotria macrocarpa,2
S8,L1,G2,3,60%,,,Psychotria macrocarpa,3
S8,L1,G2,3,60%,,,Psychotria macrocarpa,4
S8,L1,G2,3,60%,,,Psychotria macrocarpa,1.3
S8,L1,G2,3,60%,,,Psychotria macrocarpa,0.5
S8,L1,G2,3,60%,,,Psychotria macrocarpa,2
S8,L1,G2,3,60%,,,Psychotria macrocarpa,3
S8,L1,G2,4,60%,,,Psychotria macrocarpa,2
S8,L1,G2,4,60%,,,Psychotria macrocarpa,0.5
S8,L1,G2,4,60%,,,Psychotria macrocarpa,2
S8,L1,G2,4,60%,,,Psychotria macrocarpa,3
S8,L1,G2,4,60%,,,Psychotria macrocarpa,0.9
S8,L1,G2,4,60%,,,Psychotria macrocarpa,2
S8,L1,G2,4,60%,,,Psychotria macrocarpa,5
S8,L1,G2,4,60%,,,Psychotria macrocarpa,4
S8,L1,G2,4,60%,,,Psychotria macrocarpa,2
S8,L1,G2,4,60%,,,Psychotria macrocarpa,1.3
S8,L1,G2,4,60%,,,Psychotria macrocarpa,4
S8,L1,G2,4,60%,,,Psychotria macrocarpa,2
S8,L1,G2,4,60%,,,Psychotria macrocarpa,4
S8,L1,G2,4,60%,,,Psychotria macrocarpa,2
S8,L1,G2,4,60%,,,Psychotria macrocarpa,3
S8,L1,G2,4,60%,,,Psychotria macrocarpa,3
S8,L1,G2,4,60%,,,Psychotria macrocarpa,2
S8,L1,G2,4,60%,,,Psychotria macrocarpa,3
S8,L1,G2,4,60%,,,Psychotria macrocarpa,5
S8,L1,G2,4,60%,,,Psychotria macrocarpa,2
S8,L1,G2,4,60%,,,Psychotria macrocarpa,2
S8,L1,G2,4,60%,,,Psychotria macrocarpa,4
S8,L1,G2,4,60%,,,Psychotria macrocarpa,3
S8,L1,G2,4,60%,,,Psychotria macrocarpa,2
S8,L1,G2,4,60%,,,Psychotria macrocarpa,1.1
S8,L1,G2,4,60%,,,Psychotria macrocarpa,0.5
S8,L1,G2,4,60%,,,Psychotria macrocarpa,3
S8,L1,G2,4,60%,,,Psychotria macrocarpa,2
S8,L1,G2,4,60%,,,Psychotria macrocarpa,1.9
S8,L1,G2,4,60%,,,Psychotria macrocarpa,1.3
S8,L1,G2,4,60%,,,Psychotria macrocarpa,2
S8,L1,G2,4,60%,,,Psychotria macrocarpa,5
S8,L1,G2,4,60%,,,Psychotria macrocarpa,1.5
S8,L1,G2,4,60%,,,Psychotria macrocarpa,1.5
S8,L1,G2,4,60%,,,Psychotria macrocarpa,2
S8,L1,G2,4,60%,,,Psychotria macrocarpa,2
S8,L1,G2,5,65%,,,Psychotria macrocarpa,0.5
S8,L1,G2,5,65%,,,Psychotria macrocarpa,2
S8,L1,G2,5,65%,,,Psychotria macrocarpa,1.5
S8,L1,G2,5,65%,,,Psychotria macrocarpa,1.9
S8,L1,G2,5,65%,,,Psychotria macrocarpa,2
S8,L1,G2,5,65%,,,Psychotria macrocarpa,3
S8,L1,G2,5,65%,,,Psychotria macrocarpa,1.2
S8,L1,G2,5,65%,,,Psychotria macrocarpa,2
S8,L1,G2,6,75%,,,Psychotria macrocarpa,1.3
S8,L1,G2,6,75%,,,Psychotria macrocarpa,1.3
S8,L1,G2,6,75%,,,Psychotria macrocarpa,3
S8,L1,G2,6,75%,,,Psychotria macrocarpa,3
S8,L1,G2,6,75%,,,Psychotria macrocarpa,0.5
S8,L1,G2,6,75%,,,Psychotria macrocarpa,1.3
S8,L1,G2,6,75%,,,Psychotria macrocarpa,2
S8,L1,G2,6,75%,,,Psychotria macrocarpa,1.3
S8,L1,G2,6,75%,,,Psychotria macrocarpa,1.2
S8,L1,G2,6,75%,,,Psychotria macrocarpa,1.1
S8,L1,G2,6,75%,,,Psychotria macrocarpa,2
S8,L1,G2,6,75%,,,Psychotria macrocarpa,1.2
S8,L1,G2,6,75%,,,Psychotria macrocarpa,2
S8,L1,G2,6,75%,,,Psychotria macrocarpa,2
S8,L1,G2,6,75%,,,Psychotria macrocarpa,2
S8,L1,G2,6,75%,,,Psychotria macrocarpa,0.9
S8,L1,G2,6,75%,,,Psychotria macrocarpa,3
S8,L1,G2,7,70%,,,Psychotria macrocarpa,3
S8,L1,G2,7,70%,,,Psychotria macrocarpa,1.2
S8,L1,G2,7,70%,,,Psychotria macrocarpa,0.6
S8,L1,G2,7,70%,,,Psychotria macrocarpa,0.6
S8,L1,G2,7,70%,,,Psychotria macrocarpa,3
S8,L1,G2,7,70%,,,Psychotria macrocarpa,1.2
S8,L1,G2,7,70%,,,Psychotria macrocarpa,4
S8,L1,G2,7,70%,,,Psychotria macrocarpa,2
S8,L1,G2,7,70%,,,Psychotria macrocarpa,2
S8,L1,G2,7,70%,,,Psychotria macrocarpa,1.2
S8,L1,G2,7,70%,,,Psychotria macrocarpa,2
S8,L1,G2,7,70%,,,Psychotria macrocarpa,0.9
S8,L1,G2,7,70%,,,Psychotria macrocarpa,1.2
S8,L1,G2,7,70%,,,Psychotria macrocarpa,1.2
S8,L1,G2,7,70%,,,Psychotria macrocarpa,3
S8,L1,G2,7,70%,,,Psychotria macrocarpa,1.3
S8,L1,G2,7,70%,,,Psychotria macrocarpa,1.6
S8,L1,G2,8,55%,,,Psychotria macrocarpa,0.5
S8,L1,G2,8,55%,,,Psychotria macrocarpa,0.5
S8,L1,G2,8,55%,,,Psychotria macrocarpa,0.5
S8,L1,G2,8,55%,,,Psychotria macrocarpa,0.6
S8,L1,G2,8,55%,,,Psychotria macrocarpa,0.5
S8,L1,G2,8,55%,,,Psychotria macrocarpa,0.5
S8,L1,G2,8,55%,,,Psychotria macrocarpa,3
S8,L1,G2,8,55%,,,Psychotria macrocarpa,3
S8,L1,G2,8,55%,,,Psychotria macrocarpa,2.5
S8,L1,G2,8,55%,,,Psychotria macrocarpa,1.5
S8,L1,G2,8,55%,,,Psychotria macrocarpa,1.3
S8,L1,G2,8,55%,,,Psychotria macrocarpa,2
S8,L1,G2,8,55%,,,Psychotria macrocarpa,2
S8,L1,G2,8,55%,,,Psychotria macrocarpa,1.5
S8,L1,G2,8,55%,,,Psychotria macrocarpa,0.4
S8,L1,G2,8,55%,,,Psychotria macrocarpa,2.5
S8,L1,G2,8,55%,,,Psychotria macrocarpa,0.5
S8,L1,G2,8,55%,,,Psychotria macrocarpa,1.5
S8,L1,G2,8,55%,,,Psychotria macrocarpa,2
S8,L1,G2,8,55%,,,Psychotria macrocarpa,2
S8,L1,G2,8,55%,,,Psychotria macrocarpa,0.5
S8,L1,G2,9,60%,,,Psychotria macrocarpa,3
S8,L1,G2,9,60%,,,Psychotria macrocarpa,1.2
S8,L1,G2,9,60%,,,Psychotria macrocarpa,2
S8,L1,G2,9,60%,,,Psychotria macrocarpa,2
S8,L1,G2,9,60%,,,Psychotria macrocarpa,2
S8,L1,G2,9,60%,,,Psychotria macrocarpa,2
S8,L1,G2,9,60%,,,Psychotria macrocarpa,3
S8,L1,G2,9,60%,,,Psychotria macrocarpa,3
S8,L1,G2,9,60%,,,Psychotria macrocarpa,2
S8,L1,G2,9,60%,,,Psychotria macrocarpa,1.5
S8,L1,G2,9,60%,,,Psychotria macrocarpa,2
S8,L1,G2,9,60%,,,Psychotria macrocarpa,1.5
S8,L1,G2,9,60%,,,Psychotria macrocarpa,1.2
S8,L1,G2,9,60%,,,Psychotria macrocarpa,1.5
S8,L1,G2,9,60%,,,Psychotria macrocarpa,0.5
S8,L1,G2,9,60%,,,Psychotria macrocarpa,4
S8,L1,G2,9,60%,,,Psychotria macrocarpa,1.5
S8,L1,G2,9,60%,,,Psychotria macrocarpa,0.9
S8,L1,G2,9,60%,,,Psychotria macrocarpa,0.9
S8,L1,G2,9,60%,,,Psychotria macrocarpa,0.6
S8,L1,G2,9,60%,,,Psychotria macrocarpa,3
S8,L1,G2,9,60%,,,Psychotria macrocarpa,3
S8,L1,G2,9,60%,,,Psychotria macrocarpa,1.2
S8,L1,G2,9,60%,,,Psychotria macrocarpa,2
S8,L1,G2,9,60%,,,Psychotria macrocarpa,0.6
S8,L1,G2,9,60%,,,Psychotria macrocarpa,0.6
S8,L1,G2,9,60%,,,Psychotria macrocarpa,2.5
S8,L1,G2,9,60%,,,Psychotria macrocarpa,2.5
S8,L1,G2,9,60%,,,Psychotria macrocarpa,2
S8,L1,G2,9,60%,,,Psychotria macrocarpa,1.5
S8,L1,G2,9,60%,,,Psychotria macrocarpa,2
S8,L1,G2,9,60%,,,Psychotria macrocarpa,2
S8,L1,G2,9,60%,,,Psychotria macrocarpa,1.5
S8,L1,G2,9,60%,,,Psychotria macrocarpa,1.2
S8,L1,G2,9,60%,,,Psychotria macrocarpa,1.5
S8,L1,G2,9,60%,,,Psychotria macrocarpa,1.5
S8,L1,G2,10,70%,,,Psychotria macrocarpa,1.2
S8,L1,G2,10,70%,,,Psychotria macrocarpa,0.5
S8,L1,G2,10,70%,,,Psychotria macrocarpa,0.5
S8,L1,G2,10,70%,,,Psychotria macrocarpa,2
S8,L1,G2,10,70%,,,Psychotria macrocarpa,2
S8,L1,G2,10,70%,,,Psychotria macrocarpa,0.6
S8,L1,G2,10,70%,,,Psychotria macrocarpa,1.2
S8,L1,G2,10,70%,,,Psychotria macrocarpa,1.5
S8,L1,G2,10,70%,,,Psychotria macrocarpa,0.9
S8,L1,G2,10,70%,,,Psychotria macrocarpa,2
S8,L1,G2,10,70%,,,Psychotria macrocarpa,2
S8,L1,G2,10,70%,,,Psychotria macrocarpa,3
S8,L1,G2,10,70%,,,Psychotria macrocarpa,2
S8,L1,G2,10,70%,,,Psychotria macrocarpa,2
S8,L1,G2,10,70%,,,Psychotria macrocarpa,1.5
S8,L1,G2,11,65%,,,Psychotria macrocarpa,2
S8,L1,G2,11,65%,,,Psychotria macrocarpa,2
S8,L1,G2,11,65%,,,Psychotria macrocarpa,0.5
S8,L1,G2,11,65%,,,Psychotria macrocarpa,2
S8,L1,G2,11,65%,,,Psychotria macrocarpa,1.2
S8,L1,G2,11,65%,,,Psychotria macrocarpa,1.2
S8,L1,G2,11,65%,,,Psychotria macrocarpa,3
S8,L1,G2,11,65%,,,Psychotria macrocarpa,1.2
S8,L1,G2,11,65%,,,Psychotria macrocarpa,0.5
S8,L1,G2,11,65%,,,Psychotria macrocarpa,3
S8,L1,G2,11,65%,,,Psychotria macrocarpa,0.5
S8,L1,G2,11,65%,,,Psychotria macrocarpa,3
S8,L1,G2,11,65%,,,Psychotria macrocarpa,1.2
S8,L1,G2,12,80%,,,Psychotria macrocarpa,3
S8,L1,G2,12,80%,,,Psychotria macrocarpa,2
S8,L1,G2,12,80%,,,Psychotria macrocarpa,3
S8,L1,G2,12,80%,,,Psychotria macrocarpa,2
S8,L1,G2,12,80%,,,Psychotria macrocarpa,1.5
S8,L1,G2,12,80%,,,Psychotria macrocarpa,1.5
S8,L1,G2,12,80%,,,Psychotria macrocarpa,1.2
S8,L1,G2,12,80%,,,Psychotria macrocarpa,0.5
S8,L1,G2,12,80%,,,Psychotria macrocarpa,1.2
S8,L1,G2,12,80%,,,Psychotria macrocarpa,2.5
S8,L1,G2,12,80%,,,Psychotria macrocarpa,1.2
S8,L1,G2,12,80%,,,Psychotria macrocarpa,2
S8,L1,G2,12,80%,,,Psychotria macrocarpa,3
S8,L1,G2,12,80%,,,Psychotria macrocarpa,1.5
S8,L1,G2,12,80%,,,Psychotria macrocarpa,1.2
S8,L1,G2,12,80%,,,Psychotria macrocarpa,1.5
S8,L1,G2,12,80%,,,Psychotria macrocarpa,0.5
S8,L1,G2,12,80%,,,Psychotria macrocarpa,1.2
S8,L1,G2,12,80%,,,Psychotria macrocarpa,3
S8,L1,G2,12,80%,,,Psychotria macrocarpa,1.2
S8,L1,G2,12,80%,,,Psychotria macrocarpa,1.2
S8,L1,G2,12,80%,,,Psychotria macrocarpa,0.5
S8,L1,G2,12,80%,,,Psychotria macrocarpa,0.6
S8,L1,G2,12,80%,,,Psychotria macrocarpa,0.9
S8,L1,G2,12,80%,,,Psychotria macrocarpa,0.9
S8,L1,G2,12,80%,,,Psychotria macrocarpa,2
S8,L1,G2,13,85%,,,Psychotria macrocarpa,0.5
S8,L1,G2,13,85%,,,Psychotria macrocarpa,0.5
S8,L1,G2,13,85%,,,Psychotria macrocarpa,1.1
S8,L1,G2,13,85%,,,Psychotria macrocarpa,1.2
S8,L1,G2,13,85%,,,Psychotria macrocarpa,1.2
S8,L1,G2,13,85%,,,Psychotria macrocarpa,0.5
S8,L1,G2,13,85%,,,Psychotria macrocarpa,3
S8,L1,G2,13,85%,,,Psychotria macrocarpa,1.2
S8,L1,G2,13,85%,,,Psychotria macrocarpa,1.2
S8,L1,G2,13,85%,,,Psychotria macrocarpa,1.2
S8,L1,G2,13,85%,,,Psychotria macrocarpa,0.5
S8,L1,G2,13,85%,,,Psychotria macrocarpa,0.5
S8,L1,G2,13,85%,,,Psychotria macrocarpa,1
S8,L1,G2,13,85%,,,Psychotria macrocarpa,1
S8,L1,G2,13,85%,,,Psychotria macrocarpa,3
S8,L1,G2,13,85%,,,Psychotria macrocarpa,2
S8,L1,G2,13,85%,,,Psychotria macrocarpa,4
S8,L1,G2,13,85%,,,Psychotria macrocarpa,3.5
S8,L1,G2,13,85%,,,Psychotria macrocarpa,0.5
S8,L1,G2,14,70%,,,Psychotria macrocarpa,2
S8,L1,G2,14,70%,,,Psychotria macrocarpa,3
S8,L1,G2,14,70%,,,Psychotria macrocarpa,2
S8,L1,G2,14,70%,,,Psychotria macrocarpa,2
S8,L1,G2,14,70%,,,Psychotria macrocarpa,1.2
S8,L1,G2,14,70%,,,Psychotria macrocarpa,3
S8,L1,G2,14,70%,,,Psychotria macrocarpa,4
S8,L1,G2,14,70%,,,Psychotria macrocarpa,2
S8,L1,G2,14,70%,,,Psychotria macrocarpa,2
S8,L1,G2,14,70%,,,Psychotria macrocarpa,0.5
S8,L1,G2,14,70%,,,Psychotria macrocarpa,0.7
S8,L1,G2,14,70%,,,Psychotria macrocarpa,2
S8,L1,G2,14,70%,,,Psychotria macrocarpa,2
S8,L1,G2,14,70%,,,Psychotria macrocarpa,2
S8,L1,G2,14,70%,,,Psychotria macrocarpa,1.3
S8,L1,G2,14,70%,,,Psychotria macrocarpa,1.2
S8,L1,G2,14,70%,,,Psychotria macrocarpa,1.2
S8,L1,G2,14,70%,,,Psychotria macrocarpa,3.5
S8,L1,G2,14,70%,,,Psychotria macrocarpa,1.5
S8,L1,G2,14,70%,,,Psychotria macrocarpa,0.9
S8,L1,G2,14,70%,,,Psychotria macrocarpa,1.2
S8,L1,G2,14,70%,,,Psychotria macrocarpa,1.2
S8,L1,G2,14,70%,,,Psychotria macrocarpa,1
S8,L1,G2,14,70%,,,Psychotria macrocarpa,1.2
S8,L1,G2,15,60%,,,Psychotria macrocarpa,1.2
S8,L1,G2,15,60%,,,Psychotria macrocarpa,1.2
S8,L1,G2,15,60%,,,Psychotria macrocarpa,0.5
S8,L1,G2,15,60%,,,Psychotria macrocarpa,2
S8,L1,G2,15,60%,,,Psychotria macrocarpa,3
S8,L1,G2,15,60%,,,Psychotria macrocarpa,0.5
S8,L1,G2,15,60%,,,Psychotria macrocarpa,1.2
S8,L1,G2,15,60%,,,Psychotria macrocarpa,1.2
S8,L1,G2,15,60%,,,Psychotria macrocarpa,2
S8,L1,G2,15,60%,,,Psychotria macrocarpa,1.3
S8,L1,G2,15,60%,,,Psychotria macrocarpa,3.5
S8,L1,G2,15,60%,,,Psychotria macrocarpa,2
S8,L1,G2,16,75%,,,Psychotria macrocarpa,1.2
S8,L1,G2,16,75%,,,Psychotria macrocarpa,3
S8,L1,G2,16,75%,,,Psychotria macrocarpa,1.2
S8,L1,G2,16,75%,,,Psychotria macrocarpa,0.9
S8,L1,G2,16,75%,,,Psychotria macrocarpa,1.2
S8,L1,G2,16,75%,,,Psychotria macrocarpa,3
S8,L1,G2,16,75%,,,Psychotria macrocarpa,0.4
S8,L1,G2,16,75%,,,Psychotria macrocarpa,2
S13,L1,G2,1,60%,,,Psychotria nigra,8
S13,L1,G2,1,60%,,,Psychotria nigra,4
S13,L1,G2,1,60%,,,Psychotria nigra,2.5
S13,L1,G2,1,60%,,,Psychotria nigra,6
S13,L1,G2,1,60%,,,Psychotria nigra,8
S13,L1,G2,1,60%,,,Psychotria nigra,10
S13,L1,G2,1,60%,,,Psychotria nigra,9
S13,L1,G2,1,60%,,,Psychotria nigra,1
S13,L1,G2,1,60%,,,Psychotria nigra,5
S13,L1,G2,1,60%,,,Psychotria nigra,10
S13,L1,G2,1,60%,,,Psychotria nigra,3
S13,L1,G2,1,60%,,,Psychotria nigra,2
S13,L1,G2,1,60%,,,Psychotria nigra,1
S13,L1,G2,1,60%,,,Psychotria nigra,0.5
S13,L1,G2,1,60%,,,Psychotria nigra,0.5
S13,L1,G2,1,60%,,,Psychotria nigra,2.5
S13,L1,G2,1,60%,,,Psychotria nigra,1
S13,L1,G2,1,60%,,,Psychotria nigra,3.5
S13,L1,G2,1,60%,,,Psychotria nigra,1
S13,L1,G2,1,60%,,,Psychotria nigra,0.5
S13,L1,G2,1,60%,,,Psychotria nigra,0.5
S13,L1,G2,1,60%,,,Psychotria nigra,0.5
S13,L1,G2,1,60%,,,Psychotria nigra,0.5
S13,L1,G2,1,60%,,,Psychotria nigra,0.5
S13,L1,G2,1,60%,,,Psychotria nigra,0.5
S13,L1,G2,1,60%,,,Psychotria nigra,0.5
S13,L1,G2,1,60%,,,Psychotria nigra,0.5
S13,L1,G2,1,60%,,,Psychotria nigra,0.5
S13,L1,G2,1,60%,,,Psychotria nigra,0.5
S13,L1,G2,1,60%,,,Psychotria nigra,0.5
S13,L1,G2,1,60%,,,Psychotria nigra,0.5
S13,L1,G2,1,60%,,,Psychotria nigra,0.5
S13,L1,G2,1,60%,,,Psychotria nigra,0.5
S13,L1,G2,1,60%,,,Psychotria nigra,0.5
S13,L1,G2,1,60%,,,Psychotria nigra,0.5
S13,L1,G2,1,60%,,,Psychotria nigra,0.5
S13,L1,G2,1,60%,,,Psychotria nigra,0.5
S13,L1,G2,1,60%,,,Psychotria nigra,0.5
S13,L1,G2,1,60%,,,Psychotria nigra,0.5
S13,L1,G2,1,60%,,,Psychotria nigra,0.5
S13,L1,G2,1,60%,,,Psychotria nigra,0.5
S13,L1,G2,1,60%,,,Psychotria nigra,0.5
S13,L1,G2,1,60%,,,Psychotria nigra,0.5
S13,L1,G2,1,60%,,,Psychotria nigra,0.5
S13,L1,G2,1,60%,,,Psychotria nigra,0.5
S13,L1,G2,1,60%,,,Psychotria nigra,0.5
S13,L1,G2,1,60%,,,Psychotria nigra,0.5
S13,L1,G2,1,60%,,,Psychotria nigra,0.5
S13,L1,G2,2,45%,,1 plot,Psychotria nigra,1
S13,L1,G2,2,45%,,1 plot,Psychotria nigra,3
S13,L1,G2,2,45%,,1 plot,Psychotria nigra,3
S13,L1,G2,2,45%,,1 plot,Psychotria nigra,3
S13,L1,G2,2,45%,,1 plot,Psychotria nigra,2.5
S13,L1,G2,2,45%,,1 plot,Psychotria nigra,3
S13,L1,G2,2,45%,,1 plot,Psychotria nigra,6
S13,L1,G2,2,45%,,1 plot,Psychotria nigra,5
S13,L1,G2,2,45%,,1 plot,Psychotria nigra,3
S13,L1,G2,2,45%,,1 plot,Psychotria nigra,2
S13,L1,G2,2,45%,,1 plot,Psychotria nigra,0.5
S13,L1,G2,2,45%,,1 plot,Psychotria nigra,1.5
S13,L1,G2,2,45%,,1 plot,Psychotria nigra,2.5
S13,L1,G2,2,45%,,1 plot,Psychotria nigra,4
S13,L1,G2,2,45%,,1 plot,Psychotria nigra,8
S13,L1,G2,2,45%,,1 plot,Psychotria nigra,1
S13,L1,G2,2,45%,,1 plot,Psychotria nigra,6
S13,L1,G2,2,45%,,1 plot,Psychotria nigra,0.5
S13,L1,G2,2,45%,,1 plot,Psychotria nigra,0.5
S13,L1,G2,2,45%,,1 plot,Psychotria nigra,0.5
S13,L1,G2,2,45%,,1 plot,Psychotria nigra,2
S13,L1,G2,2,45%,,1 plot,Psychotria nigra,2
S13,L1,G2,2,45%,,1 plot,Psychotria nigra,4
S13,L1,G2,2,45%,,1 plot,Psychotria nigra,0.5
S13,L1,G2,2,45%,,1 plot,Psychotria nigra,4
S13,L1,G2,2,45%,,1 plot,Psychotria nigra,3.5
S13,L1,G2,2,45%,,1 plot,Psychotria nigra,3.5
S13,L1,G2,2,45%,,1 plot,Psychotria nigra,0.5
S13,L1,G2,2,45%,,1 plot,Psychotria nigra,1
S13,L1,G2,2,45%,,1 plot,Psychotria nigra,1
S13,L1,G2,2,45%,,1 plot,Psychotria nigra,3
S13,L1,G2,2,45%,,1 plot,Psychotria nigra,0.5
S13,L1,G2,2,45%,,1 plot,Psychotria nigra,0.5
S13,L1,G2,2,45%,,1 plot,Psychotria nigra,0.5
S13,L1,G2,2,45%,,1 plot,Psychotria nigra,0.5
S13,L1,G2,2,45%,,1 plot,Psychotria nigra,3
S13,L1,G2,2,45%,,1 plot,Psychotria nigra,1.5
S13,L1,G2,2,45%,,1 plot,Psychotria nigra,2
S13,L1,G2,2,45%,,1 plot,Psychotria nigra,8
S13,L1,G2,2,45%,,1 plot,Psychotria nigra,0.5
S13,L1,G2,2,45%,,1 plot,Psychotria nigra,0.5
S13,L1,G2,2,45%,,1 plot,Psychotria nigra,0.5
S13,L1,G2,2,45%,,1 plot,Psychotria nigra,0.5
S13,L1,G2,2,45%,,1 plot,Psychotria nigra,0.5
S13,L1,G2,2,45%,,1 plot,Psychotria nigra,0.5
S13,L1,G2,2,45%,,1 plot,Psychotria nigra,0.5
S13,L1,G2,2,45%,,1 plot,Psychotria nigra,0.5
S13,L1,G2,2,45%,,1 plot,Psychotria nigra,0.5
S13,L1,G2,2,45%,,1 plot,Psychotria nigra,0.5
S13,L1,G2,2,45%,,1 plot,Psychotria nigra,0.5
S13,L1,G2,2,45%,,1 plot,Psychotria nigra,0.5
S13,L1,G2,2,45%,,1 plot,Psychotria nigra,0.5
S13,L1,G2,2,45%,,1 plot,Psychotria nigra,0.5
S13,L1,G2,2,45%,,1 plot,Psychotria nigra,0.5
S13,L1,G2,2,45%,,1 plot,Psychotria nigra,0.5
S13,L1,G2,2,45%,,1 plot,Psychotria nigra,0.5
S13,L1,G2,2,45%,,1 plot,Psychotria nigra,0.5
S13,L1,G2,2,45%,,1 plot,Psychotria nigra,0.5
S13,L1,G2,2,45%,,1 plot,Psychotria nigra,0.5
S13,L1,G2,2,45%,,1 plot,Psychotria nigra,0.5
S13,L1,G2,2,45%,,1 plot,Psychotria nigra,0.5
S13,L1,G2,2,45%,,1 plot,Psychotria nigra,0.5
S13,L1,G2,2,45%,,1 plot,Psychotria nigra,0.5
S13,L1,G2,2,45%,,1 plot,Psychotria nigra,0.5
S13,L1,G2,2,45%,,1 plot,Psychotria nigra,0.5
S13,L1,G2,2,45%,,1 plot,Psychotria nigra,0.5
S13,L1,G2,2,45%,,1 plot,Psychotria nigra,0.5
S13,L1,G2,2,45%,,1 plot,Psychotria nigra,0.5
S13,L1,G2,2,45%,,1 plot,Psychotria nigra,0.5
S13,L1,G2,2,45%,,1 plot,Psychotria nigra,0.5
S13,L1,G2,2,45%,,1 plot,Psychotria nigra,0.5
S13,L1,G2,2,45%,,1 plot,Psychotria nigra,0.5
S13,L1,G2,2,45%,,1 plot,Psychotria nigra,0.5
S13,L1,G2,2,45%,,1 plot,Psychotria nigra,0.5
S13,L1,G2,2,45%,,1 plot,Psychotria nigra,0.5
S13,L1,G2,2,45%,,1 plot,Psychotria nigra,0.5
S13,L1,G2,2,45%,,1 plot,Psychotria nigra,0.5
S13,L1,G2,2,45%,,1 plot,Psychotria nigra,0.5
S13,L1,G2,2,45%,,1 plot,Psychotria nigra,0.5
S13,L1,G2,2,45%,,1 plot,Psychotria nigra,0.5
S13,L1,G2,3,30%,1 Net,0.5 plot,Psychotria nigra,8
S13,L1,G2,3,30%,1 Net,0.5 plot,Psychotria nigra,4
S13,L1,G2,3,30%,1 Net,0.5 plot,Psychotria nigra,4
S13,L1,G2,3,30%,1 Net,0.5 plot,Psychotria nigra,3
S13,L1,G2,3,30%,1 Net,0.5 plot,Psychotria nigra,8
S13,L1,G2,3,30%,1 Net,0.5 plot,Psychotria nigra,1
S13,L1,G2,3,30%,1 Net,0.5 plot,Psychotria nigra,1.5
S13,L1,G2,3,30%,1 Net,0.5 plot,Psychotria nigra,0.5
S13,L1,G2,3,30%,1 Net,0.5 plot,Psychotria nigra,13
S13,L1,G2,3,30%,1 Net,0.5 plot,Psychotria nigra,0.5
S13,L1,G2,4,55%,,0.5 plot,Psychotria nigra,3
S13,L1,G2,4,55%,,0.5 plot,Psychotria nigra,6
S13,L1,G2,4,55%,,0.5 plot,Psychotria nigra,5
S13,L1,G2,4,55%,,0.5 plot,Psychotria nigra,6
S13,L1,G2,4,55%,,0.5 plot,Psychotria nigra,5
S13,L1,G2,4,55%,,0.5 plot,Psychotria nigra,5
S13,L1,G2,4,55%,,0.5 plot,Psychotria nigra,3
S13,L1,G2,4,55%,,0.5 plot,Psychotria nigra,5
S13,L1,G2,4,55%,,0.5 plot,Psychotria nigra,4
S13,L1,G2,4,55%,,0.5 plot,Psychotria nigra,6
S13,L1,G2,4,55%,,0.5 plot,Psychotria nigra,5
S13,L1,G2,4,55%,,0.5 plot,Psychotria nigra,5
S13,L1,G2,4,55%,,0.5 plot,Psychotria nigra,3
S13,L1,G2,4,55%,,0.5 plot,Psychotria nigra,2.5
S13,L1,G2,4,55%,,0.5 plot,Psychotria nigra,3
S13,L1,G2,4,55%,,0.5 plot,Psychotria nigra,2
S13,L1,G2,4,55%,,0.5 plot,Psychotria nigra,3
S13,L1,G2,4,55%,,0.5 plot,Psychotria nigra,3
S13,L1,G2,4,55%,,0.5 plot,Psychotria nigra,2
S13,L1,G2,4,55%,,0.5 plot,Psychotria nigra,3
S13,L1,G2,4,55%,,0.5 plot,Psychotria nigra,9
S13,L1,G2,4,55%,,0.5 plot,Psychotria nigra,7
S13,L1,G2,4,55%,,0.5 plot,Psychotria nigra,4
S13,L1,G2,4,55%,,0.5 plot,Psychotria nigra,3
S13,L1,G2,4,55%,,0.5 plot,Psychotria nigra,4
S13,L1,G2,4,55%,,0.5 plot,Psychotria nigra,0.5
S13,L1,G2,4,55%,,0.5 plot,Psychotria nigra,0.5
S13,L1,G2,4,55%,,0.5 plot,Psychotria nigra,0.5
S13,L1,G2,4,55%,,0.5 plot,Psychotria nigra,0.5
S13,L1,G2,4,55%,,0.5 plot,Psychotria nigra,0.5
S13,L1,G2,4,55%,,0.5 plot,Psychotria nigra,0.5
S13,L1,G2,4,55%,,0.5 plot,Psychotria nigra,0.5
S13,L1,G2,4,55%,,0.5 plot,Psychotria nigra,0.5
S13,L1,G2,4,55%,,0.5 plot,Psychotria nigra,0.5
S13,L1,G2,4,55%,,0.5 plot,Psychotria nigra,0.5
S13,L1,G2,4,55%,,0.5 plot,Psychotria nigra,0.5
S13,L1,G2,4,55%,,0.5 plot,Psychotria nigra,0.5
S13,L1,G2,4,55%,,0.5 plot,Psychotria nigra,0.5
S13,L1,G2,4,55%,,0.5 plot,Psychotria nigra,0.5
S13,L1,G2,4,55%,,0.5 plot,Psychotria nigra,0.5
S13,L1,G2,4,55%,,0.5 plot,Psychotria nigra,0.5
S13,L1,G2,4,55%,,0.5 plot,Psychotria nigra,0.5
S13,L1,G2,4,55%,,0.5 plot,Psychotria nigra,0.5
S13,L1,G2,4,55%,,0.5 plot,Psychotria nigra,0.5
S13,L1,G2,4,55%,,0.5 plot,Psychotria nigra,0.5
S13,L1,G2,4,55%,,0.5 plot,Psychotria nigra,0.5
S13,L1,G2,4,55%,,0.5 plot,Psychotria nigra,0.5
S13,L1,G2,4,55%,,0.5 plot,Psychotria nigra,0.5
S13,L1,G2,4,55%,,0.5 plot,Psychotria nigra,0.5
S13,L1,G2,4,55%,,0.5 plot,Psychotria nigra,0.5
S13,L1,G2,4,55%,,0.5 plot,Psychotria nigra,0.5
S13,L1,G2,4,55%,,0.5 plot,Psychotria nigra,0.5
S13,L1,G2,4,55%,,0.5 plot,Psychotria nigra,0.5
S13,L1,G2,4,55%,,0.5 plot,Psychotria nigra,0.5
S13,L1,G2,4,55%,,0.5 plot,Psychotria nigra,0.5
S13,L1,G2,4,55%,,0.5 plot,Psychotria nigra,0.5
S13,L1,G2,4,55%,,0.5 plot,Psychotria nigra,0.5
S13,L1,G2,5,70%,1 Net,1 plot,Psychotria nigra,0.5
S13,L1,G2,5,70%,1 Net,1 plot,Psychotria nigra,0.5
S13,L1,G2,5,70%,1 Net,1 plot,Psychotria nigra,5
S13,L1,G2,5,70%,1 Net,1 plot,Psychotria nigra,6
S13,L1,G2,5,70%,1 Net,1 plot,Psychotria nigra,0.5
S13,L1,G2,5,70%,1 Net,1 plot,Psychotria nigra,0.5
S13,L1,G2,5,70%,1 Net,1 plot,Psychotria nigra,0.5
S13,L1,G2,5,70%,1 Net,1 plot,Psychotria nigra,0.5
S13,L1,G2,5,70%,1 Net,1 plot,Psychotria nigra,0.5
S13,L1,G2,5,70%,1 Net,1 plot,Psychotria nigra,0.5
S13,L1,G2,5,70%,1 Net,1 plot,Psychotria nigra,0.5
S13,L1,G2,5,70%,1 Net,1 plot,Psychotria nigra,0.5
S13,L1,G2,5,70%,1 Net,1 plot,Psychotria nigra,0.5
S13,L1,G2,5,70%,1 Net,1 plot,Psychotria nigra,0.5
S13,L1,G2,5,70%,1 Net,1 plot,Psychotria nigra,0.5
S13,L1,G2,5,70%,1 Net,1 plot,Psychotria nigra,0.5
S13,L1,G2,5,70%,1 Net,1 plot,Psychotria nigra,0.5
S13,L1,G2,5,70%,1 Net,1 plot,Psychotria nigra,0.5
S13,L1,G2,5,70%,1 Net,1 plot,Psychotria nigra,0.5
S13,L1,G2,5,70%,1 Net,1 plot,Psychotria nigra,0.5
S13,L1,G2,5,70%,1 Net,1 plot,Psychotria nigra,0.5
S13,L1,G2,5,70%,1 Net,1 plot,Psychotria nigra,0.5
S13,L1,G2,5,70%,1 Net,1 plot,Psychotria nigra,0.5
S13,L1,G2,5,70%,1 Net,1 plot,Psychotria nigra,0.5
S13,L1,G2,5,70%,1 Net,1 plot,Psychotria nigra,0.5
S13,L1,G2,5,70%,1 Net,1 plot,Psychotria nigra,0.5
S13,L1,G2,5,70%,1 Net,1 plot,Psychotria nigra,0.5
S13,L1,G2,5,70%,1 Net,1 plot,Psychotria nigra,0.5
S13,L1,G2,5,70%,1 Net,1 plot,Psychotria nigra,0.5
S13,L1,G2,5,70%,1 Net,1 plot,Psychotria nigra,0.5
S13,L1,G2,5,70%,1 Net,1 plot,Psychotria nigra,0.5
S13,L1,G2,5,70%,1 Net,1 plot,Psychotria nigra,0.5
S13,L1,G2,5,70%,1 Net,1 plot,Psychotria nigra,0.5
S13,L1,G2,5,70%,1 Net,1 plot,Psychotria nigra,0.5
S13,L1,G2,5,70%,1 Net,1 plot,Psychotria nigra,0.5
S13,L1,G2,5,70%,1 Net,1 plot,Psychotria nigra,0.5
S13,L1,G2,5,70%,1 Net,1 plot,Psychotria nigra,0.5
S13,L1,G2,5,70%,1 Net,1 plot,Psychotria nigra,0.5
S13,L1,G2,5,70%,1 Net,1 plot,Psychotria nigra,0.5
S13,L1,G2,5,70%,1 Net,1 plot,Psychotria nigra,0.5
S13,L1,G2,5,70%,1 Net,1 plot,Psychotria nigra,0.5
S13,L1,G2,5,70%,1 Net,1 plot,Psychotria nigra,0.5
S13,L1,G2,5,70%,1 Net,1 plot,Psychotria nigra,0.5
S13,L1,G2,5,70%,1 Net,1 plot,Psychotria nigra,0.5
S13,L1,G2,5,70%,1 Net,1 plot,Psychotria nigra,0.5
S13,L1,G2,5,70%,1 Net,1 plot,Psychotria nigra,0.5
S13,L1,G2,5,70%,1 Net,1 plot,Psychotria nigra,0.5
S13,L1,G2,5,70%,1 Net,1 plot,Psychotria nigra,0.5
S13,L1,G2,5,70%,1 Net,1 plot,Psychotria nigra,0.5
S13,L1,G2,5,70%,1 Net,1 plot,Psychotria nigra,0.5
S13,L1,G2,5,70%,1 Net,1 plot,Psychotria nigra,5
S13,L1,G2,5,70%,1 Net,1 plot,Psychotria nigra,3
S13,L1,G2,5,70%,1 Net,1 plot,Psychotria nigra,2
S13,L1,G2,5,70%,1 Net,1 plot,Psychotria nigra,5
S13,L1,G2,5,70%,1 Net,1 plot,Psychotria nigra,7
S13,L1,G2,5,70%,1 Net,1 plot,Psychotria nigra,5
S13,L1,G2,5,70%,1 Net,1 plot,Psychotria nigra,2.5
S13,L1,G2,5,70%,1 Net,1 plot,Psychotria nigra,3
S13,L1,G2,5,70%,1 Net,1 plot,Psychotria nigra,6
S13,L1,G2,5,70%,1 Net,1 plot,Psychotria nigra,3
S13,L1,G2,5,70%,1 Net,1 plot,Psychotria nigra,4
S13,L1,G2,6,70%,1 Net,,Psychotria nigra,3
S13,L1,G2,6,70%,1 Net,,Psychotria nigra,4
S13,L1,G2,6,70%,1 Net,,Psychotria nigra,3
S13,L1,G2,6,70%,1 Net,,Psychotria nigra,5
S13,L1,G2,6,70%,1 Net,,Psychotria nigra,5
S13,L1,G2,6,70%,1 Net,,Psychotria nigra,1.5
S13,L1,G2,6,70%,1 Net,,Psychotria nigra,4
S13,L1,G2,6,70%,1 Net,,Psychotria nigra,3
S13,L1,G2,6,70%,1 Net,,Psychotria nigra,3
S13,L1,G2,6,70%,1 Net,,Psychotria nigra,3
S13,L1,G2,6,70%,1 Net,,Psychotria nigra,0.5
S13,L1,G2,6,70%,1 Net,,Psychotria nigra,0.5
S13,L1,G2,6,70%,1 Net,,Psychotria nigra,0.5
S13,L1,G2,6,70%,1 Net,,Psychotria nigra,0.5
S13,L1,G2,6,70%,1 Net,,Psychotria nigra,0.5
S13,L1,G2,6,70%,1 Net,,Psychotria nigra,0.5
S13,L1,G2,6,70%,1 Net,,Psychotria nigra,0.5
S13,L1,G2,6,70%,1 Net,,Psychotria nigra,0.5
S13,L1,G2,6,70%,1 Net,,Psychotria nigra,0.5
S13,L1,G2,6,70%,1 Net,,Psychotria nigra,0.5
S13,L1,G2,6,70%,1 Net,,Psychotria nigra,0.5
S13,L1,G2,6,70%,1 Net,,Psychotria nigra,0.5
S13,L1,G2,6,70%,1 Net,,Psychotria nigra,0.5
S13,L1,G2,6,70%,1 Net,,Psychotria nigra,0.5
S13,L1,G2,6,70%,1 Net,,Psychotria nigra,0.5
S13,L1,G2,6,70%,1 Net,,Psychotria nigra,0.5
S13,L1,G2,6,70%,1 Net,,Psychotria nigra,0.5
S13,L1,G2,6,70%,1 Net,,Psychotria nigra,0.5
S13,L1,G2,6,70%,1 Net,,Psychotria nigra,0.5
S13,L1,G2,6,70%,1 Net,,Psychotria nigra,0.5
S13,L1,G2,6,70%,1 Net,,Psychotria nigra,0.5
S13,L1,G2,6,70%,1 Net,,Psychotria nigra,0.5
S13,L1,G2,6,70%,1 Net,,Psychotria nigra,0.5
S13,L1,G2,6,70%,1 Net,,Psychotria nigra,0.5
S13,L1,G2,6,70%,1 Net,,Psychotria nigra,0.5
S13,L1,G2,6,70%,1 Net,,Psychotria nigra,0.5
S13,L1,G2,6,70%,1 Net,,Psychotria nigra,0.5
S13,L1,G2,6,70%,1 Net,,Psychotria nigra,0.5
S13,L1,G2,6,70%,1 Net,,Psychotria nigra,0.5
S13,L1,G2,6,70%,1 Net,,Psychotria nigra,0.5
S13,L1,G2,6,70%,1 Net,,Psychotria nigra,0.5
S13,L1,G2,6,70%,1 Net,,Psychotria nigra,0.5
S13,L1,G2,6,70%,1 Net,,Psychotria nigra,0.5
S13,L1,G2,6,70%,1 Net,,Psychotria nigra,0.5
S13,L1,G2,6,70%,1 Net,,Psychotria nigra,0.5
S13,L1,G2,6,70%,1 Net,,Psychotria nigra,0.5
S13,L1,G2,6,70%,1 Net,,Psychotria nigra,0.5
S13,L1,G2,6,70%,1 Net,,Psychotria nigra,0.5
S13,L1,G2,6,70%,1 Net,,Psychotria nigra,0.5
S13,L1,G2,6,70%,1 Net,,Psychotria nigra,0.5
S13,L1,G2,6,70%,1 Net,,Psychotria nigra,0.5
S13,L1,G2,6,70%,1 Net,,Psychotria nigra,0.5
S13,L1,G2,6,70%,1 Net,,Psychotria nigra,0.5
S13,L1,G2,6,70%,1 Net,,Psychotria nigra,0.5
S13,L1,G2,6,70%,1 Net,,Psychotria nigra,0.5
S13,L1,G2,6,70%,1 Net,,Psychotria nigra,0.5
S13,L1,G2,6,70%,1 Net,,Psychotria nigra,0.5
S13,L1,G2,6,70%,1 Net,,Psychotria nigra,0.5
S13,L1,G2,6,70%,1 Net,,Psychotria nigra,0.5
S13,L1,G2,6,70%,1 Net,,Psychotria nigra,0.5
S13,L1,G2,6,70%,1 Net,,Psychotria nigra,0.5
S13,L1,G2,6,70%,1 Net,,Psychotria nigra,0.5
S13,L1,G2,6,70%,1 Net,,Psychotria nigra,0.5
S13,L1,G2,6,70%,1 Net,,Psychotria nigra,0.5
S13,L1,G2,6,70%,1 Net,,Psychotria nigra,0.5
S13,L1,G2,6,70%,1 Net,,Psychotria nigra,0.5
S13,L1,G2,6,70%,1 Net,,Psychotria nigra,0.5
S13,L1,G2,6,70%,1 Net,,Psychotria nigra,0.5
S13,L1,G2,6,70%,1 Net,,Psychotria nigra,0.5
S13,L1,G2,6,70%,1 Net,,Psychotria nigra,0.5
S13,L1,G2,6,70%,1 Net,,Psychotria nigra,0.5
S13,L1,G2,6,70%,1 Net,,Psychotria nigra,0.5
S13,L1,G2,6,70%,1 Net,,Psychotria nigra,0.5
S13,L1,G2,6,70%,1 Net,,Psychotria nigra,0.5
S13,L1,G2,6,70%,1 Net,,Psychotria nigra,0.5
S13,L1,G2,6,70%,1 Net,,Psychotria nigra,0.5
S13,L1,G2,6,70%,1 Net,,Psychotria nigra,0.5
S13,L1,G2,6,70%,1 Net,,Psychotria nigra,0.5
S13,L1,G2,6,70%,1 Net,,Psychotria nigra,0.5
S13,L1,G2,6,70%,1 Net,,Psychotria nigra,0.5
S13,L1,G2,6,70%,1 Net,,Psychotria nigra,0.5
S13,L1,G2,6,70%,1 Net,,Psychotria nigra,0.5
S13,L1,G2,6,70%,1 Net,,Psychotria nigra,0.5
S13,L1,G2,6,70%,1 Net,,Psychotria nigra,0.5
S13,L1,G2,6,70%,1 Net,,Psychotria nigra,0.5
S13,L1,G2,6,70%,1 Net,,Psychotria nigra,0.5
S13,L1,G2,6,70%,1 Net,,Psychotria nigra,0.5
S13,L1,G2,6,70%,1 Net,,Psychotria nigra,0.5
S13,L1,G2,6,70%,1 Net,,Psychotria nigra,0.5
S13,L1,G2,6,70%,1 Net,,Psychotria nigra,0.5
S13,L1,G2,6,70%,1 Net,,Psychotria nigra,0.5
S13,L1,G2,6,70%,1 Net,,Psychotria nigra,0.5
S13,L1,G2,6,70%,1 Net,,Psychotria nigra,0.5
S13,L1,G2,6,70%,1 Net,,Psychotria nigra,0.5
S13,L1,G2,6,70%,1 Net,,Psychotria nigra,0.5
S13,L1,G2,6,70%,1 Net,,Psychotria nigra,0.5
S13,L1,G2,6,70%,1 Net,,Psychotria nigra,0.5
S13,L1,G2,6,70%,1 Net,,Psychotria nigra,0.5
S13,L1,G2,6,70%,1 Net,,Psychotria nigra,0.5
S13,L1,G2,6,70%,1 Net,,Psychotria nigra,0.5
S13,L1,G2,6,70%,1 Net,,Psychotria nigra,0.5
S13,L1,G2,6,70%,1 Net,,Psychotria nigra,0.5
S13,L1,G2,6,70%,1 Net,,Psychotria nigra,0.5
S13,L1,G2,6,70%,1 Net,,Psychotria nigra,0.5
S13,L1,G2,6,70%,1 Net,,Psychotria nigra,0.5
S13,L1,G2,6,70%,1 Net,,Psychotria nigra,0.5
S13,L1,G2,6,70%,1 Net,,Psychotria nigra,0.5
S13,L1,G2,6,70%,1 Net,,Psychotria nigra,0.5
S13,L1,G2,6,70%,1 Net,,Psychotria nigra,0.5
S13,L1,G2,6,70%,1 Net,,Psychotria nigra,0.5
S13,L1,G2,6,70%,1 Net,,Psychotria nigra,0.5
S13,L1,G2,6,70%,1 Net,,Psychotria nigra,0.5
S13,L1,G2,6,70%,1 Net,,Psychotria nigra,0.5
S13,L1,G2,6,70%,1 Net,,Psychotria nigra,0.5
S13,L1,G2,6,70%,1 Net,,Psychotria nigra,0.5
S13,L1,G2,6,70%,1 Net,,Psychotria nigra,0.5
S13,L1,G2,6,70%,1 Net,,Psychotria nigra,0.5
S13,L1,G2,6,70%,1 Net,,Psychotria nigra,0.5
S13,L1,G2,6,70%,1 Net,,Psychotria nigra,0.5
S13,L1,G2,6,70%,1 Net,,Psychotria nigra,0.5
S13,L1,G2,6,70%,1 Net,,Psychotria nigra,0.5
S13,L1,G2,6,70%,1 Net,,Psychotria nigra,0.5
S13,L1,G2,6,70%,1 Net,,Psychotria nigra,0.5
S13,L1,G2,6,70%,1 Net,,Psychotria nigra,0.5
S13,L1,G2,6,70%,1 Net,,Psychotria nigra,0.5
S13,L1,G2,6,70%,1 Net,,Psychotria nigra,0.5
S13,L1,G2,6,70%,1 Net,,Psychotria nigra,0.5
S13,L1,G2,6,70%,1 Net,,Psychotria nigra,0.5
S13,L1,G2,6,70%,1 Net,,Psychotria nigra,0.5
S13,L1,G2,6,70%,1 Net,,Psychotria nigra,0.5
S13,L1,G2,6,70%,1 Net,,Psychotria nigra,0.5
S13,L1,G2,6,70%,1 Net,,Psychotria nigra,0.5
S13,L1,G2,6,70%,1 Net,,Psychotria nigra,0.5
S13,L1,G2,6,70%,1 Net,,Psychotria nigra,2
S13,L1,G2,6,70%,1 Net,,Psychotria nigra,0.6
S13,L1,G2,6,70%,1 Net,,Psychotria nigra,0.6
S13,L1,G2,6,70%,1 Net,,Psychotria nigra,0.6
S13,L1,G2,6,70%,1 Net,,Psychotria nigra,0.6
S13,L1,G2,6,70%,1 Net,,Psychotria nigra,2
S13,L1,G2,6,70%,1 Net,,Psychotria nigra,3
S13,L1,G2,6,70%,1 Net,,Psychotria nigra,3
S13,L1,G2,6,70%,1 Net,,Psychotria nigra,5
S13,L1,G2,7,40%,,,Psychotria nigra,0.5
S13,L1,G2,7,40%,,,Psychotria nigra,0.5
S13,L1,G2,7,40%,,,Psychotria nigra,0.5
S13,L1,G2,7,40%,,,Psychotria nigra,0.5
S13,L1,G2,7,40%,,,Psychotria nigra,0.5
S13,L1,G2,7,40%,,,Psychotria nigra,0.5
S13,L1,G2,7,40%,,,Psychotria nigra,0.5
S13,L1,G2,7,40%,,,Psychotria nigra,0.5
S13,L1,G2,7,40%,,,Psychotria nigra,0.5
S13,L1,G2,7,40%,,,Psychotria nigra,0.5
S13,L1,G2,7,40%,,,Psychotria nigra,0.5
S13,L1,G2,7,40%,,,Psychotria nigra,0.5
S13,L1,G2,7,40%,,,Psychotria nigra,0.5
S13,L1,G2,7,40%,,,Psychotria nigra,0.5
S13,L1,G2,7,40%,,,Psychotria nigra,0.5
S13,L1,G2,7,40%,,,Psychotria nigra,0.5
S13,L1,G2,7,40%,,,Psychotria nigra,0.5
S13,L1,G2,7,40%,,,Psychotria nigra,0.5
S13,L1,G2,7,40%,,,Psychotria nigra,0.5
S13,L1,G2,7,40%,,,Psychotria nigra,0.5
S13,L1,G2,7,40%,,,Psychotria nigra,0.5
S13,L1,G2,7,40%,,,Psychotria nigra,0.5
S13,L1,G2,7,40%,,,Psychotria nigra,0.5
S13,L1,G2,7,40%,,,Psychotria nigra,0.5
S13,L1,G2,7,40%,,,Psychotria nigra,0.5
S13,L1,G2,7,40%,,,Psychotria nigra,0.5
S13,L1,G2,7,40%,,,Psychotria nigra,0.5
S13,L1,G2,7,40%,,,Psychotria nigra,0.5
S13,L1,G2,7,40%,,,Psychotria nigra,0.5
S13,L1,G2,7,40%,,,Psychotria nigra,0.5
S13,L1,G2,7,40%,,,Psychotria nigra,0.5
S13,L1,G2,7,40%,,,Psychotria nigra,0.5
S13,L1,G2,7,40%,,,Psychotria nigra,0.5
S13,L1,G2,7,40%,,,Psychotria nigra,0.5
S13,L1,G2,7,40%,,,Psychotria nigra,0.5
S13,L1,G2,7,40%,,,Psychotria nigra,0.5
S13,L1,G2,7,40%,,,Psychotria nigra,0.5
S13,L1,G2,7,40%,,,Psychotria nigra,0.5
S13,L1,G2,7,40%,,,Psychotria nigra,0.5
S13,L1,G2,7,40%,,,Psychotria nigra,0.5
S13,L1,G2,7,40%,,,Psychotria nigra,0.5
S13,L1,G2,7,40%,,,Psychotria nigra,0.5
S13,L1,G2,7,40%,,,Psychotria nigra,0.5
S13,L1,G2,7,40%,,,Psychotria nigra,0.5
S13,L1,G2,7,40%,,,Psychotria nigra,0.5
S13,L1,G2,7,40%,,,Psychotria nigra,0.5
S13,L1,G2,7,40%,,,Psychotria nigra,0.5
S13,L1,G2,7,40%,,,Psychotria nigra,0.5
S13,L1,G2,7,40%,,,Psychotria nigra,0.5
S13,L1,G2,7,40%,,,Psychotria nigra,0.5
S13,L1,G2,7,40%,,,Psychotria nigra,0.5
S13,L1,G2,7,40%,,,Psychotria nigra,0.5
S13,L1,G2,7,40%,,,Psychotria nigra,0.5
S13,L1,G2,7,40%,,,Psychotria nigra,0.5
S13,L1,G2,7,40%,,,Psychotria nigra,0.5
S13,L1,G2,7,40%,,,Psychotria nigra,0.5
S13,L1,G2,7,40%,,,Psychotria nigra,0.5
S13,L1,G2,7,40%,,,Psychotria nigra,0.5
S13,L1,G2,7,40%,,,Psychotria nigra,0.5
S13,L1,G2,7,40%,,,Psychotria nigra,0.5
S13,L1,G2,7,40%,,,Psychotria nigra,0.5
S13,L1,G2,7,40%,,,Psychotria nigra,5
S13,L1,G2,7,40%,,,Psychotria nigra,4
S13,L1,G2,7,40%,,,Psychotria nigra,5
S13,L1,G2,7,40%,,,Psychotria nigra,5
S13,L1,G2,7,40%,,,Psychotria nigra,0.6
S13,L1,G2,7,40%,,,Psychotria nigra,0.5
S13,L1,G2,7,40%,,,Psychotria nigra,0.5
S13,L1,G2,7,40%,,,Psychotria nigra,3
S13,L1,G2,7,40%,,,Psychotria nigra,3
S13,L1,G2,7,40%,,,Psychotria nigra,0.4
S13,L1,G2,7,40%,,,Psychotria nigra,0.4
S13,L1,G2,7,40%,,,Psychotria nigra,3
S13,L1,G2,7,40%,,,Psychotria nigra,0.5
S13,L1,G2,7,40%,,,Psychotria nigra,0.5
S13,L1,G2,7,40%,,,Psychotria nigra,0.5
S13,L1,G2,7,40%,,,Psychotria nigra,0.5
S13,L1,G2,7,40%,,,Psychotria nigra,0.5
S13,L1,G2,7,40%,,,Psychotria nigra,0.5
S13,L1,G2,7,40%,,,Psychotria nigra,0.5
S13,L1,G2,7,40%,,,Psychotria nigra,0.5
S13,L1,G2,7,40%,,,Psychotria nigra,1
S13,L1,G2,7,40%,,,Psychotria nigra,1
S13,L1,G2,7,40%,,,Psychotria nigra,2.5
S13,L1,G2,7,40%,,,Psychotria nigra,10
S13,L1,G2,7,40%,,,Psychotria nigra,3
S13,L1,G2,7,40%,,,Psychotria nigra,0.5
S13,L1,G2,7,40%,,,Psychotria nigra,0.5
S13,L1,G2,7,40%,,,Psychotria nigra,0.4
S13,L1,G2,7,40%,,,Psychotria nigra,1
S13,L1,G2,7,40%,,,Psychotria nigra,2
S13,L1,G2,7,40%,,,Psychotria nigra,0.4
S13,L1,G2,7,40%,,,Psychotria nigra,0.4
S13,L1,G2,7,40%,,,Psychotria nigra,0.4
S13,L1,G2,7,40%,,,Psychotria nigra,2
S13,L1,G2,7,40%,,,Psychotria nigra,2
S13,L1,G2,7,40%,,,Psychotria nigra,2
S13,L1,G2,7,40%,,,Psychotria nigra,2
S13,L1,G2,7,40%,,,Psychotria nigra,2
S13,L1,G2,7,40%,,,Psychotria nigra,2
S13,L1,G2,7,40%,,,Psychotria nigra,2
S13,L1,G2,7,40%,,,Psychotria nigra,2
S13,L1,G2,7,40%,,,Psychotria nigra,3
S13,L1,G2,7,40%,,,Psychotria nigra,1
S13,L1,G2,7,40%,,,Psychotria nigra,2
S13,L1,G2,7,40%,,,Psychotria nigra,2
S13,L1,G2,7,40%,,,Psychotria nigra,2
S13,L1,G2,7,40%,,,Psychotria nigra,2
S13,L1,G2,7,40%,,,Psychotria nigra,2
S13,L1,G2,7,40%,,,Psychotria nigra,1
S13,L1,G2,7,40%,,,Psychotria nigra,1
S13,L1,G2,7,40%,,,Psychotria nigra,2
S13,L1,G2,7,40%,,,Psychotria nigra,2
S13,L1,G2,7,40%,,,Psychotria nigra,2
S13,L1,G2,7,40%,,,Psychotria nigra,1
S13,L1,G2,7,40%,,,Psychotria nigra,1
S13,L1,G2,7,40%,,,Psychotria nigra,0.5
S13,L1,G2,7,40%,,,Psychotria nigra,0.5
S13,L1,G2,7,40%,,,Psychotria nigra,0.4
S13,L1,G2,7,40%,,,Psychotria nigra,0.5
S13,L1,G2,7,40%,,,Psychotria nigra,2
S13,L1,G2,7,40%,,,Psychotria nigra,2
S13,L1,G2,7,40%,,,Psychotria nigra,2
S13,L1,G2,7,40%,,,Psychotria nigra,3
S13,L1,G2,7,40%,,,Psychotria nigra,3
S13,L1,G2,7,40%,,,Psychotria nigra,3
S13,L1,G2,7,40%,,,Psychotria nigra,2
S13,L1,G2,7,40%,,,Psychotria nigra,3
S13,L1,G2,7,40%,,,Psychotria nigra,2
S13,L1,G2,8,55%,,,Psychotria nigra,2.5
S13,L1,G2,8,55%,,,Psychotria nigra,2
S13,L1,G2,8,55%,,,Psychotria nigra,4
S13,L1,G2,8,55%,,,Psychotria nigra,2.5
S13,L1,G2,8,55%,,,Psychotria nigra,2
S13,L1,G2,8,55%,,,Psychotria nigra,0.5
S13,L1,G2,8,55%,,,Psychotria nigra,0.5
S13,L1,G2,8,55%,,,Psychotria nigra,0.5
S13,L1,G2,8,55%,,,Psychotria nigra,0.5
S13,L1,G2,8,55%,,,Psychotria nigra,0.5
S13,L1,G2,8,55%,,,Psychotria nigra,0.5
S13,L1,G2,8,55%,,,Psychotria nigra,0.5
S13,L1,G2,8,55%,,,Psychotria nigra,0.5
S13,L1,G2,8,55%,,,Psychotria nigra,0.5
S13,L1,G2,8,55%,,,Psychotria nigra,0.5
S13,L1,G2,8,55%,,,Psychotria nigra,0.5
S13,L1,G2,8,55%,,,Psychotria nigra,0.5
S13,L1,G2,8,55%,,,Psychotria nigra,0.5
S13,L1,G2,8,55%,,,Psychotria nigra,0.5
S13,L1,G2,8,55%,,,Psychotria nigra,0.5
S13,L1,G2,8,55%,,,Psychotria nigra,0.5
S13,L1,G2,8,55%,,,Psychotria nigra,0.5
S13,L1,G2,8,55%,,,Psychotria nigra,0.5
S13,L1,G2,8,55%,,,Psychotria nigra,0.5
S13,L1,G2,8,55%,,,Psychotria nigra,0.5
S13,L1,G2,8,55%,,,Psychotria nigra,0.5
S13,L1,G2,8,55%,,,Psychotria nigra,0.5
S13,L1,G2,8,55%,,,Psychotria nigra,0.5
S13,L1,G2,8,55%,,,Psychotria nigra,0.5
S13,L1,G2,8,55%,,,Psychotria nigra,0.5
S13,L1,G2,8,55%,,,Psychotria nigra,0.5
S13,L1,G2,8,55%,,,Psychotria nigra,0.5
S13,L1,G2,8,55%,,,Psychotria nigra,0.5
S13,L1,G2,8,55%,,,Psychotria nigra,0.5
S13,L1,G2,8,55%,,,Psychotria nigra,0.5
S13,L1,G2,8,55%,,,Psychotria nigra,0.5
S13,L1,G2,8,55%,,,Psychotria nigra,0.5
S13,L1,G2,8,55%,,,Psychotria nigra,0.5
S13,L1,G2,8,55%,,,Psychotria nigra,0.5
S13,L1,G2,8,55%,,,Psychotria nigra,1
S13,L1,G2,8,55%,,,Psychotria nigra,1
S13,L1,G2,8,55%,,,Psychotria nigra,1.5
S13,L1,G2,8,55%,,,Psychotria nigra,2
S13,L1,G2,8,55%,,,Psychotria nigra,2
S13,L1,G2,8,55%,,,Psychotria nigra,2.5
S13,L1,G2,8,55%,,,Psychotria nigra,2
S13,L1,G2,8,55%,,,Psychotria nigra,1.5
S13,L1,G2,8,55%,,,Psychotria nigra,1.5
S13,L1,G2,8,55%,,,Psychotria nigra,4
S13,L1,G2,8,55%,,,Psychotria nigra,5
S13,L1,G2,8,55%,,,Psychotria nigra,3
S13,L1,G2,8,55%,,,Psychotria nigra,3
S13,L1,G2,8,55%,,,Psychotria nigra,3
S13,L1,G2,8,55%,,,Psychotria nigra,3
S13,L1,G2,8,55%,,,Psychotria nigra,3
S13,L1,G2,8,55%,,,Psychotria nigra,3
S13,L1,G2,8,55%,,,Psychotria nigra,0.6
S13,L1,G2,8,55%,,,Psychotria nigra,3
S13,L1,G2,8,55%,,,Psychotria nigra,2
S13,L1,G2,8,55%,,,Psychotria nigra,2
S13,L1,G2,8,55%,,,Psychotria nigra,2
S13,L1,G2,8,55%,,,Psychotria nigra,6
S13,L1,G2,8,55%,,,Psychotria nigra,2
S13,L1,G2,8,55%,,,Psychotria nigra,2
S13,L1,G2,8,55%,,,Psychotria nigra,12
S13,L1,G2,8,55%,,,Psychotria nigra,1.5
S13,L1,G2,8,55%,,,Psychotria nigra,2
S13,L1,G2,8,55%,,,Psychotria nigra,3
S13,L1,G2,8,55%,,,Psychotria nigra,1.5
S13,L1,G2,8,55%,,,Psychotria nigra,2
S13,L1,G2,8,55%,,,Psychotria nigra,3
S13,L1,G2,8,55%,,,Psychotria nigra,1.2
S13,L1,G2,8,55%,,,Psychotria nigra,3
S13,L1,G2,8,55%,,,Psychotria nigra,3
S13,L1,G2,8,55%,,,Psychotria nigra,2.5
S13,L1,G2,8,55%,,,Psychotria nigra,0.6
S13,L1,G2,8,55%,,,Psychotria nigra,3
S13,L1,G2,8,55%,,,Psychotria nigra,2
S13,L1,G2,8,55%,,,Psychotria nigra,3
S13,L1,G2,8,55%,,,Psychotria nigra,4
S13,L1,G2,8,55%,,,Psychotria nigra,2
S13,L1,G2,9,40%,,,Psychotria nigra,5
S13,L1,G2,9,40%,,,Psychotria nigra,1
S13,L1,G2,9,40%,,,Psychotria nigra,4
S13,L1,G2,9,40%,,,Psychotria nigra,6
S13,L1,G2,9,40%,,,Psychotria nigra,2.5
S13,L1,G2,9,40%,,,Psychotria nigra,0.9
S13,L1,G2,9,40%,,,Psychotria nigra,0.4
S13,L1,G2,9,40%,,,Psychotria nigra,1.3
S13,L1,G2,9,40%,,,Psychotria nigra,1.5
S13,L1,G2,9,40%,,,Psychotria nigra,0.6
S13,L1,G2,9,40%,,,Psychotria nigra,0.6
S13,L1,G2,9,40%,,,Psychotria nigra,1
S13,L1,G2,9,40%,,,Psychotria nigra,8
S13,L1,G2,9,40%,,,Psychotria nigra,1.5
S13,L1,G2,9,40%,,,Psychotria nigra,8
S13,L1,G2,9,40%,,,Psychotria nigra,1.5
S13,L1,G2,9,40%,,,Psychotria nigra,0.6
S13,L1,G2,9,40%,,,Psychotria nigra,5
S13,L1,G2,9,40%,,,Psychotria nigra,2
S13,L1,G2,9,40%,,,Psychotria nigra,2
S13,L1,G2,9,40%,,,Psychotria nigra,2
S13,L1,G2,9,40%,,,Psychotria nigra,0.5
S13,L1,G2,9,40%,,,Psychotria nigra,2.5
S13,L1,G2,9,40%,,,Psychotria nigra,1
S13,L1,G2,9,40%,,,Psychotria nigra,2
S13,L1,G2,9,40%,,,Psychotria nigra,2
S13,L1,G2,9,40%,,,Psychotria nigra,3
S13,L1,G2,9,40%,,,Psychotria nigra,1
S13,L1,G2,9,40%,,,Psychotria nigra,1
S13,L1,G2,9,40%,,,Psychotria nigra,3
S13,L1,G2,9,40%,,,Psychotria nigra,0.5
S13,L1,G2,9,40%,,,Psychotria nigra,2
S13,L1,G2,9,40%,,,Psychotria nigra,3
S13,L1,G2,9,40%,,,Psychotria nigra,1
S13,L1,G2,9,40%,,,Psychotria nigra,1.5
S13,L1,G2,9,40%,,,Psychotria nigra,1.5
S13,L1,G2,9,40%,,,Psychotria nigra,0.4
S13,L1,G2,9,40%,,,Psychotria nigra,3
S13,L1,G2,9,40%,,,Psychotria nigra,3.5
S13,L1,G2,9,40%,,,Psychotria nigra,2
S13,L1,G2,9,40%,,,Psychotria nigra,3
S13,L1,G2,9,40%,,,Psychotria nigra,1.6
S13,L1,G2,9,40%,,,Psychotria nigra,0.6
S13,L1,G2,9,40%,,,Psychotria nigra,0.6
S13,L1,G2,9,40%,,,Psychotria nigra,0.6
S13,L1,G2,9,40%,,,Psychotria nigra,0.6
S13,L1,G2,9,40%,,,Psychotria nigra,0.6
S13,L1,G2,9,40%,,,Psychotria nigra,2
S13,L1,G2,9,40%,,,Psychotria nigra,0.6
S13,L1,G2,9,40%,,,Psychotria nigra,0.6
S13,L1,G2,9,40%,,,Psychotria nigra,0.6
S13,L1,G2,9,40%,,,Psychotria nigra,0.6
S13,L1,G2,9,40%,,,Psychotria nigra,3
S13,L1,G2,9,40%,,,Psychotria nigra,0.6
S13,L1,G2,9,40%,,,Psychotria nigra,3
S13,L1,G2,9,40%,,,Psychotria nigra,0.6
S13,L1,G2,9,40%,,,Psychotria nigra,0.6
S13,L1,G2,10,30%,,,Psychotria nigra,1.5
S13,L1,G2,10,30%,,,Psychotria nigra,1.5
S13,L1,G2,10,30%,,,Psychotria nigra,2
S13,L1,G2,10,30%,,,Psychotria nigra,2
S13,L1,G2,10,30%,,,Psychotria nigra,2
S13,L1,G2,10,30%,,,Psychotria nigra,1
S13,L1,G2,10,30%,,,Psychotria nigra,2
S13,L1,G2,10,30%,,,Psychotria nigra,2
S13,L1,G2,10,30%,,,Psychotria nigra,2
S13,L1,G2,10,30%,,,Psychotria nigra,2
S13,L1,G2,10,30%,,,Psychotria nigra,2
S13,L1,G2,10,30%,,,Psychotria nigra,1.5
S13,L1,G2,10,30%,,,Psychotria nigra,1.6
S13,L1,G2,10,30%,,,Psychotria nigra,3
S13,L1,G2,10,30%,,,Psychotria nigra,3
S13,L1,G2,10,30%,,,Psychotria nigra,2
S13,L1,G2,10,30%,,,Psychotria nigra,1
S13,L1,G2,10,30%,,,Psychotria nigra,1.5
S13,L1,G2,10,30%,,,Psychotria nigra,1.5
S13,L1,G2,10,30%,,,Psychotria nigra,2
S13,L1,G2,10,30%,,,Psychotria nigra,1.5
S13,L1,G2,10,30%,,,Psychotria nigra,3
S13,L1,G2,10,30%,,,Psychotria nigra,2
S13,L1,G2,10,30%,,,Psychotria nigra,0.9
S13,L1,G2,10,30%,,,Psychotria nigra,0.6
S13,L1,G2,10,30%,,,Psychotria nigra,0.6
S13,L1,G2,10,30%,,,Psychotria nigra,2
S13,L1,G2,11,50%,,,Psychotria nigra,7
S13,L1,G2,11,50%,,,Psychotria nigra,1.6
S13,L1,G2,11,50%,,,Psychotria nigra,1.6
S13,L1,G2,11,50%,,,Psychotria nigra,1.2
S13,L1,G2,11,50%,,,Psychotria nigra,1
S13,L1,G2,11,50%,,,Psychotria nigra,1
S13,L1,G2,11,50%,,,Psychotria nigra,1
S13,L1,G2,11,50%,,,Psychotria nigra,2.5
S13,L1,G2,11,50%,,,Psychotria nigra,2.5
S13,L1,G2,11,50%,,,Psychotria nigra,3
S13,L1,G2,11,50%,,,Psychotria nigra,4
S13,L1,G2,11,50%,,,Psychotria nigra,3
S13,L1,G2,11,50%,,,Psychotria nigra,1
S13,L1,G2,11,50%,,,Psychotria nigra,1.6
S13,L1,G2,11,50%,,,Psychotria nigra,0.9
S13,L1,G2,11,50%,,,Psychotria nigra,1
S13,L1,G2,11,50%,,,Psychotria nigra,1
S13,L1,G2,11,50%,,,Psychotria nigra,3
S13,L1,G2,11,50%,,,Psychotria nigra,0.9
S13,L1,G2,11,50%,,,Psychotria nigra,1.2
S13,L1,G2,11,50%,,,Psychotria nigra,1.2
S13,L1,G2,11,50%,,,Psychotria nigra,1.2
S13,L1,G2,11,50%,,,Psychotria nigra,0.9
S13,L1,G2,12,60%,,,Psychotria nigra,3
S13,L1,G2,12,60%,,,Psychotria nigra,2
S13,L1,G2,12,60%,,,Psychotria nigra,3
S13,L1,G2,12,60%,,,Psychotria nigra,4
S13,L1,G2,12,60%,,,Psychotria nigra,3
S13,L1,G2,12,60%,,,Psychotria nigra,7
S13,L1,G2,12,60%,,,Psychotria nigra,4
S13,L1,G2,12,60%,,,Psychotria nigra,3
S13,L1,G2,12,60%,,,Psychotria nigra,5
S13,L1,G2,12,60%,,,Psychotria nigra,4
S13,L1,G2,12,60%,,,Psychotria nigra,9
S13,L1,G2,12,60%,,,Psychotria nigra,3
S13,L1,G2,12,60%,,,Psychotria nigra,1.2
S13,L1,G2,13,50%,,,Psychotria nigra,5
S13,L1,G2,13,50%,,,Psychotria nigra,7
S13,L1,G2,13,50%,,,Psychotria nigra,3
S13,L1,G2,13,50%,,,Psychotria nigra,2
S13,L1,G2,13,50%,,,Psychotria nigra,6
S13,L1,G2,13,50%,,,Psychotria nigra,8
S13,L1,G2,13,50%,,,Psychotria nigra,4
S13,L1,G2,13,50%,,,Psychotria nigra,5
S13,L1,G2,13,50%,,,Psychotria nigra,2
S13,L1,G2,13,50%,,,Psychotria nigra,2.5
S13,L1,G2,13,50%,,,Psychotria nigra,2.5
S13,L1,G2,14,40%,,,Psychotria nigra,5
S13,L1,G2,14,40%,,,Psychotria nigra,6
S13,L1,G2,14,40%,,,Psychotria nigra,2
S13,L1,G2,14,40%,,,Psychotria nigra,3.5
S13,L1,G2,14,40%,,,Psychotria nigra,8
S13,L1,G2,14,40%,,,Psychotria nigra,1.5
S13,L1,G2,14,40%,,,Psychotria nigra,1.5
S13,L1,G2,15,50%,,,Psychotria nigra,2.5
S13,L1,G2,15,50%,,,Psychotria nigra,1.5
S13,L1,G2,15,50%,,,Psychotria nigra,1.5
S13,L1,G2,15,50%,,,Psychotria nigra,6
S13,L1,G2,15,50%,,,Psychotria nigra,1.2
S13,L1,G2,15,50%,,,Psychotria nigra,3
S13,L1,G2,15,50%,,,Psychotria nigra,1.5
S13,L1,G2,15,50%,,,Psychotria nigra,1.2
S13,L1,G2,15,50%,,,Psychotria nigra,1.2
S13,L1,G2,15,50%,,,Psychotria nigra,1.2
S13,L1,G2,15,50%,,,Psychotria nigra,1.2
S13,L1,G2,15,50%,,,Psychotria nigra,2
S13,L1,G2,15,50%,,,Psychotria nigra,1.2
S13,L1,G2,15,50%,,,Psychotria nigra,1.2
S13,L1,G2,15,50%,,,Psychotria nigra,1.2
S13,L1,G2,16,50%,,,Psychotria nigra,1.2
S13,L1,G2,16,50%,,,Psychotria nigra,1.2
S13,L1,G2,16,50%,,,Psychotria nigra,6
S13,L1,G2,16,50%,,,Psychotria nigra,1
S13,L1,G2,16,50%,,,Psychotria nigra,3
S13,L1,G2,16,50%,,,Psychotria nigra,35
S13,L1,G2,16,50%,,,Psychotria nigra,3
S13,L1,G2,16,50%,,,Psychotria nigra,0.6
S13,L1,G2,16,50%,,,Psychotria nigra,2
S13,L1,G2,16,50%,,,Psychotria nigra,1.5
S13,L1,G2,16,50%,,,Psychotria nigra,2
S13,L1,G2,16,50%,,,Psychotria nigra,3
S13,L1,G2,16,50%,,,Psychotria nigra,3
S13,L1,G2,16,50%,,,Psychotria nigra,3
S13,L1,G2,16,50%,,,Psychotria nigra,3
S13,L1,G2,16,50%,,,Psychotria nigra,2.5
S13,L1,G2,16,50%,,,Psychotria nigra,5
S13,L1,G2,16,50%,,,Psychotria nigra,1.3
S13,L1,G2,16,50%,,,Psychotria nigra,1
S13,L1,G2,16,50%,,,Psychotria nigra,6
S13,L1,G2,16,50%,,,Psychotria nigra,2
S13,L1,G2,16,50%,,,Psychotria nigra,2.5
S13,L1,G2,16,50%,,,Psychotria nigra,2
S13,L1,G2,16,50%,,,Psychotria nigra,2
S13,L1,G2,16,50%,,,Psychotria nigra,2.5
S13,L1,G2,16,50%,,,Psychotria nigra,2
S13,L1,G2,16,50%,,,Psychotria nigra,3
S13,L1,G2,16,50%,,,Psychotria nigra,3
S13,L1,G2,16,50%,,,Psychotria nigra,2
S13,L1,G2,16,50%,,,Psychotria nigra,2
S13,L1,G2,16,50%,,,Psychotria nigra,2.5
S13,L1,G2,16,50%,,,Psychotria nigra,1
S13,L1,G2,16,50%,,,Psychotria nigra,1
S13,L1,G2,16,50%,,,Psychotria nigra,7
S13,L1,G2,16,50%,,,Psychotria nigra,1.3
S13,L1,G2,16,50%,,,Psychotria nigra,1.3
S13,L1,G2,16,50%,,,Psychotria nigra,3
S13,L1,G2,16,50%,,,Psychotria nigra,3.5
S13,L1,G2,16,50%,,,Psychotria nigra,3
S13,L1,G2,16,50%,,,Psychotria nigra,1.3
S13,L1,G2,16,50%,,,Psychotria nigra,1.6
S13,L1,G2,16,50%,,,Psychotria nigra,1.6
S19,L1,G2,1,70%,,,Psychotria nigra,1
S19,L1,G2,1,70%,,,Psychotria nigra,0.5
S19,L1,G2,1,70%,,,Psychotria nigra,0.5
S19,L1,G2,1,70%,,,Psychotria nigra,0.5
S19,L1,G2,2,75%,1 Net,2 Plots,Psychotria nigra,1.5
S19,L1,G2,2,75%,1 Net,2 Plots,Psychotria nigra,1.6
S19,L1,G2,2,75%,1 Net,2 Plots,Psychotria nigra,1.2
S19,L1,G2,3,75%,1 Net,,Psychotria nigra,0.5
S19,L1,G2,3,75%,1 Net,,Psychotria nigra,0.5
S19,L1,G2,3,75%,1 Net,,Psychotria nigra,0.5
S19,L1,G2,3,75%,1 Net,,Psychotria nigra,1.2
S19,L1,G2,3,75%,1 Net,,Psychotria nigra,0.4
S19,L1,G2,3,75%,1 Net,,Psychotria nigra,0.4
S19,L1,G2,3,75%,1 Net,,Psychotria nigra,0.6
S19,L1,G2,3,75%,1 Net,,Psychotria nigra,2
S19,L1,G2,4,70%,,,Psychotria nigra,0.4
S19,L1,G2,4,70%,,,Psychotria nigra,0.4
S19,L1,G2,4,70%,,,Psychotria nigra,3
S19,L1,G2,4,70%,,,Psychotria nigra,0.5
S19,L1,G2,4,70%,,,Psychotria nigra,0.6
S19,L1,G2,4,70%,,,Psychotria nigra,0.6
S19,L1,G2,4,70%,,,Psychotria nigra,0.4
S19,L1,G2,5,65%,,,Psychotria nigra,0.6
S19,L1,G2,5,65%,,,Psychotria nigra,0.5
S19,L1,G2,5,65%,,,Psychotria nigra,0.5
S19,L1,G2,5,65%,,,Psychotria nigra,0.5
S19,L1,G2,5,65%,,,Psychotria nigra,0.5
S19,L1,G2,5,65%,,,Psychotria nigra,0.5
S19,L1,G2,5,65%,,,Psychotria nigra,0.5
S19,L1,G2,5,65%,,,Psychotria nigra,0.5
S19,L1,G2,5,65%,,,Psychotria nigra,2
S19,L1,G2,5,65%,,,Psychotria nigra,1.2
S19,L1,G2,5,65%,,,Psychotria nigra,2
S19,L1,G2,6,70%,,,Psychotria nigra,0.4
S19,L1,G2,6,70%,,,Psychotria nigra,0.5
S19,L1,G2,6,70%,,,Psychotria nigra,3
S19,L1,G2,6,70%,,,Psychotria nigra,4
S19,L1,G2,7,60%,,I Plot,Psychotria nigra,5
S19,L1,G2,7,60%,,I Plot,Psychotria nigra,3
S19,L1,G2,7,60%,,I Plot,Psychotria nigra,0.5
S19,L1,G2,7,60%,,I Plot,Psychotria nigra,0.5
S19,L1,G2,7,60%,,I Plot,Psychotria nigra,4
S19,L1,G2,9,70%,,,Psychotria nigra,0.4
S19,L1,G2,9,70%,,,Psychotria nigra,1.3
S19,L1,G2,9,70%,,,Psychotria nigra,0.5
S19,L1,G2,9,70%,,,Psychotria nigra,0.6
S19,L1,G2,10,65%,,1 Plot,Psychotria nigra,2
S19,L1,G2,10,65%,,1 Plot,Psychotria nigra,2
S19,L1,G2,11,60%,,1 Plot,Psychotria nigra,4
S19,L1,G2,11,60%,,1 Plot,Psychotria nigra,0.6
S19,L1,G2,12,60%,,,Psychotria nigra,4
S19,L1,G2,12,60%,,,Psychotria nigra,4
S19,L1,G2,12,60%,,,Psychotria nigra,3
S19,L1,G2,12,60%,,,Psychotria nigra,1.1
S19,L1,G2,12,60%,,,Psychotria nigra,1.2
S19,L1,G2,12,60%,,,Psychotria nigra,3
S19,L1,G2,12,60%,,,Psychotria nigra,1.3
S19,L1,G2,12,60%,,,Psychotria nigra,1.5
S19,L1,G2,12,60%,,,Psychotria nigra,0.5
S19,L1,G2,12,60%,,,Psychotria nigra,3
S19,L1,G2,12,60%,,,Psychotria nigra,5.6
S19,L1,G2,13,70%,,,Psychotria nigra,3
S19,L1,G2,13,70%,,,Psychotria nigra,1.7
S19,L1,G2,13,70%,,,Psychotria nigra,3.5
S19,L1,G2,13,70%,,,Psychotria nigra,1.2
S19,L1,G2,13,70%,,,Psychotria nigra,1.2
S19,L1,G2,14,69%,1 Net,,Psychotria nigra,3
S19,L1,G2,14,69%,1 Net,,Psychotria nigra,1.3
S19,L1,G2,14,69%,1 Net,,Psychotria nigra,3
S19,L1,G2,14,69%,1 Net,,Psychotria nigra,0.5
S19,L1,G2,14,69%,1 Net,,Psychotria nigra,1.2
S19,L1,G2,14,69%,1 Net,,Psychotria nigra,3
S19,L1,G2,15,75%,,,Psychotria nigra,3
S19,L1,G2,15,75%,,,Psychotria nigra,3
S19,L1,G2,16,70%,,,Psychotria nigra,1.2
S18,L1,G2,1,55%,,,Psychotria nigra,0.5
S18,L1,G2,1,55%,,,Psychotria nigra,0.4
S18,L1,G2,1,55%,,,Psychotria nigra,0.5
S18,L1,G2,1,55%,,,Psychotria nigra,0.4
S18,L1,G2,1,55%,,,Psychotria nigra,0.3
S18,L1,G2,1,55%,,,Psychotria nigra,6
S18,L1,G2,1,55%,,,Psychotria nigra,1.1
S18,L1,G2,1,55%,,,Psychotria nigra,0.6
S18,L1,G2,1,55%,,,Psychotria nigra,6
S18,L1,G2,1,55%,,,Psychotria nigra,0.4
S18,L1,G2,1,55%,,,Psychotria nigra,0.5
S18,L1,G2,1,55%,,,Psychotria nigra,1.2
S18,L1,G2,1,55%,,,Psychotria nigra,0.4
S18,L1,G2,1,55%,,,Psychotria nigra,0.4
S18,L1,G2,1,55%,,,Psychotria nigra,0.5
S18,L1,G2,1,55%,,,Psychotria nigra,0.5
S18,L1,G2,1,55%,,,Psychotria nigra,0.4
S18,L1,G2,1,55%,,,Psychotria nigra,8
S18,L1,G2,1,55%,,,Psychotria nigra,0.5
S18,L1,G2,1,55%,,,Psychotria nigra,2
S18,L1,G2,1,55%,,,Psychotria nigra,0.5
S18,L1,G2,1,55%,,,Psychotria nigra,0.5
S18,L1,G2,1,55%,,,Psychotria nigra,0.4
S18,L1,G2,1,55%,,,Psychotria nigra,0.5
S18,L1,G2,1,55%,,,Psychotria nigra,0.5
S18,L1,G2,1,55%,,,Psychotria nigra,0.5
S18,L1,G2,1,55%,,,Psychotria nigra,0.4
S18,L1,G2,1,55%,,,Psychotria nigra,3.5
S18,L1,G2,1,55%,,,Psychotria nigra,0.4
S18,L1,G2,1,55%,,,Psychotria nigra,8
S18,L1,G2,1,55%,,,Psychotria nigra,0.5
S18,L1,G2,1,55%,,,Psychotria nigra,0.5
S18,L1,G2,1,55%,,,Psychotria nigra,0.6
S18,L1,G2,1,55%,,,Psychotria nigra,0.5
S18,L1,G2,1,55%,,,Psychotria nigra,0.9
S18,L1,G2,1,55%,,,Psychotria nigra,0.5
S18,L1,G2,1,55%,,,Psychotria nigra,0.5
S18,L1,G2,1,55%,,,Psychotria nigra,0.5
S18,L1,G2,1,55%,,,Psychotria nigra,5
S18,L1,G2,2,55%,,,Psychotria nigra,0.5
S18,L1,G2,2,55%,,,Psychotria nigra,0.5
S18,L1,G2,2,55%,,,Psychotria nigra,0.5
S18,L1,G2,2,55%,,,Psychotria nigra,0.5
S18,L1,G2,2,55%,,,Psychotria nigra,0.5
S18,L1,G2,2,55%,,,Psychotria nigra,0.5
S18,L1,G2,2,55%,,,Psychotria nigra,3.5
S18,L1,G2,2,55%,,,Psychotria nigra,0.4
S18,L1,G2,2,55%,,,Psychotria nigra,0.4
S18,L1,G2,2,55%,,,Psychotria nigra,0.5
S18,L1,G2,2,55%,,,Psychotria nigra,0.5
S18,L1,G2,2,55%,,,Psychotria nigra,0.5
S18,L1,G2,2,55%,,,Psychotria nigra,0.5
S18,L1,G2,2,55%,,,Psychotria nigra,0.4
S18,L1,G2,2,55%,,,Psychotria nigra,5.5
S18,L1,G2,2,55%,,,Psychotria nigra,0.5
S18,L1,G2,2,55%,,,Psychotria nigra,0.5
S18,L1,G2,2,55%,,,Psychotria nigra,0.5
S18,L1,G2,2,55%,,,Psychotria nigra,0.5
S18,L1,G2,2,55%,,,Psychotria nigra,0.4
S18,L1,G2,2,55%,,,Psychotria nigra,0.5
S18,L1,G2,2,55%,,,Psychotria nigra,0.5
S18,L1,G2,2,55%,,,Psychotria nigra,0.5
S18,L1,G2,2,55%,,,Psychotria nigra,0.5
S18,L1,G2,2,55%,,,Psychotria nigra,0.5
S18,L1,G2,2,55%,,,Psychotria nigra,0.5
S18,L1,G2,2,55%,,,Psychotria nigra,0.5
S18,L1,G2,2,55%,,,Psychotria nigra,0.5
S18,L1,G2,2,55%,,,Psychotria nigra,0.5
S18,L1,G2,2,55%,,,Psychotria nigra,5.5
S18,L1,G2,2,55%,,,Psychotria nigra,0.5
S18,L1,G2,2,55%,,,Psychotria nigra,0.5
S18,L1,G2,2,55%,,,Psychotria nigra,0.5
S18,L1,G2,2,55%,,,Psychotria nigra,0.5
S18,L1,G2,2,55%,,,Psychotria nigra,2
S18,L1,G2,2,55%,,,Psychotria nigra,0.5
S18,L1,G2,2,55%,,,Psychotria nigra,2
S18,L1,G2,2,55%,,,Psychotria nigra,0.5
S18,L1,G2,2,55%,,,Psychotria nigra,0.4
S18,L1,G2,2,55%,,,Psychotria nigra,3.5
S18,L1,G2,2,55%,,,Psychotria nigra,0.5
S18,L1,G2,2,55%,,,Psychotria nigra,0.5
S18,L1,G2,2,55%,,,Psychotria nigra,0.5
S18,L1,G2,2,55%,,,Psychotria nigra,0.5
S18,L1,G2,2,55%,,,Psychotria nigra,4
S18,L1,G2,2,55%,,,Psychotria nigra,0.5
S18,L1,G2,2,55%,,,Psychotria nigra,0.3
S18,L1,G2,2,55%,,,Psychotria nigra,0.6
S18,L1,G2,2,55%,,,Psychotria nigra,0.5
S18,L1,G2,2,55%,,,Psychotria nigra,0.6
S18,L1,G2,2,55%,,,Psychotria nigra,0.5
S18,L1,G2,2,55%,,,Psychotria nigra,0.5
S18,L1,G2,2,55%,,,Psychotria nigra,0.5
S18,L1,G2,2,55%,,,Psychotria nigra,0.5
S18,L1,G2,2,55%,,,Psychotria nigra,6
S18,L1,G2,2,55%,,,Psychotria nigra,1.2
S18,L1,G2,2,55%,,,Psychotria nigra,0.5
S18,L1,G2,2,55%,,,Psychotria nigra,0.5
S18,L1,G2,2,55%,,,Psychotria nigra,0.5
S18,L1,G2,2,55%,,,Psychotria nigra,5
S18,L1,G2,2,55%,,,Psychotria nigra,1.2
S18,L1,G2,2,55%,,,Psychotria nigra,0.5
S18,L1,G2,2,55%,,,Psychotria nigra,0.4
S18,L1,G2,2,55%,,,Psychotria nigra,0.5
S18,L1,G2,2,55%,,,Psychotria nigra,0.5
S18,L1,G2,2,55%,,,Psychotria nigra,0.5
S18,L1,G2,2,55%,,,Psychotria nigra,0.5
S18,L1,G2,2,55%,,,Psychotria nigra,0.5
S18,L1,G2,3,40%,,,Psychotria nigra,0.4
S18,L1,G2,3,40%,,,Psychotria nigra,0.5
S18,L1,G2,3,40%,,,Psychotria nigra,0.5
S18,L1,G2,3,40%,,,Psychotria nigra,0.5
S18,L1,G2,3,40%,,,Psychotria nigra,0.5
S18,L1,G2,3,40%,,,Psychotria nigra,0.5
S18,L1,G2,3,40%,,,Psychotria nigra,0.5
S18,L1,G2,3,40%,,,Psychotria nigra,0.5
S18,L1,G2,3,40%,,,Psychotria nigra,0.4
S18,L1,G2,3,40%,,,Psychotria nigra,0.5
S18,L1,G2,3,40%,,,Psychotria nigra,0.5
S18,L1,G2,3,40%,,,Psychotria nigra,0.5
S18,L1,G2,3,40%,,,Psychotria nigra,0.5
S18,L1,G2,3,40%,,,Psychotria nigra,0.5
S18,L1,G2,3,40%,,,Psychotria nigra,0.5
S18,L1,G2,3,40%,,,Psychotria nigra,0.5
S18,L1,G2,3,40%,,,Psychotria nigra,0.5
S18,L1,G2,3,40%,,,Psychotria nigra,1.5
S18,L1,G2,3,40%,,,Psychotria nigra,0.5
S18,L1,G2,3,40%,,,Psychotria nigra,0.5
S18,L1,G2,3,40%,,,Psychotria nigra,0.5
S18,L1,G2,3,40%,,,Psychotria nigra,0.5
S18,L1,G2,3,40%,,,Psychotria nigra,0.5
S18,L1,G2,3,40%,,,Psychotria nigra,0.5
S18,L1,G2,3,40%,,,Psychotria nigra,0.4
S18,L1,G2,3,40%,,,Psychotria nigra,0.5
S18,L1,G2,3,40%,,,Psychotria nigra,5
S18,L1,G2,3,40%,,,Psychotria nigra,0.5
S18,L1,G2,3,40%,,,Psychotria nigra,0.4
S18,L1,G2,3,40%,,,Psychotria nigra,0.4
S18,L1,G2,3,40%,,,Psychotria nigra,0.5
S18,L1,G2,3,40%,,,Psychotria nigra,0.5
S18,L1,G2,3,40%,,,Psychotria nigra,0.5
S18,L1,G2,3,40%,,,Psychotria nigra,0.5
S18,L1,G2,3,40%,,,Psychotria nigra,0.5
S18,L1,G2,3,40%,,,Psychotria nigra,0.5
S18,L1,G2,3,40%,,,Psychotria nigra,0.5
S18,L1,G2,3,40%,,,Psychotria nigra,5
S18,L1,G2,3,40%,,,Psychotria nigra,8
S18,L1,G2,3,40%,,,Psychotria nigra,0.5
S18,L1,G2,3,40%,,,Psychotria nigra,0.5
S18,L1,G2,3,40%,,,Psychotria nigra,3
S18,L1,G2,3,40%,,,Psychotria nigra,6
S18,L1,G2,3,40%,,,Psychotria nigra,1.2
S18,L1,G2,3,40%,,,Psychotria nigra,1.8
S18,L1,G2,3,40%,,,Psychotria nigra,0.5
S18,L1,G2,3,40%,,,Psychotria nigra,0.5
S18,L1,G2,3,40%,,,Psychotria nigra,0.5
S18,L1,G2,3,40%,,,Psychotria nigra,0.5
S18,L1,G2,3,40%,,,Psychotria nigra,0.5
S18,L1,G2,3,40%,,,Psychotria nigra,0.5
S18,L1,G2,3,40%,,,Psychotria nigra,0.5
S18,L1,G2,4,70%,,,Psychotria nigra,5.5
S18,L1,G2,4,70%,,,Psychotria nigra,3
S18,L1,G2,4,70%,,,Psychotria nigra,5
S18,L1,G2,4,70%,,,Psychotria nigra,0.5
S18,L1,G2,4,70%,,,Psychotria nigra,0.5
S18,L1,G2,4,70%,,,Psychotria nigra,0.5
S18,L1,G2,4,70%,,,Psychotria nigra,0.7
S18,L1,G2,4,70%,,,Psychotria nigra,0.5
S18,L1,G2,4,70%,,,Psychotria nigra,1.2
S18,L1,G2,4,70%,,,Psychotria nigra,0.5
S18,L1,G2,4,70%,,,Psychotria nigra,0.5
S18,L1,G2,4,70%,,,Psychotria nigra,2
S18,L1,G2,4,70%,,,Psychotria nigra,1.7
S18,L1,G2,4,70%,,,Psychotria nigra,2
S18,L1,G2,4,70%,,,Psychotria nigra,1.5
S18,L1,G2,4,70%,,,Psychotria nigra,3
S18,L1,G2,4,70%,,,Psychotria nigra,0.5
S18,L1,G2,4,70%,,,Psychotria nigra,0.4
S18,L1,G2,4,70%,,,Psychotria nigra,10
S18,L1,G2,4,70%,,,Psychotria nigra,1.3
S18,L1,G2,4,70%,,,Psychotria nigra,1.3
S18,L1,G2,4,70%,,,Psychotria nigra,0.4
S18,L1,G2,4,70%,,,Psychotria nigra,5.3
S18,L1,G2,4,70%,,,Psychotria nigra,0.4
S18,L1,G2,4,70%,,,Psychotria nigra,0.5
S18,L1,G2,4,70%,,,Psychotria nigra,1.3
S18,L1,G2,4,70%,,,Psychotria nigra,1.2
S18,L1,G2,4,70%,,,Psychotria nigra,0.5
S18,L1,G2,4,70%,,,Psychotria nigra,0.5
S18,L1,G2,4,70%,,,Psychotria nigra,2.5
S18,L1,G2,4,70%,,,Psychotria nigra,1.1
S18,L1,G2,5,55%,,0.5 Plot,Psychotria nigra,2
S18,L1,G2,5,55%,,0.5 Plot,Psychotria nigra,7
S18,L1,G2,5,55%,,0.5 Plot,Psychotria nigra,0.5
S18,L1,G2,5,55%,,0.5 Plot,Psychotria nigra,1.2
S18,L1,G2,5,55%,,0.5 Plot,Psychotria nigra,5.5
S18,L1,G2,5,55%,,0.5 Plot,Psychotria nigra,0.6
S18,L1,G2,5,55%,,0.5 Plot,Psychotria nigra,1.1
S18,L1,G2,6,55%,1 Net,4 Plots,Psychotria nigra,0.7
S18,L1,G2,6,55%,1 Net,4 Plots,Psychotria nigra,0.5
S18,L1,G2,6,55%,1 Net,4 Plots,Psychotria nigra,6
S18,L1,G2,6,55%,1 Net,4 Plots,Psychotria nigra,3.5
S18,L1,G2,6,55%,1 Net,4 Plots,Psychotria nigra,9
S18,L1,G2,6,55%,1 Net,4 Plots,Psychotria nigra,1.1
S18,L1,G2,6,55%,1 Net,4 Plots,Psychotria nigra,4
S18,L1,G2,6,55%,1 Net,4 Plots,Psychotria nigra,0.3
S18,L1,G2,6,55%,1 Net,4 Plots,Psychotria nigra,6
S18,L1,G2,6,55%,1 Net,4 Plots,Psychotria nigra,0.5
S18,L1,G2,6,55%,1 Net,4 Plots,Psychotria nigra,0.4
S18,L1,G2,6,55%,1 Net,4 Plots,Psychotria nigra,0.5
S18,L1,G2,6,55%,1 Net,4 Plots,Psychotria nigra,0.5
S18,L1,G2,7,60%,,,Psychotria nigra,0.5
S18,L1,G2,7,60%,,,Psychotria nigra,6
S18,L1,G2,7,60%,,,Psychotria nigra,4
S18,L1,G2,7,60%,,,Psychotria nigra,0.5
S18,L1,G2,7,60%,,,Psychotria nigra,0.5
S18,L1,G2,7,60%,,,Psychotria nigra,0.5
S18,L1,G2,7,60%,,,Psychotria nigra,0.5
S18,L1,G2,7,60%,,,Psychotria nigra,0.5
S18,L1,G2,7,60%,,,Psychotria nigra,5
S18,L1,G2,7,60%,,,Psychotria nigra,0.5
S18,L1,G2,7,60%,,,Psychotria nigra,0.5
S18,L1,G2,7,60%,,,Psychotria nigra,3
S18,L1,G2,7,60%,,,Psychotria nigra,1.2
S18,L1,G2,7,60%,,,Psychotria nigra,1.1
S18,L1,G2,7,60%,,,Psychotria nigra,6
S18,L1,G2,7,60%,,,Psychotria nigra,3
S18,L1,G2,8,55%,,,Psychotria nigra,7.6
S18,L1,G2,8,55%,,,Psychotria nigra,1.1
S18,L1,G2,8,55%,,,Psychotria nigra,0.6
S18,L1,G2,8,55%,,,Psychotria nigra,1.2
S18,L1,G2,8,55%,,,Psychotria nigra,0.7
S18,L1,G2,8,55%,,,Psychotria nigra,1.3
S18,L1,G2,8,55%,,,Psychotria nigra,1.3
S18,L1,G2,8,55%,,,Psychotria nigra,6
S18,L1,G2,8,55%,,,Psychotria nigra,1.5
S18,L1,G2,8,55%,,,Psychotria nigra,8
S18,L1,G2,8,55%,,,Psychotria nigra,0.6
S18,L1,G2,8,55%,,,Psychotria nigra,1.1
S18,L1,G2,8,55%,,,Psychotria nigra,4.3
S18,L1,G2,8,55%,,,Psychotria nigra,1.2
S18,L1,G2,8,55%,,,Psychotria nigra,2
S18,L1,G2,8,55%,,,Psychotria nigra,4.3
S18,L1,G2,8,55%,,,Psychotria nigra,1.5
S18,L1,G2,8,55%,,,Psychotria nigra,6
S18,L1,G2,8,55%,,,Psychotria nigra,5.3
S18,L1,G2,8,55%,,,Psychotria nigra,0.7
S18,L1,G2,8,55%,,,Psychotria nigra,0.5
S18,L1,G2,8,55%,,,Psychotria nigra,0.5
S18,L1,G2,9,60%,,,Psychotria nigra,5.5
S18,L1,G2,9,60%,,,Psychotria nigra,0.5
S18,L1,G2,9,60%,,,Psychotria nigra,0.4
S18,L1,G2,9,60%,,,Psychotria nigra,6
S18,L1,G2,9,60%,,,Psychotria nigra,5.6
S18,L1,G2,10,65%,,,Psychotria nigra,3
S18,L1,G2,10,65%,,,Psychotria nigra,6.2
S18,L1,G2,10,65%,,,Psychotria nigra,6
S18,L1,G2,10,65%,,,Psychotria nigra,0.5
S18,L1,G2,10,65%,,,Psychotria nigra,7
S18,L1,G2,10,65%,,,Psychotria nigra,0.5
S18,L1,G2,10,65%,,,Psychotria nigra,1.5
S18,L1,G2,10,65%,,,Psychotria nigra,1.7
S18,L1,G2,10,65%,,,Psychotria nigra,0.5
S18,L1,G2,10,65%,,,Psychotria nigra,0.5
S18,L1,G2,10,65%,,,Psychotria nigra,6
S18,L1,G2,10,65%,,,Psychotria nigra,2.2
S18,L1,G2,10,65%,,,Psychotria nigra,7
S18,L1,G2,10,65%,,,Psychotria nigra,3.2
S18,L1,G2,10,65%,,,Psychotria nigra,6.7
S18,L1,G2,10,65%,,,Psychotria nigra,0.6
S18,L1,G2,10,65%,,,Psychotria nigra,5
S18,L1,G2,11,55%,1 Net,,Psychotria nigra,0.5
S18,L1,G2,11,55%,1 Net,,Psychotria nigra,5
S18,L1,G2,11,55%,1 Net,,Psychotria nigra,0.5
S18,L1,G2,11,55%,1 Net,,Psychotria nigra,8
S18,L1,G2,11,55%,1 Net,,Psychotria nigra,2
S18,L1,G2,11,55%,1 Net,,Psychotria nigra,3.7
S18,L1,G2,11,55%,1 Net,,Psychotria nigra,1.2
S18,L1,G2,11,55%,1 Net,,Psychotria nigra,1.2
S18,L1,G2,11,55%,1 Net,,Psychotria nigra,1.2
S18,L1,G2,12,55%,,,Psychotria nigra,1.2
S18,L1,G2,12,55%,,,Psychotria nigra,1
S18,L1,G2,12,55%,,,Psychotria nigra,0.7
S18,L1,G2,12,55%,,,Psychotria nigra,0.5
S18,L1,G2,13,57%,,,Psychotria nigra,6
S18,L1,G2,13,57%,,,Psychotria nigra,2.6
S18,L1,G2,13,57%,,,Psychotria nigra,5.3
S18,L1,G2,13,57%,,,Psychotria nigra,6.6
S18,L1,G2,14,60%,,,Psychotria nigra,0.6
S18,L1,G2,14,60%,,,Psychotria nigra,2
S18,L1,G2,14,60%,,,Psychotria nigra,1.8
S18,L1,G2,14,60%,,,Psychotria nigra,1.2
S18,L1,G2,14,60%,,,Psychotria nigra,3.2
S18,L1,G2,15,60%,,,Psychotria nigra,4.2
S18,L1,G2,15,60%,,,Psychotria nigra,0.5
S18,L1,G2,15,60%,,,Psychotria nigra,6.5
S18,L1,G2,15,60%,,,Psychotria nigra,0.5
S18,L1,G2,15,60%,,,Psychotria nigra,0.5
S18,L1,G2,15,60%,,,Psychotria nigra,0.6
S18,L1,G2,15,60%,,,Psychotria nigra,0.6
S18,L1,G2,15,60%,,,Psychotria nigra,1.2
S18,L1,G2,15,60%,,,Psychotria nigra,1.7
S18,L1,G2,15,60%,,,Psychotria nigra,4.6
S18,L1,G2,16,65%,,,Psychotria nigra,0.5
S18,L1,G2,16,65%,,,Psychotria nigra,4.2
S12,L2,G3,1,75%,1 Net,,Psychotria nigra,4
S12,L2,G3,1,75%,1 Net,,Psychotria nigra,5
S12,L2,G3,1,75%,1 Net,,Psychotria nigra,7
S12,L2,G3,1,75%,1 Net,,Psychotria nigra,7
S12,L2,G3,1,75%,1 Net,,Psychotria nigra,2
S12,L2,G3,1,75%,1 Net,,Psychotria nigra,2
S12,L2,G3,1,75%,1 Net,,Psychotria nigra,6
S12,L2,G3,1,75%,1 Net,,Psychotria nigra,13
S12,L2,G3,1,75%,1 Net,,Psychotria nigra,2
S12,L2,G3,1,75%,1 Net,,Psychotria nigra,1.6
S12,L2,G3,1,75%,1 Net,,Psychotria nigra,13
S12,L2,G3,1,75%,1 Net,,Psychotria nigra,6
S12,L2,G3,1,75%,1 Net,,Psychotria nigra,6
S12,L2,G3,1,75%,1 Net,,Psychotria nigra,5
S12,L2,G3,1,75%,1 Net,,Psychotria nigra,3
S12,L2,G3,1,75%,1 Net,,Psychotria nigra,1.5
S12,L2,G3,1,75%,1 Net,,Psychotria nigra,5
S12,L2,G3,1,75%,1 Net,,Psychotria nigra,2
S12,L2,G3,2,75%,,,Psychotria nigra,10
S12,L2,G3,2,75%,,,Psychotria nigra,6
S12,L2,G3,2,75%,,,Psychotria nigra,2
S12,L2,G3,2,75%,,,Psychotria nigra,3
S12,L2,G3,2,75%,,,Psychotria nigra,3
S12,L2,G3,2,75%,,,Psychotria nigra,7
S12,L2,G3,2,75%,,,Psychotria nigra,7
S12,L2,G3,2,75%,,,Psychotria nigra,6
S12,L2,G3,2,75%,,,Psychotria nigra,8
S12,L2,G3,2,75%,,,Psychotria nigra,8
S12,L2,G3,2,75%,,,Psychotria nigra,0.5
S12,L2,G3,3,70%,,,Psychotria nigra,7
S12,L2,G3,3,70%,,,Psychotria nigra,4
S12,L2,G3,3,70%,,,Psychotria nigra,7
S12,L2,G3,3,70%,,,Psychotria nigra,7
S12,L2,G3,3,70%,,,Psychotria nigra,3
S12,L2,G3,3,70%,,,Psychotria nigra,7
S12,L2,G3,3,70%,,,Psychotria nigra,6
S12,L2,G3,4,75%,,,Psychotria nigra,1.1
S12,L2,G3,4,75%,,,Psychotria nigra,0.6
S12,L2,G3,4,75%,,,Psychotria nigra,3
S12,L2,G3,4,75%,,,Psychotria nigra,0.6
S12,L2,G3,4,75%,,,Psychotria nigra,2
S12,L2,G3,4,75%,,,Psychotria nigra,7
S12,L2,G3,4,75%,,,Psychotria nigra,6
S12,L2,G3,4,75%,,,Psychotria nigra,8
S12,L2,G3,4,75%,,,Psychotria nigra,5
S12,L2,G3,4,75%,,,Psychotria nigra,7
S12,L2,G3,5,77%,,,Psychotria nigra,3
S12,L2,G3,5,77%,,,Psychotria nigra,7
S12,L2,G3,5,77%,,,Psychotria nigra,3
S12,L2,G3,5,77%,,,Psychotria nigra,8
S12,L2,G3,5,77%,,,Psychotria nigra,3
S12,L2,G3,5,77%,,,Psychotria nigra,3
S12,L2,G3,5,77%,,,Psychotria nigra,3
S12,L2,G3,5,77%,,,Psychotria nigra,2.5
S12,L2,G3,5,77%,,,Psychotria nigra,5
S12,L2,G3,6,70%,,,Psychotria nigra,5
S12,L2,G3,6,70%,,,Psychotria nigra,8
S12,L2,G3,6,70%,,,Psychotria nigra,0.7
S12,L2,G3,6,70%,,,Psychotria nigra,0.7
S12,L2,G3,6,70%,,,Psychotria nigra,8
S12,L2,G3,6,70%,,,Psychotria nigra,6
S12,L2,G3,7,70%,,,Psychotria nigra,8
S12,L2,G3,7,70%,,,Psychotria nigra,9
S12,L2,G3,7,70%,,,Psychotria nigra,2.5
S12,L2,G3,7,70%,,,Psychotria nigra,2
S12,L2,G3,7,70%,,,Psychotria nigra,9
S12,L2,G3,7,70%,,,Psychotria nigra,2
S12,L2,G3,7,70%,,,Psychotria nigra,3
S12,L2,G3,7,70%,,,Psychotria nigra,9
S12,L2,G3,7,70%,,,Psychotria nigra,3
S12,L2,G3,7,70%,,,Psychotria nigra,2.5
S12,L2,G3,7,70%,,,Psychotria nigra,3
S12,L2,G3,7,70%,,,Psychotria nigra,0.5
S12,L2,G3,8,80%,,,Psychotria nigra,2
S12,L2,G3,8,80%,,,Psychotria nigra,1.7
S12,L2,G3,8,80%,,,Psychotria nigra,2
S12,L2,G3,8,80%,,,Psychotria nigra,3.5
S12,L2,G3,8,80%,,,Psychotria nigra,2
S12,L2,G3,8,80%,,,Psychotria nigra,3
S12,L2,G3,8,80%,,,Psychotria nigra,4
S12,L2,G3,8,80%,,,Psychotria nigra,2
S12,L2,G3,8,80%,,,Psychotria nigra,3
S12,L2,G3,8,80%,,,Psychotria nigra,0.8
S12,L2,G3,8,80%,,,Psychotria nigra,14
S12,L2,G3,8,80%,,,Psychotria nigra,0.6
S12,L2,G3,8,80%,,,Psychotria nigra,2.5
S12,L2,G3,8,80%,,,Psychotria nigra,5
S12,L2,G3,8,80%,,,Psychotria nigra,2
S12,L2,G3,8,80%,,,Psychotria nigra,3
S12,L2,G3,8,80%,,,Psychotria nigra,2.5
S12,L2,G3,8,80%,,,Psychotria nigra,2
S12,L2,G3,8,80%,,,Psychotria nigra,2
S12,L2,G3,8,80%,,,Psychotria nigra,2
S12,L2,G3,8,80%,,,Psychotria nigra,2.5
S12,L2,G3,8,80%,,,Psychotria nigra,3
S12,L2,G3,8,80%,,,Psychotria nigra,2.5
S12,L2,G3,8,80%,,,Psychotria nigra,2
S12,L2,G3,8,80%,,,Psychotria nigra,3.5
S12,L2,G3,8,80%,,,Psychotria nigra,4
S12,L2,G3,8,80%,,,Psychotria nigra,2
S12,L2,G3,8,80%,,,Psychotria nigra,2
S12,L2,G3,8,80%,,,Psychotria nigra,2
S12,L2,G3,8,80%,,,Psychotria nigra,8
S12,L2,G3,8,80%,,,Psychotria nigra,8
S12,L2,G3,8,80%,,,Psychotria nigra,0.7
S12,L2,G3,8,80%,,,Psychotria nigra,6
S12,L2,G3,9,75%,,,Psychotria nigra,2
S12,L2,G3,9,75%,,,Psychotria nigra,1.8
S12,L2,G3,9,75%,,,Psychotria nigra,0.5
S12,L2,G3,9,75%,,,Psychotria nigra,0.5
S12,L2,G3,9,75%,,,Psychotria nigra,0.6
S12,L2,G3,9,75%,,,Psychotria nigra,0.5
S12,L2,G3,9,75%,,,Psychotria nigra,0.6
S12,L2,G3,9,75%,,,Psychotria nigra,2
S12,L2,G3,9,75%,,,Psychotria nigra,8
S12,L2,G3,9,75%,,,Psychotria nigra,7
S12,L2,G3,9,75%,,,Psychotria nigra,6
S12,L2,G3,9,75%,,,Psychotria nigra,6
S12,L2,G3,9,75%,,,Psychotria nigra,2
S12,L2,G3,9,75%,,,Psychotria nigra,2
S12,L2,G3,9,75%,,,Psychotria nigra,3
S12,L2,G3,9,75%,,,Psychotria nigra,4
S12,L2,G3,9,75%,,,Psychotria nigra,0.7
S12,L2,G3,9,75%,,,Psychotria nigra,6
S12,L2,G3,9,75%,,,Psychotria nigra,8
S12,L2,G3,9,75%,,,Psychotria nigra,6
S12,L2,G3,9,75%,,,Psychotria nigra,3
S12,L2,G3,9,75%,,,Psychotria nigra,3
S12,L2,G3,9,75%,,,Psychotria nigra,3
S12,L2,G3,9,75%,,,Psychotria nigra,2
S12,L2,G3,10,70%,,,Psychotria nigra,1
S12,L2,G3,10,70%,,,Psychotria nigra,8
S12,L2,G3,10,70%,,,Psychotria nigra,2
S12,L2,G3,10,70%,,,Psychotria nigra,2
S12,L2,G3,10,70%,,,Psychotria nigra,1.6
S12,L2,G3,10,70%,,,Psychotria nigra,3
S12,L2,G3,10,70%,,,Psychotria nigra,3
S12,L2,G3,10,70%,,,Psychotria nigra,2
S12,L2,G3,10,70%,,,Psychotria nigra,2.5
S12,L2,G3,10,70%,,,Psychotria nigra,3
S12,L2,G3,10,70%,,,Psychotria nigra,2.5
S12,L2,G3,10,70%,,,Psychotria nigra,3
S12,L2,G3,10,70%,,,Psychotria nigra,3
S12,L2,G3,10,70%,,,Psychotria nigra,2
S12,L2,G3,10,70%,,,Psychotria nigra,2
S12,L2,G3,10,70%,,,Psychotria nigra,2
S12,L2,G3,10,70%,,,Psychotria nigra,4
S12,L2,G3,10,70%,,,Psychotria nigra,4
S12,L2,G3,10,70%,,,Psychotria nigra,9
S12,L2,G3,10,70%,,,Psychotria nigra,2
S12,L2,G3,11,85%,,,Psychotria nigra,2
S12,L2,G3,11,85%,,,Psychotria nigra,0.5
S12,L2,G3,11,85%,,,Psychotria nigra,0.7
S12,L2,G3,11,85%,,,Psychotria nigra,2
S12,L2,G3,11,85%,,,Psychotria nigra,9
S12,L2,G3,11,85%,,,Psychotria nigra,1.7
S12,L2,G3,11,85%,,,Psychotria nigra,2
S12,L2,G3,11,85%,,,Psychotria nigra,2
S12,L2,G3,11,85%,,,Psychotria nigra,2
S12,L2,G3,11,85%,,,Psychotria nigra,2
S12,L2,G3,11,85%,,,Psychotria nigra,3
S12,L2,G3,11,85%,,,Psychotria nigra,8
S12,L2,G3,11,85%,,,Psychotria nigra,5
S12,L2,G3,11,85%,,,Psychotria nigra,9
S12,L2,G3,11,85%,,,Psychotria nigra,10
S12,L2,G3,11,85%,,,Psychotria nigra,9
S12,L2,G3,11,85%,,,Psychotria nigra,1
S12,L2,G3,11,85%,,,Psychotria nigra,0.9
S12,L2,G3,11,85%,,,Psychotria nigra,0.9
S12,L2,G3,12,78%,1 Net,,Psychotria nigra,5
S12,L2,G3,12,78%,1 Net,,Psychotria nigra,5
S12,L2,G3,12,78%,1 Net,,Psychotria nigra,9
S12,L2,G3,12,78%,1 Net,,Psychotria nigra,1.2
S12,L2,G3,12,78%,1 Net,,Psychotria nigra,2
S12,L2,G3,12,78%,1 Net,,Psychotria nigra,1.5
S12,L2,G3,12,78%,1 Net,,Psychotria nigra,4
S12,L2,G3,12,78%,1 Net,,Psychotria nigra,9
S12,L2,G3,12,78%,1 Net,,Psychotria nigra,1.1
S12,L2,G3,12,78%,1 Net,,Psychotria nigra,2
S12,L2,G3,12,78%,1 Net,,Psychotria nigra,3
S12,L2,G3,13,70%,,,Psychotria nigra,8
S12,L2,G3,14,75%,,,Psychotria nigra,7
S12,L2,G3,14,75%,,,Psychotria nigra,6
S12,L2,G3,14,75%,,,Psychotria nigra,5
S12,L2,G3,14,75%,,,Psychotria nigra,4
S12,L2,G3,14,75%,,,Psychotria nigra,3
S12,L2,G3,14,75%,,,Psychotria nigra,3
S12,L2,G3,14,75%,,,Psychotria nigra,3
S12,L2,G3,14,75%,,,Psychotria nigra,3
S12,L2,G3,14,75%,,,Psychotria nigra,2
S12,L2,G3,14,75%,,,Psychotria nigra,3
S12,L2,G3,15,80%,,,Psychotria nigra,7
S12,L2,G3,15,80%,,,Psychotria nigra,2.5
S12,L2,G3,15,80%,,,Psychotria nigra,2
S12,L2,G3,15,80%,,,Psychotria nigra,2
S12,L2,G3,15,80%,,,Psychotria nigra,4
S12,L2,G3,15,80%,,,Psychotria nigra,3
S12,L2,G3,15,80%,,,Psychotria nigra,2
S12,L2,G3,15,80%,,,Psychotria nigra,2
S12,L2,G3,15,80%,,,Psychotria nigra,1.5
S12,L2,G3,15,80%,,,Psychotria nigra,3
S12,L2,G3,15,80%,,,Psychotria nigra,9
S12,L2,G3,15,80%,,,Psychotria nigra,2
S12,L2,G3,15,80%,,,Psychotria nigra,10
S12,L2,G3,15,80%,,,Psychotria nigra,6
S12,L2,G3,15,80%,,,Psychotria nigra,4
S12,L2,G3,15,80%,,,Psychotria nigra,0.5
S12,L2,G3,15,80%,,,Psychotria nigra,0.7
S12,L2,G3,15,80%,,,Psychotria nigra,0.5
S12,L2,G3,15,80%,,,Psychotria nigra,9
S12,L2,G3,15,80%,,,Psychotria nigra,6
S12,L2,G3,15,80%,,,Psychotria nigra,2
S12,L2,G3,15,80%,,,Psychotria nigra,8
S12,L2,G3,15,80%,,,Psychotria nigra,2
S12,L2,G3,16,78%,,,Psychotria nigra,2
S12,L2,G3,16,78%,,,Psychotria nigra,2
S12,L2,G3,16,78%,,,Psychotria nigra,1.5
S12,L2,G3,16,78%,,,Psychotria nigra,5
S12,L2,G3,16,78%,,,Psychotria nigra,9
S12,L2,G3,16,78%,,,Psychotria nigra,7
S12,L2,G3,16,78%,,,Psychotria nigra,7
S3,L1,G2,1,60%,,,Psychotria nigra,6
S3,L1,G2,1,60%,,,Psychotria nigra,5
S3,L1,G2,1,60%,,,Psychotria nigra,5
S3,L1,G2,1,60%,,,Psychotria nigra,1.2
S3,L1,G2,1,60%,,,Psychotria nigra,2
S3,L1,G2,1,60%,,,Psychotria nigra,0.5
S3,L1,G2,1,60%,,,Psychotria nigra,0.5
S3,L1,G2,1,60%,,,Psychotria nigra,1.5
S3,L1,G2,1,60%,,,Psychotria nigra,0.5
S3,L1,G2,1,60%,,,Psychotria nigra,4
S3,L1,G2,1,60%,,,Psychotria nigra,0.5
S3,L1,G2,1,60%,,,Psychotria nigra,0.5
S3,L1,G2,1,60%,,,Psychotria nigra,0.5
S3,L1,G2,1,60%,,,Psychotria nigra,6
S3,L1,G2,1,60%,,,Psychotria nigra,8
S3,L1,G2,1,60%,,,Psychotria nigra,0.5
S3,L1,G2,1,60%,,,Psychotria nigra,10
S3,L1,G2,2,78%,,,Psychotria nigra,8
S3,L1,G2,2,78%,,,Psychotria nigra,7
S3,L1,G2,2,78%,,,Psychotria nigra,5
S3,L1,G2,2,78%,,,Psychotria nigra,6
S3,L1,G2,2,78%,,,Psychotria nigra,0.6
S3,L1,G2,2,78%,,,Psychotria nigra,0.5
S3,L1,G2,2,78%,,,Psychotria nigra,0.5
S3,L1,G2,2,78%,,,Psychotria nigra,3
S3,L1,G2,3,60%,,,Psychotria nigra,6
S3,L1,G2,3,60%,,,Psychotria nigra,5
S3,L1,G2,3,60%,,,Psychotria nigra,3
S3,L1,G2,3,60%,,,Psychotria nigra,1.2
S3,L1,G2,3,60%,,,Psychotria nigra,3
S3,L1,G2,3,60%,,,Psychotria nigra,0.9
S3,L1,G2,3,60%,,,Psychotria nigra,2
S3,L1,G2,3,60%,,,Psychotria nigra,5
S3,L1,G2,3,60%,,,Psychotria nigra,64
S3,L1,G2,3,60%,,,Psychotria nigra,1
S3,L1,G2,3,60%,,,Psychotria nigra,0.5
S3,L1,G2,3,60%,,,Psychotria nigra,2
S3,L1,G2,3,60%,,,Psychotria nigra,2
S3,L1,G2,3,60%,,,Psychotria nigra,0.5
S3,L1,G2,3,60%,,,Psychotria nigra,0.6
S3,L1,G2,3,60%,,,Psychotria nigra,3
S3,L1,G2,3,60%,,,Psychotria nigra,2
S3,L1,G2,3,60%,,,Psychotria nigra,3
S3,L1,G2,3,60%,,,Psychotria nigra,3
S3,L1,G2,3,60%,,,Psychotria nigra,4
S3,L1,G2,3,60%,,,Psychotria nigra,3
S3,L1,G2,3,60%,,,Psychotria nigra,0.7
S3,L1,G2,3,60%,,,Psychotria nigra,0.7
S3,L1,G2,3,60%,,,Psychotria nigra,0.5
S3,L1,G2,3,60%,,,Psychotria nigra,1
S3,L1,G2,3,60%,,,Psychotria nigra,1
S3,L1,G2,3,60%,,,Psychotria nigra,1.2
S3,L1,G2,3,60%,,,Psychotria nigra,0.9
S3,L1,G2,3,60%,,,Psychotria nigra,0.9
S3,L1,G2,3,60%,,,Psychotria nigra,1.2
S3,L1,G2,3,60%,,,Psychotria nigra,0.5
S3,L1,G2,3,60%,,,Psychotria nigra,0.5
S3,L1,G2,3,60%,,,Psychotria nigra,0.5
S3,L1,G2,3,60%,,,Psychotria nigra,0.5
S3,L1,G2,3,60%,,,Psychotria nigra,0.5
S3,L1,G2,3,60%,,,Psychotria nigra,0.5
S3,L1,G2,3,60%,,,Psychotria nigra,0.5
S3,L1,G2,3,60%,,,Psychotria nigra,7
S3,L1,G2,3,60%,,,Psychotria nigra,0.5
S3,L1,G2,3,60%,,,Psychotria nigra,8
S3,L1,G2,3,60%,,,Psychotria nigra,2
S3,L1,G2,3,60%,,,Psychotria nigra,2
S3,L1,G2,3,60%,,,Psychotria nigra,2
S3,L1,G2,4,75%,,,Psychotria nigra,3
S3,L1,G2,4,75%,,,Psychotria nigra,2
S3,L1,G2,4,75%,,,Psychotria nigra,2
S3,L1,G2,4,75%,,,Psychotria nigra,4
S3,L1,G2,4,75%,,,Psychotria nigra,2
S3,L1,G2,4,75%,,,Psychotria nigra,1.2
S3,L1,G2,4,75%,,,Psychotria nigra,1.2
S3,L1,G2,4,75%,,,Psychotria nigra,3
S3,L1,G2,4,75%,,,Psychotria nigra,8
S3,L1,G2,4,75%,,,Psychotria nigra,1.2
S3,L1,G2,4,75%,,,Psychotria nigra,1.5
S3,L1,G2,4,75%,,,Psychotria nigra,1.5
S3,L1,G2,4,75%,,,Psychotria nigra,1.5
S3,L1,G2,4,75%,,,Psychotria nigra,3
S3,L1,G2,4,75%,,,Psychotria nigra,0.5
S3,L1,G2,4,75%,,,Psychotria nigra,0.5
S3,L1,G2,4,75%,,,Psychotria nigra,0.5
S3,L1,G2,4,75%,,,Psychotria nigra,12
S3,L1,G2,4,75%,,,Psychotria nigra,2
S3,L1,G2,4,75%,,,Psychotria nigra,2
S3,L1,G2,4,75%,,,Psychotria nigra,8
S3,L1,G2,4,75%,,,Psychotria nigra,2
S3,L1,G2,4,75%,,,Psychotria nigra,2
S3,L1,G2,4,75%,,,Psychotria nigra,3
S3,L1,G2,4,75%,,,Psychotria nigra,0.5
S3,L1,G2,4,75%,,,Psychotria nigra,0.5
S3,L1,G2,4,75%,,,Psychotria nigra,0.5
S3,L1,G2,4,75%,,,Psychotria nigra,0.5
S3,L1,G2,4,75%,,,Psychotria nigra,0.5
S3,L1,G2,4,75%,,,Psychotria nigra,0.5
S3,L1,G2,4,75%,,,Psychotria nigra,0.5
S3,L1,G2,4,75%,,,Psychotria nigra,0.5
S3,L1,G2,4,75%,,,Psychotria nigra,0.5
S3,L1,G2,4,75%,,,Psychotria nigra,0.5
S3,L1,G2,4,75%,,,Psychotria nigra,0.5
S3,L1,G2,4,75%,,,Psychotria nigra,0.5
S3,L1,G2,4,75%,,,Psychotria nigra,0.5
S3,L1,G2,4,75%,,,Psychotria nigra,0.5
S3,L1,G2,4,75%,,,Psychotria nigra,0.5
S3,L1,G2,4,75%,,,Psychotria nigra,0.5
S3,L1,G2,4,75%,,,Psychotria nigra,0.5
S3,L1,G2,4,75%,,,Psychotria nigra,0.5
S3,L1,G2,4,75%,,,Psychotria nigra,0.5
S3,L1,G2,4,75%,,,Psychotria nigra,0.5
S3,L1,G2,4,75%,,,Psychotria nigra,0.5
S3,L1,G2,5,65%,,,Psychotria nigra,12
S3,L1,G2,5,65%,,,Psychotria nigra,1.5
S3,L1,G2,5,65%,,,Psychotria nigra,1.5
S3,L1,G2,5,65%,,,Psychotria nigra,6
S3,L1,G2,5,65%,,,Psychotria nigra,5
S3,L1,G2,5,65%,,,Psychotria nigra,1.2
S3,L1,G2,5,65%,,,Psychotria nigra,1.2
S3,L1,G2,5,65%,,,Psychotria nigra,0.2
S3,L1,G2,5,65%,,,Psychotria nigra,3
S3,L1,G2,6,76%,,,Psychotria nigra,3.5
S3,L1,G2,6,76%,,,Psychotria nigra,0.5
S3,L1,G2,6,76%,,,Psychotria nigra,1.2
S3,L1,G2,6,76%,,,Psychotria nigra,1.4
S3,L1,G2,6,76%,,,Psychotria nigra,0.5
S3,L1,G2,6,76%,,,Psychotria nigra,0.7
S3,L1,G2,6,76%,,,Psychotria nigra,1.2
S3,L1,G2,6,76%,,,Psychotria nigra,6
S3,L1,G2,6,76%,,,Psychotria nigra,1.5
S3,L1,G2,6,76%,,,Psychotria nigra,2
S3,L1,G2,6,76%,,,Psychotria nigra,5
S3,L1,G2,6,76%,,,Psychotria nigra,1.2
S3,L1,G2,7,70%,,,Psychotria nigra,1.2
S3,L1,G2,7,70%,,,Psychotria nigra,3
S3,L1,G2,7,70%,,,Psychotria nigra,7
S3,L1,G2,7,70%,,,Psychotria nigra,6
S3,L1,G2,7,70%,,,Psychotria nigra,1.2
S3,L1,G2,7,70%,,,Psychotria nigra,5
S3,L1,G2,8,60%,,,Psychotria nigra,7
S3,L1,G2,8,60%,,,Psychotria nigra,7
S3,L1,G2,8,60%,,,Psychotria nigra,6
S3,L1,G2,8,60%,,,Psychotria nigra,3.5
S3,L1,G2,8,60%,,,Psychotria nigra,2.3
S3,L1,G2,8,60%,,,Psychotria nigra,7
S3,L1,G2,9,75%,,,Psychotria nigra,3
S3,L1,G2,9,75%,,,Psychotria nigra,1.2
S3,L1,G2,9,75%,,,Psychotria nigra,2.5
S3,L1,G2,9,75%,,,Psychotria nigra,2
S3,L1,G2,10,70%,,,Psychotria nigra,1.5
S3,L1,G2,10,70%,,,Psychotria nigra,2.5
S3,L1,G2,10,70%,,,Psychotria nigra,0.5
S3,L1,G2,10,70%,,,Psychotria nigra,0.7
S3,L1,G2,10,70%,,,Psychotria nigra,0.5
S3,L1,G2,10,70%,,,Psychotria nigra,1.5
S3,L1,G2,10,70%,,,Psychotria nigra,1.5
S3,L1,G2,10,70%,,,Psychotria nigra,1.5
S3,L1,G2,10,70%,,,Psychotria nigra,1.5
S3,L1,G2,11,75%,,,Psychotria nigra,2.6
S3,L1,G2,11,75%,,,Psychotria nigra,7
S3,L1,G2,11,75%,,,Psychotria nigra,1.5
S3,L1,G2,11,75%,,,Psychotria nigra,12
S3,L1,G2,11,75%,,,Psychotria nigra,2.5
S3,L1,G2,11,75%,,,Psychotria nigra,5.5
S3,L1,G2,11,75%,,,Psychotria nigra,3.5
S3,L1,G2,11,75%,,,Psychotria nigra,2.5
S3,L1,G2,11,75%,,,Psychotria nigra,3.5
S3,L1,G2,11,75%,,,Psychotria nigra,0.5
S3,L1,G2,11,75%,,,Psychotria nigra,1.2
S3,L1,G2,12,75%,,,Psychotria nigra,1.5
S3,L1,G2,12,75%,,,Psychotria nigra,2.3
S3,L1,G2,12,75%,,,Psychotria nigra,5
S3,L1,G2,12,75%,,,Psychotria nigra,0.7
S3,L1,G2,12,75%,,,Psychotria nigra,4
S3,L1,G2,12,75%,,,Psychotria nigra,3.5
S3,L1,G2,12,75%,,,Psychotria nigra,5
S3,L1,G2,12,75%,,,Psychotria nigra,5
S3,L1,G2,12,75%,,,Psychotria nigra,3.5
S3,L1,G2,12,75%,,,Psychotria nigra,1.2
S3,L1,G2,12,75%,,,Psychotria nigra,0.5
S3,L1,G2,13,68%,,,Psychotria nigra,1.5
S3,L1,G2,13,68%,,,Psychotria nigra,1.2
S3,L1,G2,13,68%,,,Psychotria nigra,2.4
S3,L1,G2,13,68%,,,Psychotria nigra,1.2
S3,L1,G2,13,68%,,,Psychotria nigra,0.4
S3,L1,G2,13,68%,,,Psychotria nigra,5
S3,L1,G2,13,68%,,,Psychotria nigra,4
S3,L1,G2,13,68%,,,Psychotria nigra,1.2
S3,L1,G2,13,68%,,,Psychotria nigra,0.4
S3,L1,G2,13,68%,,,Psychotria nigra,2
S3,L1,G2,13,68%,,,Psychotria nigra,7
S3,L1,G2,13,68%,,,Psychotria nigra,5.5
S3,L1,G2,13,68%,,,Psychotria nigra,2
S3,L1,G2,13,68%,,,Psychotria nigra,2.5
S3,L1,G2,13,68%,,,Psychotria nigra,5
S3,L1,G2,13,68%,,,Psychotria nigra,2
S3,L1,G2,13,68%,,,Psychotria nigra,4.5
S3,L1,G2,13,68%,,,Psychotria nigra,2.5
S3,L1,G2,13,68%,,,Psychotria nigra,1.5
S3,L1,G2,13,68%,,,Psychotria nigra,1.2
S3,L1,G2,13,68%,,,Psychotria nigra,0.4
S3,L1,G2,13,68%,,,Psychotria nigra,0.5
S3,L1,G2,14,80%,,,Psychotria nigra,2
S3,L1,G2,14,80%,,,Psychotria nigra,1.2
S3,L1,G2,14,80%,,,Psychotria nigra,1.2
S3,L1,G2,14,80%,,,Psychotria nigra,0.5
S3,L1,G2,14,80%,,,Psychotria nigra,6
S3,L1,G2,14,80%,,,Psychotria nigra,0.5
S3,L1,G2,14,80%,,,Psychotria nigra,1.2
S3,L1,G2,14,80%,,,Psychotria nigra,0.7
S3,L1,G2,14,80%,,,Psychotria nigra,5
S3,L1,G2,14,80%,,,Psychotria nigra,0.4
S3,L1,G2,14,80%,,,Psychotria nigra,0.7
S3,L1,G2,14,80%,,,Psychotria nigra,0.5
S3,L1,G2,14,80%,,,Psychotria nigra,1.2
S3,L1,G2,14,80%,,,Psychotria nigra,0.5
S3,L1,G2,14,80%,,,Psychotria nigra,0.5
S3,L1,G2,15,70%,,,Psychotria nigra,2
S3,L1,G2,15,70%,,,Psychotria nigra,0.5
S3,L1,G2,15,70%,,,Psychotria nigra,13.5
S3,L1,G2,15,70%,,,Psychotria nigra,2
S3,L1,G2,15,70%,,,Psychotria nigra,6
S3,L1,G2,15,70%,,,Psychotria nigra,5
S3,L1,G2,15,70%,,,Psychotria nigra,6
S3,L1,G2,15,70%,,,Psychotria nigra,0.5
S3,L1,G2,16,80%,,,Psychotria nigra,1.5
S3,L1,G2,16,80%,,,Psychotria nigra,1.2
S3,L1,G2,16,80%,,,Psychotria nigra,5
S3,L1,G2,16,80%,,,Psychotria nigra,3
S3,L1,G2,16,80%,,,Psychotria nigra,1.5
S3,L1,G2,16,80%,,,Psychotria nigra,3
S3,L1,G2,16,80%,,,Psychotria nigra,1.2
S3,L1,G2,16,80%,,,Psychotria nigra,0.5
S3,L1,G2,16,80%,,,Psychotria nigra,2
S3,L1,G2,16,80%,,,Psychotria nigra,3
S3,L1,G2,16,80%,,,Psychotria nigra,0.5
S3,L1,G2,16,80%,,,Psychotria nigra,2
S2,L1,G2,5,78%,,,Psychotria nigra,0.5
S2,L1,G2,5,78%,,,Psychotria nigra,0.5
S2,L1,G2,5,78%,,,Psychotria nigra,0.5
S2,L1,G2,5,78%,,,Psychotria nigra,0.5
S2,L1,G2,5,78%,,,Psychotria nigra,0.5
S2,L1,G2,5,78%,,,Psychotria nigra,0.5
S2,L1,G2,5,78%,,,Psychotria nigra,0.5
S2,L1,G2,5,78%,,,Psychotria nigra,0.5
S2,L1,G2,5,78%,,,Psychotria nigra,0.5
S2,L1,G2,5,78%,,,Psychotria nigra,0.5
S2,L1,G2,5,78%,,,Psychotria nigra,0.5
S2,L1,G2,5,78%,,,Psychotria nigra,0.5
S2,L1,G2,5,78%,,,Psychotria nigra,0.5
S2,L1,G2,5,78%,,,Psychotria nigra,0.5
S2,L1,G2,5,78%,,,Psychotria nigra,0.5
S2,L1,G2,5,78%,,,Psychotria nigra,0.5
S2,L1,G2,5,78%,,,Psychotria nigra,0.5
S2,L1,G2,5,78%,,,Psychotria nigra,0.5
S2,L1,G2,5,78%,,,Psychotria nigra,0.5
S2,L1,G2,5,78%,,,Psychotria nigra,0.5
S2,L1,G2,5,78%,,,Psychotria nigra,0.5
S2,L1,G2,5,78%,,,Psychotria nigra,0.5
S2,L1,G2,5,78%,,,Psychotria nigra,0.5
S2,L1,G2,5,78%,,,Psychotria nigra,0.5
S2,L1,G2,5,78%,,,Psychotria nigra,0.5
S2,L1,G2,5,78%,,,Psychotria nigra,0.5
S2,L1,G2,5,78%,,,Psychotria nigra,0.5
S2,L1,G2,5,78%,,,Psychotria nigra,0.5
S2,L1,G2,5,78%,,,Psychotria nigra,0.5
S2,L1,G2,5,78%,,,Psychotria nigra,0.5
S2,L1,G2,5,78%,,,Psychotria nigra,0.5
S2,L1,G2,5,78%,,,Psychotria nigra,0.5
S2,L1,G2,5,78%,,,Psychotria nigra,0.5
S2,L1,G2,5,78%,,,Psychotria nigra,0.5
S2,L1,G2,5,78%,,,Psychotria nigra,0.5
S2,L1,G2,5,78%,,,Psychotria nigra,0.5
S2,L1,G2,5,78%,,,Psychotria nigra,0.5
S2,L1,G2,5,78%,,,Psychotria nigra,0.5
S2,L1,G2,5,78%,,,Psychotria nigra,0.5
S2,L1,G2,5,78%,,,Psychotria nigra,0.5
S2,L1,G2,5,78%,,,Psychotria nigra,0.5
S2,L1,G2,5,78%,,,Psychotria nigra,0.5
S2,L1,G2,5,78%,,,Psychotria nigra,0.5
S2,L1,G2,5,78%,,,Psychotria nigra,0.5
S2,L1,G2,5,78%,,,Psychotria nigra,0.5
S2,L1,G2,5,78%,,,Psychotria nigra,0.5
S2,L1,G2,5,78%,,,Psychotria nigra,0.5
S2,L1,G2,5,78%,,,Psychotria nigra,0.5
S2,L1,G2,6,79%,,,Psychotria nigra,0.5
S2,L1,G2,6,79%,,,Psychotria nigra,0.5
S2,L1,G2,6,79%,,,Psychotria nigra,0.5
S2,L1,G2,6,79%,,,Psychotria nigra,0.5
S2,L1,G2,6,79%,,,Psychotria nigra,0.5
S2,L1,G2,6,79%,,,Psychotria nigra,0.5
S2,L1,G2,6,79%,,,Psychotria nigra,0.5
S2,L1,G2,6,79%,,,Psychotria nigra,0.5
S2,L1,G2,6,79%,,,Psychotria nigra,0.5
S2,L1,G2,6,79%,,,Psychotria nigra,0.5
S2,L1,G2,6,79%,,,Psychotria nigra,0.5
S2,L1,G2,6,79%,,,Psychotria nigra,0.5
S2,L1,G2,6,79%,,,Psychotria nigra,0.5
S2,L1,G2,6,79%,,,Psychotria nigra,0.5
S2,L1,G2,6,79%,,,Psychotria nigra,0.5
S2,L1,G2,6,79%,,,Psychotria nigra,0.5
S2,L1,G2,6,79%,,,Psychotria nigra,0.5
S2,L1,G2,6,79%,,,Psychotria nigra,0.5
S2,L1,G2,6,79%,,,Psychotria nigra,0.5
S2,L1,G2,6,79%,,,Psychotria nigra,0.5
S2,L1,G2,6,79%,,,Psychotria nigra,0.5
S2,L1,G2,6,79%,,,Psychotria nigra,0.5
S2,L1,G2,6,79%,,,Psychotria nigra,0.5
S2,L1,G2,6,79%,,,Psychotria nigra,0.5
S2,L1,G2,6,79%,,,Psychotria nigra,0.5
S2,L1,G2,6,79%,,,Psychotria nigra,0.5
S2,L1,G2,6,79%,,,Psychotria nigra,0.5
S2,L1,G2,6,79%,,,Psychotria nigra,0.5
S2,L1,G2,6,79%,,,Psychotria nigra,0.5
S2,L1,G2,6,79%,,,Psychotria nigra,0.5
S2,L1,G2,6,79%,,,Psychotria nigra,0.5
S2,L1,G2,6,79%,,,Psychotria nigra,0.5
S2,L1,G2,6,79%,,,Psychotria nigra,0.5
S2,L1,G2,6,79%,,,Psychotria nigra,0.5
S2,L1,G2,6,79%,,,Psychotria nigra,0.5
S2,L1,G2,6,79%,,,Psychotria nigra,0.5
S2,L1,G2,6,79%,,,Psychotria nigra,0.5
S2,L1,G2,6,79%,,,Psychotria nigra,0.5
S2,L1,G2,6,79%,,,Psychotria nigra,0.5
S2,L1,G2,6,79%,,,Psychotria nigra,0.5
S2,L1,G2,6,79%,,,Psychotria nigra,0.5
S2,L1,G2,6,79%,,,Psychotria nigra,0.5
S2,L1,G2,6,79%,,,Psychotria nigra,0.5
S2,L1,G2,6,79%,,,Psychotria nigra,0.5
S2,L1,G2,6,79%,,,Psychotria nigra,0.5
S2,L1,G2,6,79%,,,Psychotria nigra,0.5
S2,L1,G2,6,79%,,,Psychotria nigra,0.5
S2,L1,G2,6,79%,,,Psychotria nigra,0.5
S2,L1,G2,6,79%,,,Psychotria nigra,0.5
S2,L1,G2,6,79%,,,Psychotria nigra,0.5
S2,L1,G2,6,79%,,,Psychotria nigra,0.5
S2,L1,G2,6,79%,,,Psychotria nigra,0.5
S2,L1,G2,6,79%,,,Psychotria nigra,0.5
S2,L1,G2,6,79%,,,Psychotria nigra,0.5
S2,L1,G2,6,79%,,,Psychotria nigra,0.5
S2,L1,G2,6,79%,,,Psychotria nigra,0.5
S2,L1,G2,6,79%,,,Psychotria nigra,0.5
S2,L1,G2,6,79%,,,Psychotria nigra,0.5
S2,L1,G2,6,79%,,,Psychotria nigra,0.5
S2,L1,G2,6,79%,,,Psychotria nigra,0.5
S2,L1,G2,6,79%,,,Psychotria nigra,0.5
S2,L1,G2,6,79%,,,Psychotria nigra,0.5
S2,L1,G2,6,79%,,,Psychotria nigra,0.5
S2,L1,G2,6,79%,,,Psychotria nigra,0.5
S2,L1,G2,6,79%,,,Psychotria nigra,0.5
S2,L1,G2,6,79%,,,Psychotria nigra,0.5
S2,L1,G2,7,69%,,,Psychotria nigra,2.6
S2,L1,G2,7,69%,,,Psychotria nigra,3
S2,L1,G2,7,69%,,,Psychotria nigra,0.5
S2,L1,G2,7,69%,,,Psychotria nigra,0.5
S2,L1,G2,7,69%,,,Psychotria nigra,0.5
S2,L1,G2,7,69%,,,Psychotria nigra,0.5
S2,L1,G2,7,69%,,,Psychotria nigra,0.5
S2,L1,G2,7,69%,,,Psychotria nigra,0.5
S2,L1,G2,7,69%,,,Psychotria nigra,0.5
S2,L1,G2,7,69%,,,Psychotria nigra,0.5
S2,L1,G2,7,69%,,,Psychotria nigra,0.5
S2,L1,G2,7,69%,,,Psychotria nigra,0.5
S2,L1,G2,7,69%,,,Psychotria nigra,0.5
S2,L1,G2,7,69%,,,Psychotria nigra,0.5
S2,L1,G2,7,69%,,,Psychotria nigra,0.5
S2,L1,G2,7,69%,,,Psychotria nigra,0.5
S2,L1,G2,7,69%,,,Psychotria nigra,0.5
S2,L1,G2,7,69%,,,Psychotria nigra,0.5
S2,L1,G2,7,69%,,,Psychotria nigra,0.5
S2,L1,G2,8,80%,,,Psychotria nigra,0.5
S2,L1,G2,8,80%,,,Psychotria nigra,0.5
S2,L1,G2,8,80%,,,Psychotria nigra,0.5
S2,L1,G2,8,80%,,,Psychotria nigra,0.5
S2,L1,G2,9,80%,,,Psychotria nigra,0.5
S2,L1,G2,9,80%,,,Psychotria nigra,0.5
S2,L1,G2,9,80%,,,Psychotria nigra,0.5
S2,L1,G2,9,80%,,,Psychotria nigra,0.5
S2,L1,G2,9,80%,,,Psychotria nigra,0.5
S2,L1,G2,9,80%,,,Psychotria nigra,0.5
S2,L1,G2,9,80%,,,Psychotria nigra,0.5
S2,L1,G2,9,80%,,,Psychotria nigra,0.5
S2,L1,G2,9,80%,,,Psychotria nigra,0.5
S2,L1,G2,9,80%,,,Psychotria nigra,0.5
S2,L1,G2,9,80%,,,Psychotria nigra,0.5
S2,L1,G2,9,80%,,,Psychotria nigra,0.5
S2,L1,G2,9,80%,,,Psychotria nigra,0.5
S2,L1,G2,9,80%,,,Psychotria nigra,0.5
S2,L1,G2,9,80%,,,Psychotria nigra,0.5
S2,L1,G2,9,80%,,,Psychotria nigra,0.5
S2,L1,G2,9,80%,,,Psychotria nigra,0.5
S2,L1,G2,9,80%,,,Psychotria nigra,0.5
S2,L1,G2,10,75%,,,Psychotria nigra,1.2
S2,L1,G2,10,75%,,,Psychotria nigra,3
S2,L1,G2,10,75%,,,Psychotria nigra,5
S2,L1,G2,10,75%,,,Psychotria nigra,4
S2,L1,G2,10,75%,,,Psychotria nigra,0.5
S2,L1,G2,10,75%,,,Psychotria nigra,0.5
S2,L1,G2,10,75%,,,Psychotria nigra,0.5
S2,L1,G2,10,75%,,,Psychotria nigra,0.5
S2,L1,G2,10,75%,,,Psychotria nigra,0.5
S2,L1,G2,10,75%,,,Psychotria nigra,0.5
S2,L1,G2,10,75%,,,Psychotria nigra,0.5
S2,L1,G2,10,75%,,,Psychotria nigra,0.5
S2,L1,G2,10,75%,,,Psychotria nigra,0.5
S2,L1,G2,10,75%,,,Psychotria nigra,0.5
S2,L1,G2,10,75%,,,Psychotria nigra,0.5
S2,L1,G2,10,75%,,,Psychotria nigra,0.5
S2,L1,G2,10,75%,,,Psychotria nigra,0.5
S2,L1,G2,10,75%,,,Psychotria nigra,0.5
S2,L1,G2,10,75%,,,Psychotria nigra,0.5
S2,L1,G2,10,75%,,,Psychotria nigra,0.5
S2,L1,G2,10,75%,,,Psychotria nigra,0.5
S2,L1,G2,10,75%,,,Psychotria nigra,0.5
S2,L1,G2,10,75%,,,Psychotria nigra,0.5
S2,L1,G2,10,75%,,,Psychotria nigra,0.5
S2,L1,G2,10,75%,,,Psychotria nigra,0.5
S2,L1,G2,10,75%,,,Psychotria nigra,0.5
S2,L1,G2,10,75%,,,Psychotria nigra,0.5
S2,L1,G2,12,60%,,,Psychotria nigra,0.5
S2,L1,G2,12,60%,,,Psychotria nigra,0.5
S2,L1,G2,12,60%,,,Psychotria nigra,0.5
S2,L1,G2,12,60%,,,Psychotria nigra,0.5
S2,L1,G2,12,60%,,,Psychotria nigra,0.5
S2,L1,G2,12,60%,,,Psychotria nigra,0.5
S2,L1,G2,12,60%,,,Psychotria nigra,0.5
S2,L1,G2,12,60%,,,Psychotria nigra,0.5
S2,L1,G2,12,60%,,,Psychotria nigra,0.5
S2,L1,G2,12,60%,,,Psychotria nigra,0.5
S2,L1,G2,12,60%,,,Psychotria nigra,0.5
S2,L1,G2,12,60%,,,Psychotria nigra,0.5
S2,L1,G2,12,60%,,,Psychotria nigra,0.5
S2,L1,G2,13,65%,,,Psychotria nigra,6
S2,L1,G2,13,65%,,,Psychotria nigra,3
S2,L1,G2,13,65%,,,Psychotria nigra,9
S2,L1,G2,13,65%,,,Psychotria nigra,0.5
S2,L1,G2,13,65%,,,Psychotria nigra,0.5
S2,L1,G2,13,65%,,,Psychotria nigra,0.5
S2,L1,G2,13,65%,,,Psychotria nigra,0.5
S2,L1,G2,13,65%,,,Psychotria nigra,0.5
S2,L1,G2,13,65%,,,Psychotria nigra,0.5
S2,L1,G2,13,65%,,,Psychotria nigra,0.5
S2,L1,G2,13,65%,,,Psychotria nigra,0.5
S2,L1,G2,13,65%,,,Psychotria nigra,0.5
S2,L1,G2,14,70%,,,Psychotria nigra,0.5
S2,L1,G2,14,70%,,,Psychotria nigra,0.5
S2,L1,G2,14,70%,,,Psychotria nigra,0.5
S2,L1,G2,14,70%,,,Psychotria nigra,0.5
S2,L1,G2,14,70%,,,Psychotria nigra,0.5
S2,L1,G2,14,70%,,,Psychotria nigra,0.5
S2,L1,G2,14,70%,,,Psychotria nigra,0.5
S2,L1,G2,14,70%,,,Psychotria nigra,0.5
S2,L1,G2,14,70%,,,Psychotria nigra,0.5
S2,L1,G2,14,70%,,,Psychotria nigra,0.5
S2,L1,G2,14,70%,,,Psychotria nigra,0.5
S2,L1,G2,14,70%,,,Psychotria nigra,0.5
S2,L1,G2,14,70%,,,Psychotria nigra,0.5
S2,L1,G2,14,70%,,,Psychotria nigra,0.5
S2,L1,G2,14,70%,,,Psychotria nigra,0.5
S2,L1,G2,14,70%,,,Psychotria nigra,0.5
S2,L1,G2,14,70%,,,Psychotria nigra,0.5
S2,L1,G2,14,70%,,,Psychotria nigra,0.5
S2,L1,G2,14,70%,,,Psychotria nigra,0.5
S2,L1,G2,14,70%,,,Psychotria nigra,0.5
S2,L1,G2,16,80%,,,Psychotria nigra,5
S2,L1,G2,16,80%,,,Psychotria nigra,0.5
S2,L1,G2,16,80%,,,Psychotria nigra,0.5
S2,L1,G2,16,80%,,,Psychotria nigra,0.5
S2,L1,G2,16,80%,,,Psychotria nigra,0.5
S2,L1,G2,16,80%,,,Psychotria nigra,0.5
S2,L1,G2,16,80%,,,Psychotria nigra,0.5
S2,L1,G2,16,80%,,,Psychotria nigra,0.5
S2,L1,G2,16,80%,,,Psychotria nigra,0.5
S2,L1,G2,16,80%,,,Psychotria nigra,0.5
S2,L1,G2,16,80%,,,Psychotria nigra,0.5
S2,L1,G2,16,80%,,,Psychotria nigra,0.5
S2,L1,G2,16,80%,,,Psychotria nigra,0.5
S2,L1,G2,16,80%,,,Psychotria nigra,0.5
S2,L1,G2,16,80%,,,Psychotria nigra,0.5
S2,L1,G2,16,80%,,,Psychotria nigra,0.5
S2,L1,G2,16,80%,,,Psychotria nigra,0.5
S2,L1,G2,16,80%,,,Psychotria nigra,0.5
S2,L1,G2,16,80%,,,Psychotria nigra,0.5
S2,L1,G2,16,80%,,,Psychotria nigra,0.5
S2,L1,G2,16,80%,,,Psychotria nigra,0.5
S2,L1,G2,16,80%,,,Psychotria nigra,0.5
S2,L1,G2,16,80%,,,Psychotria nigra,0.5
S2,L1,G2,16,80%,,,Psychotria nigra,0.5
S2,L1,G2,16,80%,,,Psychotria nigra,0.5
S2,L1,G2,16,80%,,,Psychotria nigra,0.5
S2,L1,G2,16,80%,,,Psychotria nigra,0.5
S5,L2,G2,1,60%,,,Psychotria nigra,2.5
S5,L2,G2,1,60%,,,Psychotria nigra,0.4
S5,L2,G2,1,60%,,,Psychotria nigra,2
S5,L2,G2,1,60%,,,Psychotria nigra,0.5
S5,L2,G2,1,60%,,,Psychotria nigra,0.6
S5,L2,G2,1,60%,,,Psychotria nigra,0.4
S5,L2,G2,1,60%,,,Psychotria nigra,0.5
S5,L2,G2,1,60%,,,Psychotria nigra,0.5
S5,L2,G2,1,60%,,,Psychotria nigra,0.6
S5,L2,G2,1,60%,,,Psychotria nigra,0.6
S5,L2,G2,1,60%,,,Psychotria nigra,0.5
S5,L2,G2,1,60%,,,Psychotria nigra,0.3
S5,L2,G2,1,60%,,,Psychotria nigra,1
S5,L2,G2,1,60%,,,Psychotria nigra,1.5
S5,L2,G2,1,60%,,,Psychotria nigra,2
S5,L2,G2,2,75%,,,Psychotria nigra,0.3
S5,L2,G2,2,75%,,,Psychotria nigra,0.5
S5,L2,G2,2,75%,,,Psychotria nigra,0.5
S5,L2,G2,2,75%,,,Psychotria nigra,0.3
S5,L2,G2,2,75%,,,Psychotria nigra,0.5
S5,L2,G2,2,75%,,,Psychotria nigra,0.5
S5,L2,G2,3,68%,,,Psychotria nigra,5
S5,L2,G2,3,68%,,,Psychotria nigra,5
S5,L2,G2,3,68%,,,Psychotria nigra,5
S5,L2,G2,4,80%,,,Psychotria nigra,3
S5,L2,G2,4,80%,,,Psychotria nigra,7.5
S5,L2,G2,4,80%,,,Psychotria nigra,0.5
S5,L2,G2,4,80%,,,Psychotria nigra,0.5
S5,L2,G2,4,80%,,,Psychotria nigra,6
S5,L2,G2,4,80%,,,Psychotria nigra,8
S5,L2,G2,4,80%,,,Psychotria nigra,7
S5,L2,G2,5,78%,,,Psychotria nigra,0.5
S5,L2,G2,5,78%,,,Psychotria nigra,0.3
S5,L2,G2,5,78%,,,Psychotria nigra,0.9
S5,L2,G2,5,78%,,,Psychotria nigra,1.2
S5,L2,G2,5,78%,,,Psychotria nigra,1.5
S5,L2,G2,5,78%,,,Psychotria nigra,0.9
S5,L2,G2,5,78%,,,Psychotria nigra,0.6
S5,L2,G2,5,78%,,,Psychotria nigra,0.8
S5,L2,G2,5,78%,,,Psychotria nigra,0.8
S5,L2,G2,5,78%,,,Psychotria nigra,1.3
S5,L2,G2,5,78%,,,Psychotria nigra,1.3
S5,L2,G2,5,78%,,,Psychotria nigra,1.2
S5,L2,G2,5,78%,,,Psychotria nigra,1.2
S5,L2,G2,5,78%,,,Psychotria nigra,0.9
S5,L2,G2,5,78%,,,Psychotria nigra,3
S5,L2,G2,5,78%,,,Psychotria nigra,3
S5,L2,G2,5,78%,,,Psychotria nigra,2
S5,L2,G2,6,76%,,,Psychotria nigra,3.5
S5,L2,G2,6,76%,,,Psychotria nigra,5
S5,L2,G2,6,76%,,,Psychotria nigra,4
S5,L2,G2,7,80%,,,Psychotria nigra,1.5
S5,L2,G2,7,80%,,,Psychotria nigra,3
S5,L2,G2,7,80%,,,Psychotria nigra,5
S5,L2,G2,7,80%,,,Psychotria nigra,4.5
S5,L2,G2,8,75%,,,Psychotria nigra,6
S5,L2,G2,8,75%,,,Psychotria nigra,4.5
S5,L2,G2,8,75%,,,Psychotria nigra,3
S5,L2,G2,8,75%,,,Psychotria nigra,1.5
S5,L2,G2,8,75%,,,Psychotria nigra,0.5
S5,L2,G2,8,75%,,,Psychotria nigra,0.5
S5,L2,G2,8,75%,,,Psychotria nigra,4.2
S5,L2,G2,8,75%,,,Psychotria nigra,1.3
S5,L2,G2,8,75%,,,Psychotria nigra,5
S5,L2,G2,8,75%,,,Psychotria nigra,4
S5,L2,G2,8,75%,,,Psychotria nigra,4.5
S5,L2,G2,8,75%,,,Psychotria nigra,6
S5,L2,G2,8,75%,,,Psychotria nigra,5
S5,L2,G2,8,75%,,,Psychotria nigra,4
S5,L2,G2,8,75%,,,Psychotria nigra,10
S5,L2,G2,8,75%,,,Psychotria nigra,3
S5,L2,G2,8,75%,,,Psychotria nigra,7.3
S5,L2,G2,9,80%,,,Psychotria nigra,5
S5,L2,G2,9,80%,,,Psychotria nigra,9
S5,L2,G2,9,80%,,,Psychotria nigra,6.5
S5,L2,G2,10,69%,,,Psychotria nigra,12.5
S5,L2,G2,10,69%,,,Psychotria nigra,4.5
S5,L2,G2,10,69%,,,Psychotria nigra,4.3
S5,L2,G2,10,69%,,,Psychotria nigra,4.5
S5,L2,G2,10,69%,,,Psychotria nigra,0.5
S5,L2,G2,10,69%,,,Psychotria nigra,0.5
S5,L2,G2,10,69%,,,Psychotria nigra,19
S5,L2,G2,11,76%,,,Psychotria nigra,0.5
S5,L2,G2,11,76%,,,Psychotria nigra,12
S5,L2,G2,11,76%,,,Psychotria nigra,7
S5,L2,G2,11,76%,,,Psychotria nigra,7
S5,L2,G2,11,76%,,,Psychotria nigra,7
S5,L2,G2,12,78%,,,Psychotria nigra,3
S5,L2,G2,12,78%,,,Psychotria nigra,11
S5,L2,G2,12,78%,,,Psychotria nigra,10
S5,L2,G2,12,78%,,,Psychotria nigra,9
S5,L2,G2,12,78%,,,Psychotria nigra,11
S5,L2,G2,12,78%,,,Psychotria nigra,6
S5,L2,G2,12,78%,,,Psychotria nigra,5
S5,L2,G2,12,78%,,,Psychotria nigra,3
S5,L2,G2,12,78%,,,Psychotria nigra,15
S5,L2,G2,12,78%,,,Psychotria nigra,15
S5,L2,G2,12,78%,,,Psychotria nigra,13
S5,L2,G2,12,78%,,,Psychotria nigra,4.7
S5,L2,G2,13,75%,,,Psychotria nigra,8
S5,L2,G2,13,75%,,,Psychotria nigra,9
S5,L2,G2,13,75%,,,Psychotria nigra,4.6
S5,L2,G2,13,75%,,,Psychotria nigra,13
S5,L2,G2,13,75%,,,Psychotria nigra,7
S5,L2,G2,13,75%,,,Psychotria nigra,7.6
S5,L2,G2,13,75%,,,Psychotria nigra,8
S5,L2,G2,14,70%,,,Psychotria nigra,4.7
S5,L2,G2,14,70%,,,Psychotria nigra,4.3
S5,L2,G2,14,70%,,,Psychotria nigra,5
S5,L2,G2,14,70%,,,Psychotria nigra,7
S5,L2,G2,15,67%,,,Psychotria nigra,3
S5,L2,G2,15,67%,,,Psychotria nigra,3
S5,L2,G2,15,67%,,,Psychotria nigra,8
S5,L2,G2,15,67%,,,Psychotria nigra,1.9
S5,L2,G2,15,67%,,,Psychotria nigra,13
S5,L2,G2,15,67%,,,Psychotria nigra,13.3
S5,L2,G2,16,75%,,,Psychotria nigra,4.5
S5,L2,G2,16,75%,,,Psychotria nigra,4.7
S5,L2,G2,16,75%,,,Psychotria nigra,6
S5,L2,G2,16,75%,,,Psychotria nigra,4.5
S5,L2,G2,16,75%,,,Psychotria nigra,4
S5,L2,G2,16,75%,,,Psychotria nigra,4.5
S5,L2,G2,16,75%,,,Psychotria nigra,6
S5,L2,G2,16,75%,,,Psychotria nigra,5
S8,L1,G2,1,70%,,,Psychotria nigra,4.5
S8,L1,G2,2,65%,,,Psychotria nigra,0.6
S8,L1,G2,2,65%,,,Psychotria nigra,1.3
S8,L1,G2,2,65%,,,Psychotria nigra,1.3
S8,L1,G2,2,65%,,,Psychotria nigra,4
S8,L1,G2,2,65%,,,Psychotria nigra,4
S8,L1,G2,2,65%,,,Psychotria nigra,1
S8,L1,G2,2,65%,,,Psychotria nigra,1
S8,L1,G2,2,65%,,,Psychotria nigra,0.5
S8,L1,G2,2,65%,,,Psychotria nigra,4
S8,L1,G2,3,60%,,,Psychotria nigra,0.6
S8,L1,G2,3,60%,,,Psychotria nigra,1.2
S8,L1,G2,3,60%,,,Psychotria nigra,1.2
S8,L1,G2,3,60%,,,Psychotria nigra,2
S8,L1,G2,3,60%,,,Psychotria nigra,3
S8,L1,G2,3,60%,,,Psychotria nigra,0.5
S8,L1,G2,3,60%,,,Psychotria nigra,3
S8,L1,G2,5,65%,,,Psychotria nigra,3
S8,L1,G2,5,65%,,,Psychotria nigra,3
S8,L1,G2,5,65%,,,Psychotria nigra,1.2
S8,L1,G2,7,70%,,,Psychotria nigra,2
S8,L1,G2,7,70%,,,Psychotria nigra,5
S8,L1,G2,7,70%,,,Psychotria nigra,5
S8,L1,G2,7,70%,,,Psychotria nigra,0.5
S8,L1,G2,7,70%,,,Psychotria nigra,0.5
S8,L1,G2,7,70%,,,Psychotria nigra,0.6
S8,L1,G2,7,70%,,,Psychotria nigra,3
S8,L1,G2,8,55%,,,Psychotria nigra,0.5
S8,L1,G2,8,55%,,,Psychotria nigra,4
S8,L1,G2,8,55%,,,Psychotria nigra,2
S8,L1,G2,8,55%,,,Psychotria nigra,0.6
S8,L1,G2,8,55%,,,Psychotria nigra,6
S8,L1,G2,8,55%,,,Psychotria nigra,0.5
S8,L1,G2,9,60%,,,Psychotria nigra,0.5
S8,L1,G2,9,60%,,,Psychotria nigra,3
S8,L1,G2,9,60%,,,Psychotria nigra,2
S8,L1,G2,9,60%,,,Psychotria nigra,4
S8,L1,G2,9,60%,,,Psychotria nigra,3.5
S8,L1,G2,9,60%,,,Psychotria nigra,3
S8,L1,G2,9,60%,,,Psychotria nigra,1.5
S8,L1,G2,10,70%,,,Psychotria nigra,2.5
S8,L1,G2,10,70%,,,Psychotria nigra,2
S8,L1,G2,11,65%,,,Psychotria nigra,0.7
S8,L1,G2,11,65%,,,Psychotria nigra,2
S8,L1,G2,12,80%,,,Psychotria nigra,0.5
S8,L1,G2,12,80%,,,Psychotria nigra,3
S8,L1,G2,12,80%,,,Psychotria nigra,7
S8,L1,G2,12,80%,,,Psychotria nigra,9
S8,L1,G2,13,85%,,,Psychotria nigra,3.5
S8,L1,G2,14,70%,,,Psychotria nigra,0.9
S8,L1,G2,14,70%,,,Psychotria nigra,4
S8,L1,G2,14,70%,,,Psychotria nigra,2
S8,L1,G2,14,70%,,,Psychotria nigra,7
S8,L1,G2,14,70%,,,Psychotria nigra,3
S8,L1,G2,15,60%,,,Psychotria nigra,1.5
S8,L1,G2,15,60%,,,Psychotria nigra,6
S8,L1,G2,15,60%,,,Psychotria nigra,4
S8,L1,G2,15,60%,,,Psychotria nigra,2
S8,L1,G2,16,75%,,,Psychotria nigra,0.5
S8,L1,G2,16,75%,,,Psychotria nigra,0.5
S8,L1,G2,16,75%,,,Psychotria nigra,0.4
S8,L1,G2,16,75%,,,Psychotria nigra,1.2
S8,L1,G2,16,75%,,,Psychotria nigra,3.5
S13,L1,G2,15,50%,,,Psychotria sohmeri,2.5
S13,L1,G2,16,50%,,,Psychotria sohmeri,4
S13,L1,G2,16,50%,,,Psychotria sohmeri,4
S19,L1,G2,12,60%,,,Psychotria sohmeri,3
S18,L1,G2,1,55%,,,Psychotria sohmeri,6
S18,L1,G2,1,55%,,,Psychotria sohmeri,5
S18,L1,G2,2,55%,,,Psychotria sohmeri,0.5
S18,L1,G2,2,55%,,,Psychotria sohmeri,0.5
S18,L1,G2,2,55%,,,Psychotria sohmeri,0.5
S18,L1,G2,2,55%,,,Psychotria sohmeri,10
S18,L1,G2,2,55%,,,Psychotria sohmeri,0.5
S18,L1,G2,2,55%,,,Psychotria sohmeri,0.5
S18,L1,G2,2,55%,,,Psychotria sohmeri,0.5
S18,L1,G2,2,55%,,,Psychotria sohmeri,0.5
S18,L1,G2,2,55%,,,Psychotria sohmeri,6
S18,L1,G2,2,55%,,,Psychotria sohmeri,0.5
S18,L1,G2,2,55%,,,Psychotria sohmeri,1.5
S18,L1,G2,2,55%,,,Psychotria sohmeri,0.5
S18,L1,G2,3,40%,,,Psychotria sohmeri,0.5
S18,L1,G2,3,40%,,,Psychotria sohmeri,0.5
S18,L1,G2,3,40%,,,Psychotria sohmeri,0.5
S18,L1,G2,3,40%,,,Psychotria sohmeri,0.5
S18,L1,G2,3,40%,,,Psychotria sohmeri,0.5
S18,L1,G2,3,40%,,,Psychotria sohmeri,0.5
S18,L1,G2,3,40%,,,Psychotria sohmeri,0.5
S18,L1,G2,3,40%,,,Psychotria sohmeri,0.6
S18,L1,G2,3,40%,,,Psychotria sohmeri,0.5
S18,L1,G2,3,40%,,,Psychotria sohmeri,0.5
S18,L1,G2,3,40%,,,Psychotria sohmeri,0.6
S18,L1,G2,3,40%,,,Psychotria sohmeri,0.5
S18,L1,G2,3,40%,,,Psychotria sohmeri,7
S18,L1,G2,3,40%,,,Psychotria sohmeri,0.6
S18,L1,G2,3,40%,,,Psychotria sohmeri,0.5
S18,L1,G2,3,40%,,,Psychotria sohmeri,0.5
S18,L1,G2,3,40%,,,Psychotria sohmeri,0.6
S18,L1,G2,4,70%,,,Psychotria sohmeri,3
S18,L1,G2,4,70%,,,Psychotria sohmeri,3.6
S18,L1,G2,4,70%,,,Psychotria sohmeri,4
S18,L1,G2,5,55%,,0.5 Plot,Psychotria sohmeri,0.5
S18,L1,G2,6,55%,1 Net,4 Plots,Psychotria sohmeri,8
S18,L1,G2,7,60%,,,Psychotria sohmeri,8
S18,L1,G2,7,60%,,,Psychotria sohmeri,8
S18,L1,G2,7,60%,,,Psychotria sohmeri,1.7
S18,L1,G2,7,60%,,,Psychotria sohmeri,0.5
S18,L1,G2,7,60%,,,Psychotria sohmeri,0.5
S18,L1,G2,7,60%,,,Psychotria sohmeri,4.3
S18,L1,G2,7,60%,,,Psychotria sohmeri,0.5
S18,L1,G2,7,60%,,,Psychotria sohmeri,0.5
S18,L1,G2,7,60%,,,Psychotria sohmeri,2.5
S18,L1,G2,7,60%,,,Psychotria sohmeri,0.5
S18,L1,G2,8,55%,,,Psychotria sohmeri,0.5
S18,L1,G2,8,55%,,,Psychotria sohmeri,0.5
S18,L1,G2,8,55%,,,Psychotria sohmeri,7
S18,L1,G2,8,55%,,,Psychotria sohmeri,0.5
S18,L1,G2,9,60%,,,Psychotria sohmeri,5.5
S18,L1,G2,9,60%,,,Psychotria sohmeri,4.5
S18,L1,G2,10,65%,,,Psychotria sohmeri,0.6
S18,L1,G2,10,65%,,,Psychotria sohmeri,6
S18,L1,G2,11,55%,1 Net,,Psychotria sohmeri,6
S18,L1,G2,12,55%,,,Psychotria sohmeri,6
S18,L1,G2,13,57%,,,Psychotria sohmeri,4.3
S18,L1,G2,15,60%,,,Psychotria sohmeri,4.2
S18,L1,G2,15,60%,,,Psychotria sohmeri,4.2
S12,L2,G3,1,75%,1 Net,,Psychotria sohmeri,10
S12,L2,G3,10,70%,,,Psychotria sohmeri,10
S13,L1,G2,5,70%,1 Net,1 plot,Reinwardtiodendron anamalaiense,11
S18,L1,G2,10,65%,,,Reinwardtiodendron anamalaiense,1.2
S18,L1,G2,15,60%,,,Reinwardtiodendron anamalaiense,1.1
S18,L1,G2,15,60%,,,Reinwardtiodendron anamalaiense,1.6
S18,L1,G2,15,60%,,,Reinwardtiodendron anamalaiense,1.2
S12,L2,G3,1,75%,1 Net,,Reinwardtiodendron anamalaiense,1.2
S12,L2,G3,1,75%,1 Net,,Reinwardtiodendron anamalaiense,7
S12,L2,G3,1,75%,1 Net,,Reinwardtiodendron anamalaiense,7
S12,L2,G3,1,75%,1 Net,,Reinwardtiodendron anamalaiense,12
S12,L2,G3,1,75%,1 Net,,Reinwardtiodendron anamalaiense,21
S12,L2,G3,2,75%,,,Reinwardtiodendron anamalaiense,4
S12,L2,G3,2,75%,,,Reinwardtiodendron anamalaiense,12
S12,L2,G3,2,75%,,,Reinwardtiodendron anamalaiense,13
S12,L2,G3,2,75%,,,Reinwardtiodendron anamalaiense,2
S12,L2,G3,2,75%,,,Reinwardtiodendron anamalaiense,2
S12,L2,G3,2,75%,,,Reinwardtiodendron anamalaiense,12
S12,L2,G3,2,75%,,,Reinwardtiodendron anamalaiense,5
S12,L2,G3,2,75%,,,Reinwardtiodendron anamalaiense,1.2
S12,L2,G3,2,75%,,,Reinwardtiodendron anamalaiense,3
S12,L2,G3,2,75%,,,Reinwardtiodendron anamalaiense,13
S12,L2,G3,2,75%,,,Reinwardtiodendron anamalaiense,12
S12,L2,G3,2,75%,,,Reinwardtiodendron anamalaiense,3.2
S12,L2,G3,3,70%,,,Reinwardtiodendron anamalaiense,0.5
S12,L2,G3,4,75%,,,Reinwardtiodendron anamalaiense,1.1
S12,L2,G3,5,77%,,,Reinwardtiodendron anamalaiense,0.7
S12,L2,G3,5,77%,,,Reinwardtiodendron anamalaiense,1.2
S12,L2,G3,5,77%,,,Reinwardtiodendron anamalaiense,3
S12,L2,G3,5,77%,,,Reinwardtiodendron anamalaiense,2.5
S12,L2,G3,5,77%,,,Reinwardtiodendron anamalaiense,4
S12,L2,G3,5,77%,,,Reinwardtiodendron anamalaiense,1.2
S12,L2,G3,5,77%,,,Reinwardtiodendron anamalaiense,2.3
S12,L2,G3,5,77%,,,Reinwardtiodendron anamalaiense,1.5
S12,L2,G3,5,77%,,,Reinwardtiodendron anamalaiense,7
S12,L2,G3,5,77%,,,Reinwardtiodendron anamalaiense,10
S12,L2,G3,5,77%,,,Reinwardtiodendron anamalaiense,3
S12,L2,G3,5,77%,,,Reinwardtiodendron anamalaiense,3
S12,L2,G3,5,77%,,,Reinwardtiodendron anamalaiense,13
S12,L2,G3,5,77%,,,Reinwardtiodendron anamalaiense,12
S12,L2,G3,6,70%,,,Reinwardtiodendron anamalaiense,3
S12,L2,G3,6,70%,,,Reinwardtiodendron anamalaiense,4
S12,L2,G3,6,70%,,,Reinwardtiodendron anamalaiense,6
S12,L2,G3,6,70%,,,Reinwardtiodendron anamalaiense,7
S12,L2,G3,6,70%,,,Reinwardtiodendron anamalaiense,3
S12,L2,G3,6,70%,,,Reinwardtiodendron anamalaiense,1.2
S12,L2,G3,6,70%,,,Reinwardtiodendron anamalaiense,4
S12,L2,G3,6,70%,,,Reinwardtiodendron anamalaiense,8
S12,L2,G3,6,70%,,,Reinwardtiodendron anamalaiense,3
S12,L2,G3,6,70%,,,Reinwardtiodendron anamalaiense,3
S12,L2,G3,6,70%,,,Reinwardtiodendron anamalaiense,3
S12,L2,G3,6,70%,,,Reinwardtiodendron anamalaiense,9
S12,L2,G3,6,70%,,,Reinwardtiodendron anamalaiense,8
S12,L2,G3,9,75%,,,Reinwardtiodendron anamalaiense,0.5
S12,L2,G3,9,75%,,,Reinwardtiodendron anamalaiense,2
S12,L2,G3,9,75%,,,Reinwardtiodendron anamalaiense,3.5
S12,L2,G3,9,75%,,,Reinwardtiodendron anamalaiense,10
S12,L2,G3,9,75%,,,Reinwardtiodendron anamalaiense,8
S12,L2,G3,9,75%,,,Reinwardtiodendron anamalaiense,14
S12,L2,G3,9,75%,,,Reinwardtiodendron anamalaiense,6
S12,L2,G3,10,70%,,,Reinwardtiodendron anamalaiense,9
S12,L2,G3,10,70%,,,Reinwardtiodendron anamalaiense,16
S12,L2,G3,11,85%,,,Reinwardtiodendron anamalaiense,1.1
S12,L2,G3,12,78%,1 Net,,Reinwardtiodendron anamalaiense,9
S12,L2,G3,12,78%,1 Net,,Reinwardtiodendron anamalaiense,4
S12,L2,G3,12,78%,1 Net,,Reinwardtiodendron anamalaiense,3
S12,L2,G3,12,78%,1 Net,,Reinwardtiodendron anamalaiense,9
S12,L2,G3,13,70%,,,Reinwardtiodendron anamalaiense,8
S12,L2,G3,13,70%,,,Reinwardtiodendron anamalaiense,6
S12,L2,G3,14,75%,,,Reinwardtiodendron anamalaiense,4
S12,L2,G3,14,75%,,,Reinwardtiodendron anamalaiense,1.2
S12,L2,G3,14,75%,,,Reinwardtiodendron anamalaiense,3
S12,L2,G3,15,80%,,,Reinwardtiodendron anamalaiense,3
S12,L2,G3,15,80%,,,Reinwardtiodendron anamalaiense,9
S12,L2,G3,16,78%,,,Reinwardtiodendron anamalaiense,4
S12,L2,G3,16,78%,,,Reinwardtiodendron anamalaiense,3
S12,L2,G3,16,78%,,,Reinwardtiodendron anamalaiense,2
S12,L2,G3,16,78%,,,Reinwardtiodendron anamalaiense,1.1
S3,L1,G2,1,60%,,,Reinwardtiodendron anamalaiense,0.4
S3,L1,G2,1,60%,,,Reinwardtiodendron anamalaiense,1.2
S3,L1,G2,1,60%,,,Reinwardtiodendron anamalaiense,4
S3,L1,G2,1,60%,,,Reinwardtiodendron anamalaiense,3
S3,L1,G2,1,60%,,,Reinwardtiodendron anamalaiense,24
S3,L1,G2,1,60%,,,Reinwardtiodendron anamalaiense,1.2
S3,L1,G2,1,60%,,,Reinwardtiodendron anamalaiense,3
S3,L1,G2,1,60%,,,Reinwardtiodendron anamalaiense,0.5
S3,L1,G2,2,78%,,,Reinwardtiodendron anamalaiense,2
S3,L1,G2,2,78%,,,Reinwardtiodendron anamalaiense,13
S3,L1,G2,2,78%,,,Reinwardtiodendron anamalaiense,0.6
S3,L1,G2,2,78%,,,Reinwardtiodendron anamalaiense,0.6
S3,L1,G2,2,78%,,,Reinwardtiodendron anamalaiense,2
S3,L1,G2,2,78%,,,Reinwardtiodendron anamalaiense,3
S3,L1,G2,2,78%,,,Reinwardtiodendron anamalaiense,0.6
S3,L1,G2,2,78%,,,Reinwardtiodendron anamalaiense,31
S3,L1,G2,2,78%,,,Reinwardtiodendron anamalaiense,0.5
S3,L1,G2,2,78%,,,Reinwardtiodendron anamalaiense,1.2
S3,L1,G2,2,78%,,,Reinwardtiodendron anamalaiense,6
S3,L1,G2,2,78%,,,Reinwardtiodendron anamalaiense,1.2
S3,L1,G2,2,78%,,,Reinwardtiodendron anamalaiense,6
S3,L1,G2,2,78%,,,Reinwardtiodendron anamalaiense,7
S3,L1,G2,2,78%,,,Reinwardtiodendron anamalaiense,0.6
S3,L1,G2,2,78%,,,Reinwardtiodendron anamalaiense,3
S3,L1,G2,2,78%,,,Reinwardtiodendron anamalaiense,0.9
S3,L1,G2,3,60%,,,Reinwardtiodendron anamalaiense,0.6
S3,L1,G2,3,60%,,,Reinwardtiodendron anamalaiense,0.6
S3,L1,G2,3,60%,,,Reinwardtiodendron anamalaiense,0.6
S3,L1,G2,3,60%,,,Reinwardtiodendron anamalaiense,0.9
S3,L1,G2,3,60%,,,Reinwardtiodendron anamalaiense,3
S3,L1,G2,3,60%,,,Reinwardtiodendron anamalaiense,8
S3,L1,G2,3,60%,,,Reinwardtiodendron anamalaiense,9
S3,L1,G2,3,60%,,,Reinwardtiodendron anamalaiense,8
S3,L1,G2,3,60%,,,Reinwardtiodendron anamalaiense,2
S3,L1,G2,3,60%,,,Reinwardtiodendron anamalaiense,1.2
S3,L1,G2,4,75%,,,Reinwardtiodendron anamalaiense,1.2
S3,L1,G2,4,75%,,,Reinwardtiodendron anamalaiense,1.3
S3,L1,G2,4,75%,,,Reinwardtiodendron anamalaiense,1.2
S3,L1,G2,4,75%,,,Reinwardtiodendron anamalaiense,3
S3,L1,G2,5,65%,,,Reinwardtiodendron anamalaiense,0.5
S3,L1,G2,5,65%,,,Reinwardtiodendron anamalaiense,2
S3,L1,G2,5,65%,,,Reinwardtiodendron anamalaiense,0.5
S3,L1,G2,5,65%,,,Reinwardtiodendron anamalaiense,0.5
S3,L1,G2,5,65%,,,Reinwardtiodendron anamalaiense,1.2
S3,L1,G2,5,65%,,,Reinwardtiodendron anamalaiense,8
S3,L1,G2,5,65%,,,Reinwardtiodendron anamalaiense,2.5
S3,L1,G2,5,65%,,,Reinwardtiodendron anamalaiense,4
S3,L1,G2,5,65%,,,Reinwardtiodendron anamalaiense,1.2
S3,L1,G2,5,65%,,,Reinwardtiodendron anamalaiense,6
S3,L1,G2,5,65%,,,Reinwardtiodendron anamalaiense,0.6
S3,L1,G2,5,65%,,,Reinwardtiodendron anamalaiense,0.6
S3,L1,G2,5,65%,,,Reinwardtiodendron anamalaiense,0.6
S3,L1,G2,5,65%,,,Reinwardtiodendron anamalaiense,1.2
S3,L1,G2,5,65%,,,Reinwardtiodendron anamalaiense,1.2
S3,L1,G2,5,65%,,,Reinwardtiodendron anamalaiense,1.2
S3,L1,G2,5,65%,,,Reinwardtiodendron anamalaiense,0.7
S3,L1,G2,5,65%,,,Reinwardtiodendron anamalaiense,1.2
S3,L1,G2,5,65%,,,Reinwardtiodendron anamalaiense,1.2
S3,L1,G2,5,65%,,,Reinwardtiodendron anamalaiense,2
S3,L1,G2,5,65%,,,Reinwardtiodendron anamalaiense,0.5
S3,L1,G2,5,65%,,,Reinwardtiodendron anamalaiense,0.7
S3,L1,G2,5,65%,,,Reinwardtiodendron anamalaiense,1.2
S3,L1,G2,5,65%,,,Reinwardtiodendron anamalaiense,1.5
S3,L1,G2,5,65%,,,Reinwardtiodendron anamalaiense,1.2
S3,L1,G2,5,65%,,,Reinwardtiodendron anamalaiense,1.2
S3,L1,G2,5,65%,,,Reinwardtiodendron anamalaiense,0.7
S3,L1,G2,5,65%,,,Reinwardtiodendron anamalaiense,1.2
S3,L1,G2,5,65%,,,Reinwardtiodendron anamalaiense,1.5
S3,L1,G2,5,65%,,,Reinwardtiodendron anamalaiense,5
S3,L1,G2,5,65%,,,Reinwardtiodendron anamalaiense,1.2
S3,L1,G2,5,65%,,,Reinwardtiodendron anamalaiense,0.7
S3,L1,G2,5,65%,,,Reinwardtiodendron anamalaiense,0.5
S3,L1,G2,5,65%,,,Reinwardtiodendron anamalaiense,2
S3,L1,G2,5,65%,,,Reinwardtiodendron anamalaiense,1.5
S3,L1,G2,5,65%,,,Reinwardtiodendron anamalaiense,1.2
S3,L1,G2,5,65%,,,Reinwardtiodendron anamalaiense,1.5
S3,L1,G2,5,65%,,,Reinwardtiodendron anamalaiense,3
S3,L1,G2,5,65%,,,Reinwardtiodendron anamalaiense,1.2
S3,L1,G2,5,65%,,,Reinwardtiodendron anamalaiense,1.5
S3,L1,G2,5,65%,,,Reinwardtiodendron anamalaiense,1.2
S3,L1,G2,5,65%,,,Reinwardtiodendron anamalaiense,3
S3,L1,G2,6,76%,,,Reinwardtiodendron anamalaiense,0.5
S3,L1,G2,6,76%,,,Reinwardtiodendron anamalaiense,0.6
S3,L1,G2,6,76%,,,Reinwardtiodendron anamalaiense,0.7
S3,L1,G2,6,76%,,,Reinwardtiodendron anamalaiense,1.2
S3,L1,G2,6,76%,,,Reinwardtiodendron anamalaiense,0.5
S3,L1,G2,6,76%,,,Reinwardtiodendron anamalaiense,0.5
S3,L1,G2,6,76%,,,Reinwardtiodendron anamalaiense,0.7
S3,L1,G2,6,76%,,,Reinwardtiodendron anamalaiense,0.6
S3,L1,G2,6,76%,,,Reinwardtiodendron anamalaiense,1.2
S3,L1,G2,6,76%,,,Reinwardtiodendron anamalaiense,1.5
S3,L1,G2,6,76%,,,Reinwardtiodendron anamalaiense,2
S3,L1,G2,6,76%,,,Reinwardtiodendron anamalaiense,7
S3,L1,G2,6,76%,,,Reinwardtiodendron anamalaiense,0.7
S3,L1,G2,6,76%,,,Reinwardtiodendron anamalaiense,0.5
S3,L1,G2,6,76%,,,Reinwardtiodendron anamalaiense,2
S3,L1,G2,6,76%,,,Reinwardtiodendron anamalaiense,1.5
S3,L1,G2,6,76%,,,Reinwardtiodendron anamalaiense,2
S3,L1,G2,6,76%,,,Reinwardtiodendron anamalaiense,1.3
S3,L1,G2,6,76%,,,Reinwardtiodendron anamalaiense,1.2
S3,L1,G2,6,76%,,,Reinwardtiodendron anamalaiense,3
S3,L1,G2,6,76%,,,Reinwardtiodendron anamalaiense,1.2
S3,L1,G2,6,76%,,,Reinwardtiodendron anamalaiense,2.5
S3,L1,G2,6,76%,,,Reinwardtiodendron anamalaiense,1.2
S3,L1,G2,6,76%,,,Reinwardtiodendron anamalaiense,1.5
S3,L1,G2,6,76%,,,Reinwardtiodendron anamalaiense,3
S3,L1,G2,6,76%,,,Reinwardtiodendron anamalaiense,0.5
S3,L1,G2,6,76%,,,Reinwardtiodendron anamalaiense,0.6
S3,L1,G2,6,76%,,,Reinwardtiodendron anamalaiense,3
S3,L1,G2,6,76%,,,Reinwardtiodendron anamalaiense,1.2
S3,L1,G2,6,76%,,,Reinwardtiodendron anamalaiense,0.7
S3,L1,G2,6,76%,,,Reinwardtiodendron anamalaiense,1.2
S3,L1,G2,6,76%,,,Reinwardtiodendron anamalaiense,0.7
S3,L1,G2,6,76%,,,Reinwardtiodendron anamalaiense,0.5
S3,L1,G2,6,76%,,,Reinwardtiodendron anamalaiense,1.2
S3,L1,G2,6,76%,,,Reinwardtiodendron anamalaiense,3
S3,L1,G2,6,76%,,,Reinwardtiodendron anamalaiense,4
S3,L1,G2,6,76%,,,Reinwardtiodendron anamalaiense,2
S3,L1,G2,6,76%,,,Reinwardtiodendron anamalaiense,1.2
S3,L1,G2,6,76%,,,Reinwardtiodendron anamalaiense,0.5
S3,L1,G2,6,76%,,,Reinwardtiodendron anamalaiense,1.2
S3,L1,G2,6,76%,,,Reinwardtiodendron anamalaiense,0.7
S3,L1,G2,6,76%,,,Reinwardtiodendron anamalaiense,1.2
S3,L1,G2,6,76%,,,Reinwardtiodendron anamalaiense,1.2
S3,L1,G2,6,76%,,,Reinwardtiodendron anamalaiense,1.5
S3,L1,G2,6,76%,,,Reinwardtiodendron anamalaiense,2.3
S3,L1,G2,6,76%,,,Reinwardtiodendron anamalaiense,3.5
S3,L1,G2,6,76%,,,Reinwardtiodendron anamalaiense,4
S3,L1,G2,6,76%,,,Reinwardtiodendron anamalaiense,5.5
S3,L1,G2,6,76%,,,Reinwardtiodendron anamalaiense,2
S3,L1,G2,6,76%,,,Reinwardtiodendron anamalaiense,3.5
S3,L1,G2,6,76%,,,Reinwardtiodendron anamalaiense,4
S3,L1,G2,6,76%,,,Reinwardtiodendron anamalaiense,1.2
S3,L1,G2,6,76%,,,Reinwardtiodendron anamalaiense,3.5
S3,L1,G2,6,76%,,,Reinwardtiodendron anamalaiense,1.2
S3,L1,G2,6,76%,,,Reinwardtiodendron anamalaiense,0.6
S3,L1,G2,6,76%,,,Reinwardtiodendron anamalaiense,0.7
S3,L1,G2,7,70%,,,Reinwardtiodendron anamalaiense,1.2
S3,L1,G2,7,70%,,,Reinwardtiodendron anamalaiense,1.5
S3,L1,G2,7,70%,,,Reinwardtiodendron anamalaiense,2.5
S3,L1,G2,7,70%,,,Reinwardtiodendron anamalaiense,1.2
S3,L1,G2,7,70%,,,Reinwardtiodendron anamalaiense,2
S3,L1,G2,7,70%,,,Reinwardtiodendron anamalaiense,3.5
S3,L1,G2,7,70%,,,Reinwardtiodendron anamalaiense,1.2
S3,L1,G2,7,70%,,,Reinwardtiodendron anamalaiense,0.5
S3,L1,G2,7,70%,,,Reinwardtiodendron anamalaiense,2
S3,L1,G2,7,70%,,,Reinwardtiodendron anamalaiense,2.5
S3,L1,G2,7,70%,,,Reinwardtiodendron anamalaiense,3
S3,L1,G2,7,70%,,,Reinwardtiodendron anamalaiense,1.2
S3,L1,G2,7,70%,,,Reinwardtiodendron anamalaiense,3
S3,L1,G2,7,70%,,,Reinwardtiodendron anamalaiense,1.2
S3,L1,G2,7,70%,,,Reinwardtiodendron anamalaiense,2.5
S3,L1,G2,7,70%,,,Reinwardtiodendron anamalaiense,3
S3,L1,G2,7,70%,,,Reinwardtiodendron anamalaiense,4
S3,L1,G2,7,70%,,,Reinwardtiodendron anamalaiense,5
S3,L1,G2,7,70%,,,Reinwardtiodendron anamalaiense,6
S3,L1,G2,7,70%,,,Reinwardtiodendron anamalaiense,12
S3,L1,G2,7,70%,,,Reinwardtiodendron anamalaiense,2
S3,L1,G2,7,70%,,,Reinwardtiodendron anamalaiense,4
S3,L1,G2,7,70%,,,Reinwardtiodendron anamalaiense,5.5
S3,L1,G2,7,70%,,,Reinwardtiodendron anamalaiense,1.2
S3,L1,G2,7,70%,,,Reinwardtiodendron anamalaiense,1.2
S3,L1,G2,7,70%,,,Reinwardtiodendron anamalaiense,0.5
S3,L1,G2,7,70%,,,Reinwardtiodendron anamalaiense,0.5
S3,L1,G2,7,70%,,,Reinwardtiodendron anamalaiense,0.5
S3,L1,G2,7,70%,,,Reinwardtiodendron anamalaiense,0.5
S3,L1,G2,7,70%,,,Reinwardtiodendron anamalaiense,0.7
S3,L1,G2,8,60%,,,Reinwardtiodendron anamalaiense,2.3
S3,L1,G2,8,60%,,,Reinwardtiodendron anamalaiense,1.5
S3,L1,G2,8,60%,,,Reinwardtiodendron anamalaiense,1.5
S3,L1,G2,8,60%,,,Reinwardtiodendron anamalaiense,4
S3,L1,G2,8,60%,,,Reinwardtiodendron anamalaiense,1.5
S3,L1,G2,8,60%,,,Reinwardtiodendron anamalaiense,0.7
S3,L1,G2,8,60%,,,Reinwardtiodendron anamalaiense,0.5
S3,L1,G2,8,60%,,,Reinwardtiodendron anamalaiense,0.7
S3,L1,G2,8,60%,,,Reinwardtiodendron anamalaiense,2.5
S3,L1,G2,8,60%,,,Reinwardtiodendron anamalaiense,1.2
S3,L1,G2,8,60%,,,Reinwardtiodendron anamalaiense,3
S3,L1,G2,8,60%,,,Reinwardtiodendron anamalaiense,1.2
S3,L1,G2,8,60%,,,Reinwardtiodendron anamalaiense,0.6
S3,L1,G2,8,60%,,,Reinwardtiodendron anamalaiense,1.2
S3,L1,G2,8,60%,,,Reinwardtiodendron anamalaiense,2
S3,L1,G2,8,60%,,,Reinwardtiodendron anamalaiense,4
S3,L1,G2,8,60%,,,Reinwardtiodendron anamalaiense,5.5
S3,L1,G2,8,60%,,,Reinwardtiodendron anamalaiense,2
S3,L1,G2,8,60%,,,Reinwardtiodendron anamalaiense,3
S3,L1,G2,8,60%,,,Reinwardtiodendron anamalaiense,0.7
S3,L1,G2,8,60%,,,Reinwardtiodendron anamalaiense,0.5
S3,L1,G2,8,60%,,,Reinwardtiodendron anamalaiense,1.2
S3,L1,G2,8,60%,,,Reinwardtiodendron anamalaiense,0.5
S3,L1,G2,8,60%,,,Reinwardtiodendron anamalaiense,2
S3,L1,G2,8,60%,,,Reinwardtiodendron anamalaiense,3.5
S3,L1,G2,8,60%,,,Reinwardtiodendron anamalaiense,4
S3,L1,G2,8,60%,,,Reinwardtiodendron anamalaiense,1.2
S3,L1,G2,8,60%,,,Reinwardtiodendron anamalaiense,0.7
S3,L1,G2,8,60%,,,Reinwardtiodendron anamalaiense,7
S3,L1,G2,8,60%,,,Reinwardtiodendron anamalaiense,1.2
S3,L1,G2,8,60%,,,Reinwardtiodendron anamalaiense,0.7
S3,L1,G2,8,60%,,,Reinwardtiodendron anamalaiense,1.2
S3,L1,G2,8,60%,,,Reinwardtiodendron anamalaiense,0.5
S3,L1,G2,8,60%,,,Reinwardtiodendron anamalaiense,1.2
S3,L1,G2,8,60%,,,Reinwardtiodendron anamalaiense,3.5
S3,L1,G2,8,60%,,,Reinwardtiodendron anamalaiense,2
S3,L1,G2,8,60%,,,Reinwardtiodendron anamalaiense,0.7
S3,L1,G2,8,60%,,,Reinwardtiodendron anamalaiense,1.5
S3,L1,G2,8,60%,,,Reinwardtiodendron anamalaiense,0.5
S3,L1,G2,8,60%,,,Reinwardtiodendron anamalaiense,0.7
S3,L1,G2,8,60%,,,Reinwardtiodendron anamalaiense,1.2
S3,L1,G2,8,60%,,,Reinwardtiodendron anamalaiense,0.7
S3,L1,G2,8,60%,,,Reinwardtiodendron anamalaiense,0.5
S3,L1,G2,9,75%,,,Reinwardtiodendron anamalaiense,5.5
S3,L1,G2,9,75%,,,Reinwardtiodendron anamalaiense,1.2
S3,L1,G2,9,75%,,,Reinwardtiodendron anamalaiense,0.5
S3,L1,G2,9,75%,,,Reinwardtiodendron anamalaiense,3
S3,L1,G2,9,75%,,,Reinwardtiodendron anamalaiense,8
S3,L1,G2,9,75%,,,Reinwardtiodendron anamalaiense,7.5
S3,L1,G2,9,75%,,,Reinwardtiodendron anamalaiense,1.2
S3,L1,G2,9,75%,,,Reinwardtiodendron anamalaiense,0.5
S3,L1,G2,9,75%,,,Reinwardtiodendron anamalaiense,3.5
S3,L1,G2,9,75%,,,Reinwardtiodendron anamalaiense,6.5
S3,L1,G2,9,75%,,,Reinwardtiodendron anamalaiense,5.5
S3,L1,G2,9,75%,,,Reinwardtiodendron anamalaiense,1.2
S3,L1,G2,9,75%,,,Reinwardtiodendron anamalaiense,0.5
S3,L1,G2,9,75%,,,Reinwardtiodendron anamalaiense,1.2
S3,L1,G2,9,75%,,,Reinwardtiodendron anamalaiense,2.5
S3,L1,G2,9,75%,,,Reinwardtiodendron anamalaiense,1.2
S3,L1,G2,9,75%,,,Reinwardtiodendron anamalaiense,4
S3,L1,G2,9,75%,,,Reinwardtiodendron anamalaiense,1.2
S3,L1,G2,9,75%,,,Reinwardtiodendron anamalaiense,1.5
S3,L1,G2,9,75%,,,Reinwardtiodendron anamalaiense,2
S3,L1,G2,9,75%,,,Reinwardtiodendron anamalaiense,3
S3,L1,G2,9,75%,,,Reinwardtiodendron anamalaiense,4
S3,L1,G2,9,75%,,,Reinwardtiodendron anamalaiense,2.5
S3,L1,G2,9,75%,,,Reinwardtiodendron anamalaiense,0.5
S3,L1,G2,9,75%,,,Reinwardtiodendron anamalaiense,0.7
S3,L1,G2,9,75%,,,Reinwardtiodendron anamalaiense,1.2
S3,L1,G2,9,75%,,,Reinwardtiodendron anamalaiense,2.5
S3,L1,G2,9,75%,,,Reinwardtiodendron anamalaiense,3.5
S3,L1,G2,9,75%,,,Reinwardtiodendron anamalaiense,4
S3,L1,G2,9,75%,,,Reinwardtiodendron anamalaiense,5.5
S3,L1,G2,9,75%,,,Reinwardtiodendron anamalaiense,3.5
S3,L1,G2,9,75%,,,Reinwardtiodendron anamalaiense,5
S3,L1,G2,9,75%,,,Reinwardtiodendron anamalaiense,1.2
S3,L1,G2,9,75%,,,Reinwardtiodendron anamalaiense,3
S3,L1,G2,9,75%,,,Reinwardtiodendron anamalaiense,4
S3,L1,G2,9,75%,,,Reinwardtiodendron anamalaiense,5.5
S3,L1,G2,9,75%,,,Reinwardtiodendron anamalaiense,1.2
S3,L1,G2,9,75%,,,Reinwardtiodendron anamalaiense,5.5
S3,L1,G2,9,75%,,,Reinwardtiodendron anamalaiense,1.2
S3,L1,G2,9,75%,,,Reinwardtiodendron anamalaiense,1.5
S3,L1,G2,9,75%,,,Reinwardtiodendron anamalaiense,5.5
S3,L1,G2,9,75%,,,Reinwardtiodendron anamalaiense,4
S3,L1,G2,9,75%,,,Reinwardtiodendron anamalaiense,5.5
S3,L1,G2,9,75%,,,Reinwardtiodendron anamalaiense,1.2
S3,L1,G2,9,75%,,,Reinwardtiodendron anamalaiense,0.7
S3,L1,G2,10,70%,,,Reinwardtiodendron anamalaiense,1.5
S3,L1,G2,10,70%,,,Reinwardtiodendron anamalaiense,0.5
S3,L1,G2,10,70%,,,Reinwardtiodendron anamalaiense,0.7
S3,L1,G2,10,70%,,,Reinwardtiodendron anamalaiense,2
S3,L1,G2,10,70%,,,Reinwardtiodendron anamalaiense,3.5
S3,L1,G2,10,70%,,,Reinwardtiodendron anamalaiense,3.5
S3,L1,G2,10,70%,,,Reinwardtiodendron anamalaiense,1.5
S3,L1,G2,10,70%,,,Reinwardtiodendron anamalaiense,0.5
S3,L1,G2,10,70%,,,Reinwardtiodendron anamalaiense,1.5
S3,L1,G2,10,70%,,,Reinwardtiodendron anamalaiense,2.5
S3,L1,G2,10,70%,,,Reinwardtiodendron anamalaiense,4
S3,L1,G2,10,70%,,,Reinwardtiodendron anamalaiense,5.5
S3,L1,G2,10,70%,,,Reinwardtiodendron anamalaiense,0.7
S3,L1,G2,10,70%,,,Reinwardtiodendron anamalaiense,1.5
S3,L1,G2,10,70%,,,Reinwardtiodendron anamalaiense,1.5
S3,L1,G2,10,70%,,,Reinwardtiodendron anamalaiense,2.5
S3,L1,G2,10,70%,,,Reinwardtiodendron anamalaiense,1.5
S3,L1,G2,10,70%,,,Reinwardtiodendron anamalaiense,2
S3,L1,G2,10,70%,,,Reinwardtiodendron anamalaiense,3.5
S3,L1,G2,10,70%,,,Reinwardtiodendron anamalaiense,4.5
S3,L1,G2,10,70%,,,Reinwardtiodendron anamalaiense,2.5
S3,L1,G2,10,70%,,,Reinwardtiodendron anamalaiense,3
S3,L1,G2,10,70%,,,Reinwardtiodendron anamalaiense,4
S3,L1,G2,10,70%,,,Reinwardtiodendron anamalaiense,11
S3,L1,G2,10,70%,,,Reinwardtiodendron anamalaiense,7
S3,L1,G2,10,70%,,,Reinwardtiodendron anamalaiense,1.5
S3,L1,G2,10,70%,,,Reinwardtiodendron anamalaiense,0.5
S3,L1,G2,10,70%,,,Reinwardtiodendron anamalaiense,0.5
S3,L1,G2,10,70%,,,Reinwardtiodendron anamalaiense,0.4
S3,L1,G2,11,75%,,,Reinwardtiodendron anamalaiense,8
S3,L1,G2,11,75%,,,Reinwardtiodendron anamalaiense,0.7
S3,L1,G2,11,75%,,,Reinwardtiodendron anamalaiense,0.5
S3,L1,G2,11,75%,,,Reinwardtiodendron anamalaiense,2
S3,L1,G2,11,75%,,,Reinwardtiodendron anamalaiense,1.2
S3,L1,G2,11,75%,,,Reinwardtiodendron anamalaiense,0.7
S3,L1,G2,11,75%,,,Reinwardtiodendron anamalaiense,1.5
S3,L1,G2,11,75%,,,Reinwardtiodendron anamalaiense,2.5
S3,L1,G2,11,75%,,,Reinwardtiodendron anamalaiense,4
S3,L1,G2,11,75%,,,Reinwardtiodendron anamalaiense,4
S3,L1,G2,11,75%,,,Reinwardtiodendron anamalaiense,2.5
S3,L1,G2,11,75%,,,Reinwardtiodendron anamalaiense,2.5
S3,L1,G2,11,75%,,,Reinwardtiodendron anamalaiense,1.2
S3,L1,G2,11,75%,,,Reinwardtiodendron anamalaiense,9
S3,L1,G2,11,75%,,,Reinwardtiodendron anamalaiense,10
S3,L1,G2,11,75%,,,Reinwardtiodendron anamalaiense,4.5
S3,L1,G2,11,75%,,,Reinwardtiodendron anamalaiense,1.5
S3,L1,G2,12,75%,,,Reinwardtiodendron anamalaiense,5
S3,L1,G2,12,75%,,,Reinwardtiodendron anamalaiense,1.2
S3,L1,G2,12,75%,,,Reinwardtiodendron anamalaiense,0.5
S3,L1,G2,12,75%,,,Reinwardtiodendron anamalaiense,1.2
S3,L1,G2,12,75%,,,Reinwardtiodendron anamalaiense,0.7
S3,L1,G2,12,75%,,,Reinwardtiodendron anamalaiense,1.2
S3,L1,G2,12,75%,,,Reinwardtiodendron anamalaiense,1.5
S3,L1,G2,12,75%,,,Reinwardtiodendron anamalaiense,1.5
S3,L1,G2,12,75%,,,Reinwardtiodendron anamalaiense,2.3
S3,L1,G2,12,75%,,,Reinwardtiodendron anamalaiense,1.2
S3,L1,G2,12,75%,,,Reinwardtiodendron anamalaiense,63
S3,L1,G2,12,75%,,,Reinwardtiodendron anamalaiense,4
S3,L1,G2,12,75%,,,Reinwardtiodendron anamalaiense,5
S3,L1,G2,12,75%,,,Reinwardtiodendron anamalaiense,1.5
S3,L1,G2,12,75%,,,Reinwardtiodendron anamalaiense,0.7
S3,L1,G2,12,75%,,,Reinwardtiodendron anamalaiense,1.2
S3,L1,G2,12,75%,,,Reinwardtiodendron anamalaiense,0.7
S3,L1,G2,12,75%,,,Reinwardtiodendron anamalaiense,1.5
S3,L1,G2,12,75%,,,Reinwardtiodendron anamalaiense,7
S3,L1,G2,12,75%,,,Reinwardtiodendron anamalaiense,3
S3,L1,G2,12,75%,,,Reinwardtiodendron anamalaiense,4.5
S3,L1,G2,12,75%,,,Reinwardtiodendron anamalaiense,3
S3,L1,G2,12,75%,,,Reinwardtiodendron anamalaiense,1.5
S3,L1,G2,12,75%,,,Reinwardtiodendron anamalaiense,4
S3,L1,G2,12,75%,,,Reinwardtiodendron anamalaiense,0.9
S3,L1,G2,12,75%,,,Reinwardtiodendron anamalaiense,1.2
S3,L1,G2,12,75%,,,Reinwardtiodendron anamalaiense,0.5
S3,L1,G2,12,75%,,,Reinwardtiodendron anamalaiense,0.7
S3,L1,G2,12,75%,,,Reinwardtiodendron anamalaiense,1.5
S3,L1,G2,13,68%,,,Reinwardtiodendron anamalaiense,6
S3,L1,G2,13,68%,,,Reinwardtiodendron anamalaiense,0.7
S3,L1,G2,13,68%,,,Reinwardtiodendron anamalaiense,0.5
S3,L1,G2,13,68%,,,Reinwardtiodendron anamalaiense,0.4
S3,L1,G2,13,68%,,,Reinwardtiodendron anamalaiense,1.2
S3,L1,G2,13,68%,,,Reinwardtiodendron anamalaiense,3.5
S3,L1,G2,13,68%,,,Reinwardtiodendron anamalaiense,2.5
S3,L1,G2,13,68%,,,Reinwardtiodendron anamalaiense,1.2
S3,L1,G2,13,68%,,,Reinwardtiodendron anamalaiense,3.5
S3,L1,G2,13,68%,,,Reinwardtiodendron anamalaiense,1.5
S3,L1,G2,13,68%,,,Reinwardtiodendron anamalaiense,2.4
S3,L1,G2,13,68%,,,Reinwardtiodendron anamalaiense,0.5
S3,L1,G2,13,68%,,,Reinwardtiodendron anamalaiense,0.7
S3,L1,G2,13,68%,,,Reinwardtiodendron anamalaiense,0.5
S3,L1,G2,13,68%,,,Reinwardtiodendron anamalaiense,1.5
S3,L1,G2,13,68%,,,Reinwardtiodendron anamalaiense,1.2
S3,L1,G2,13,68%,,,Reinwardtiodendron anamalaiense,29
S3,L1,G2,13,68%,,,Reinwardtiodendron anamalaiense,3
S3,L1,G2,13,68%,,,Reinwardtiodendron anamalaiense,4.5
S3,L1,G2,13,68%,,,Reinwardtiodendron anamalaiense,1.5
S3,L1,G2,13,68%,,,Reinwardtiodendron anamalaiense,3.5
S3,L1,G2,13,68%,,,Reinwardtiodendron anamalaiense,3.5
S3,L1,G2,13,68%,,,Reinwardtiodendron anamalaiense,2
S3,L1,G2,13,68%,,,Reinwardtiodendron anamalaiense,5.5
S3,L1,G2,13,68%,,,Reinwardtiodendron anamalaiense,3.5
S3,L1,G2,13,68%,,,Reinwardtiodendron anamalaiense,1.5
S3,L1,G2,13,68%,,,Reinwardtiodendron anamalaiense,2
S3,L1,G2,13,68%,,,Reinwardtiodendron anamalaiense,1.2
S3,L1,G2,15,70%,,,Reinwardtiodendron anamalaiense,4
S3,L1,G2,16,80%,,,Reinwardtiodendron anamalaiense,0.5
S3,L1,G2,16,80%,,,Reinwardtiodendron anamalaiense,1.2
S3,L1,G2,16,80%,,,Reinwardtiodendron anamalaiense,2.3
S5,L2,G2,1,60%,,,Reinwardtiodendron anamalaiense,0.4
S5,L2,G2,1,60%,,,Reinwardtiodendron anamalaiense,1.6
S5,L2,G2,1,60%,,,Reinwardtiodendron anamalaiense,73
S5,L2,G2,1,60%,,,Reinwardtiodendron anamalaiense,0.3
S5,L2,G2,1,60%,,,Reinwardtiodendron anamalaiense,0.3
S5,L2,G2,2,75%,,,Reinwardtiodendron anamalaiense,0.8
S5,L2,G2,2,75%,,,Reinwardtiodendron anamalaiense,0.5
S5,L2,G2,2,75%,,,Reinwardtiodendron anamalaiense,0.5
S5,L2,G2,2,75%,,,Reinwardtiodendron anamalaiense,0.5
S5,L2,G2,2,75%,,,Reinwardtiodendron anamalaiense,0.7
S5,L2,G2,2,75%,,,Reinwardtiodendron anamalaiense,0.3
S5,L2,G2,2,75%,,,Reinwardtiodendron anamalaiense,3
S5,L2,G2,2,75%,,,Reinwardtiodendron anamalaiense,0.2
S5,L2,G2,3,68%,,,Reinwardtiodendron anamalaiense,123
S5,L2,G2,3,68%,,,Reinwardtiodendron anamalaiense,0.5
S5,L2,G2,3,68%,,,Reinwardtiodendron anamalaiense,0.3
S5,L2,G2,4,80%,,,Reinwardtiodendron anamalaiense,0.5
S5,L2,G2,4,80%,,,Reinwardtiodendron anamalaiense,0.6
S5,L2,G2,6,76%,,,Reinwardtiodendron anamalaiense,0.5
S5,L2,G2,6,76%,,,Reinwardtiodendron anamalaiense,9
S5,L2,G2,6,76%,,,Reinwardtiodendron anamalaiense,5
S5,L2,G2,9,80%,,,Reinwardtiodendron anamalaiense,7.2
S5,L2,G2,9,80%,,,Reinwardtiodendron anamalaiense,7
S5,L2,G2,9,80%,,,Reinwardtiodendron anamalaiense,6.5
S5,L2,G2,9,80%,,,Reinwardtiodendron anamalaiense,5
S5,L2,G2,11,76%,,,Reinwardtiodendron anamalaiense,6
S5,L2,G2,11,76%,,,Reinwardtiodendron anamalaiense,0.8
S5,L2,G2,11,76%,,,Reinwardtiodendron anamalaiense,17
S5,L2,G2,11,76%,,,Reinwardtiodendron anamalaiense,12
S5,L2,G2,11,76%,,,Reinwardtiodendron anamalaiense,6
S5,L2,G2,16,75%,,,Reinwardtiodendron anamalaiense,0.3
S5,L2,G2,16,75%,,,Reinwardtiodendron anamalaiense,0.3
S5,L2,G2,16,75%,,,Reinwardtiodendron anamalaiense,0.3
S5,L2,G2,16,75%,,,Reinwardtiodendron anamalaiense,0.5
S5,L2,G2,16,75%,,,Reinwardtiodendron anamalaiense,26
S5,L2,G2,16,75%,,,Reinwardtiodendron anamalaiense,0.5
S2,L1,G2,1,80%,,,Schefflera sp.,0.9
S13,L1,G2,11,50%,,,Scolopia crenata,2
S19,L1,G2,2,75%,1 Net,2 Plots,Scolopia crenata,65
S18,L1,G2,1,55%,,,Scolopia crenata,4
S18,L1,G2,1,55%,,,Scolopia crenata,0.8
S18,L1,G2,3,40%,,,Scolopia crenata,0.4
S18,L1,G2,3,40%,,,Scolopia crenata,0.4
S13,L1,G2,10,30%,,,Spondias pinnata,16
S13,L1,G2,5,70%,1 Net,1 plot,Symplocos cochinchinensis,2
S13,L1,G2,6,70%,1 Net,,Symplocos cochinchinensis,1.5
S13,L1,G2,6,70%,1 Net,,Symplocos cochinchinensis,1.5
S13,L1,G2,14,40%,,,Symplocos racemosa,5
S13,L1,G2,14,40%,,,Symplocos racemosa,6
S13,L1,G2,16,50%,,,Symplocos racemosa,8
S13,L1,G2,16,50%,,,Symplocos racemosa,2
S13,L1,G2,16,50%,,,Symplocos racemosa,2
S19,L1,G2,1,70%,,,Symplocos racemosa,2.5
S19,L1,G2,9,70%,,,Symplocos racemosa,0.5
S19,L1,G2,12,60%,,,Symplocos racemosa,8
S19,L1,G2,12,60%,,,Symplocos racemosa,0.5
S19,L1,G2,13,70%,,,Symplocos racemosa,5
S18,L1,G2,3,40%,,,Symplocos racemosa,50
S18,L1,G2,4,70%,,,Symplocos racemosa,1.2
S18,L1,G2,4,70%,,,Symplocos racemosa,0.6
S18,L1,G2,4,70%,,,Symplocos racemosa,0.6
S18,L1,G2,4,70%,,,Symplocos racemosa,0.6
S18,L1,G2,4,70%,,,Symplocos racemosa,0.5
S18,L1,G2,4,70%,,,Symplocos racemosa,0.3
S18,L1,G2,5,55%,,0.5 Plot,Symplocos racemosa,0.7
S18,L1,G2,5,55%,,0.5 Plot,Symplocos racemosa,2
S18,L1,G2,6,55%,1 Net,4 Plots,Symplocos racemosa,0.4
S18,L1,G2,7,60%,,,Symplocos racemosa,0.3
S18,L1,G2,7,60%,,,Symplocos racemosa,0.3
S18,L1,G2,7,60%,,,Symplocos racemosa,0.3
S18,L1,G2,8,55%,,,Symplocos racemosa,0.5
S18,L1,G2,8,55%,,,Symplocos racemosa,0.4
S18,L1,G2,8,55%,,,Symplocos racemosa,0.5
S18,L1,G2,8,55%,,,Symplocos racemosa,0.7
S18,L1,G2,9,60%,,,Symplocos racemosa,0.4
S18,L1,G2,9,60%,,,Symplocos racemosa,3
S18,L1,G2,9,60%,,,Symplocos racemosa,0.3
S18,L1,G2,9,60%,,,Symplocos racemosa,0.3
S18,L1,G2,10,65%,,,Symplocos racemosa,0.4
S18,L1,G2,10,65%,,,Symplocos racemosa,0.4
S18,L1,G2,10,65%,,,Symplocos racemosa,0.4
S18,L1,G2,10,65%,,,Symplocos racemosa,0.4
S18,L1,G2,10,65%,,,Symplocos racemosa,0.4
S18,L1,G2,10,65%,,,Symplocos racemosa,0.4
S18,L1,G2,10,65%,,,Symplocos racemosa,0.4
S18,L1,G2,14,60%,,,Symplocos racemosa,0.4
S18,L1,G2,14,60%,,,Symplocos racemosa,0.4
S18,L1,G2,16,65%,,,Symplocos racemosa,95
S18,L1,G2,16,65%,,,Symplocos racemosa,150
S12,L2,G3,3,70%,,,Symplocos racemosa,0.5
S12,L2,G3,3,70%,,,Symplocos racemosa,0.4
S12,L2,G3,4,75%,,,Symplocos racemosa,0.5
S12,L2,G3,4,75%,,,Symplocos racemosa,0.5
S12,L2,G3,7,70%,,,Symplocos racemosa,0.7
S12,L2,G3,11,85%,,,Symplocos racemosa,0.5
S12,L2,G3,12,78%,1 Net,,Symplocos racemosa,29
S12,L2,G3,14,75%,,,Symplocos racemosa,32
S12,L2,G3,14,75%,,,Symplocos racemosa,0.7
S3,L1,G2,1,60%,,,Symplocos racemosa,1.2
S3,L1,G2,1,60%,,,Symplocos racemosa,1
S3,L1,G2,1,60%,,,Symplocos racemosa,0.5
S3,L1,G2,1,60%,,,Symplocos racemosa,0.5
S3,L1,G2,1,60%,,,Symplocos racemosa,0.5
S3,L1,G2,1,60%,,,Symplocos racemosa,0.6
S3,L1,G2,2,78%,,,Symplocos racemosa,62
S3,L1,G2,3,60%,,,Symplocos racemosa,1.1
S3,L1,G2,4,75%,,,Symplocos racemosa,2
S3,L1,G2,5,65%,,,Symplocos racemosa,0.5
S3,L1,G2,6,76%,,,Symplocos racemosa,4
S3,L1,G2,6,76%,,,Symplocos racemosa,0.6
S3,L1,G2,11,75%,,,Symplocos racemosa,1
S3,L1,G2,15,70%,,,Symplocos racemosa,0.6
S3,L1,G2,15,70%,,,Symplocos racemosa,1.1
S3,L1,G2,16,80%,,,Symplocos racemosa,0.4
S2,L1,G2,1,80%,,,Symplocos racemosa,1.1
S2,L1,G2,1,80%,,,Symplocos racemosa,4
S2,L1,G2,1,80%,,,Symplocos racemosa,1.2
S2,L1,G2,2,79%,,,Symplocos racemosa,0.6
S2,L1,G2,3,85%,,,Symplocos racemosa,11
S2,L1,G2,5,78%,,,Symplocos racemosa,25
S2,L1,G2,8,80%,,,Symplocos racemosa,0.5
S2,L1,G2,9,80%,,,Symplocos racemosa,4
S2,L1,G2,9,80%,,,Symplocos racemosa,16
S2,L1,G2,10,75%,,,Symplocos racemosa,0.5
S2,L1,G2,10,75%,,,Symplocos racemosa,7
S2,L1,G2,10,75%,,,Symplocos racemosa,32
S2,L1,G2,11,75%,,,Symplocos racemosa,0.5
S2,L1,G2,11,75%,,,Symplocos racemosa,1.2
S2,L1,G2,12,60%,,,Symplocos racemosa,1.2
S2,L1,G2,12,60%,,,Symplocos racemosa,2
S2,L1,G2,12,60%,,,Symplocos racemosa,2
S2,L1,G2,12,60%,,,Symplocos racemosa,2
S2,L1,G2,12,60%,,,Symplocos racemosa,1
S2,L1,G2,13,65%,,,Symplocos racemosa,16
S2,L1,G2,14,70%,,,Symplocos racemosa,60
S2,L1,G2,16,80%,,,Symplocos racemosa,0.5
S2,L1,G2,16,80%,,,Symplocos racemosa,0.5
S2,L1,G2,16,80%,,,Symplocos racemosa,80
S2,L1,G2,16,80%,,,Symplocos racemosa,0.5
S2,L1,G2,16,80%,,,Symplocos racemosa,8
S5,L2,G2,1,60%,,,Symplocos racemosa,17
S5,L2,G2,1,60%,,,Symplocos racemosa,32
S5,L2,G2,1,60%,,,Symplocos racemosa,0.3
S5,L2,G2,1,60%,,,Symplocos racemosa,0.3
S5,L2,G2,1,60%,,,Symplocos racemosa,0.3
S5,L2,G2,5,78%,,,Symplocos racemosa,37
S5,L2,G2,5,78%,,,Symplocos racemosa,28
S5,L2,G2,5,78%,,,Symplocos racemosa,22
S5,L2,G2,5,78%,,,Symplocos racemosa,18
S5,L2,G2,5,78%,,,Symplocos racemosa,18
S5,L2,G2,5,78%,,,Symplocos racemosa,16
S5,L2,G2,5,78%,,,Symplocos racemosa,18
S5,L2,G2,6,76%,,,Symplocos racemosa,0.4
S5,L2,G2,6,76%,,,Symplocos racemosa,0.4
S5,L2,G2,6,76%,,,Symplocos racemosa,0.5
S5,L2,G2,6,76%,,,Symplocos racemosa,0.5
S5,L2,G2,6,76%,,,Symplocos racemosa,0.5
S5,L2,G2,6,76%,,,Symplocos racemosa,4.5
S5,L2,G2,11,76%,,,Symplocos racemosa,18
S5,L2,G2,11,76%,,,Symplocos racemosa,0.5
S5,L2,G2,11,76%,,,Symplocos racemosa,8
S5,L2,G2,11,76%,,,Symplocos racemosa,11
S5,L2,G2,13,75%,,,Symplocos racemosa,18
S5,L2,G2,14,70%,,,Symplocos racemosa,1.8
S5,L2,G2,14,70%,,,Symplocos racemosa,22
S5,L2,G2,14,70%,,,Symplocos racemosa,9.7
S5,L2,G2,14,70%,,,Symplocos racemosa,11
S5,L2,G2,14,70%,,,Symplocos racemosa,13
S5,L2,G2,14,70%,,,Symplocos racemosa,13
S8,L1,G2,1,70%,,,Symplocos racemosa,0.4
S8,L1,G2,1,70%,,,Symplocos racemosa,1.2
S8,L1,G2,1,70%,,,Symplocos racemosa,0.6
S8,L1,G2,1,70%,,,Symplocos racemosa,3
S8,L1,G2,1,70%,,,Symplocos racemosa,0.4
S8,L1,G2,1,70%,,,Symplocos racemosa,2
S8,L1,G2,1,70%,,,Symplocos racemosa,0.5
S8,L1,G2,1,70%,,,Symplocos racemosa,0.4
S8,L1,G2,1,70%,,,Symplocos racemosa,0.4
S8,L1,G2,2,65%,,,Symplocos racemosa,0.5
S8,L1,G2,2,65%,,,Symplocos racemosa,0.5
S8,L1,G2,2,65%,,,Symplocos racemosa,0.5
S8,L1,G2,2,65%,,,Symplocos racemosa,0.6
S8,L1,G2,2,65%,,,Symplocos racemosa,0.4
S8,L1,G2,2,65%,,,Symplocos racemosa,0.4
S8,L1,G2,2,65%,,,Symplocos racemosa,0.4
S8,L1,G2,2,65%,,,Symplocos racemosa,6.4
S8,L1,G2,2,65%,,,Symplocos racemosa,0.4
S8,L1,G2,2,65%,,,Symplocos racemosa,0.5
S8,L1,G2,2,65%,,,Symplocos racemosa,0.4
S8,L1,G2,2,65%,,,Symplocos racemosa,2
S8,L1,G2,2,65%,,,Symplocos racemosa,0.5
S8,L1,G2,2,65%,,,Symplocos racemosa,0.6
S8,L1,G2,2,65%,,,Symplocos racemosa,1.2
S8,L1,G2,3,60%,,,Symplocos racemosa,0.6
S8,L1,G2,3,60%,,,Symplocos racemosa,1.3
S8,L1,G2,3,60%,,,Symplocos racemosa,1.2
S8,L1,G2,3,60%,,,Symplocos racemosa,3
S8,L1,G2,3,60%,,,Symplocos racemosa,1.2
S8,L1,G2,3,60%,,,Symplocos racemosa,1.2
S8,L1,G2,3,60%,,,Symplocos racemosa,0.5
S8,L1,G2,4,60%,,,Symplocos racemosa,2
S8,L1,G2,4,60%,,,Symplocos racemosa,0.5
S8,L1,G2,4,60%,,,Symplocos racemosa,0.5
S8,L1,G2,4,60%,,,Symplocos racemosa,1.2
S8,L1,G2,4,60%,,,Symplocos racemosa,0.5
S8,L1,G2,4,60%,,,Symplocos racemosa,0.5
S8,L1,G2,5,65%,,,Symplocos racemosa,0.4
S8,L1,G2,5,65%,,,Symplocos racemosa,0.4
S8,L1,G2,5,65%,,,Symplocos racemosa,1.1
S8,L1,G2,5,65%,,,Symplocos racemosa,0.9
S8,L1,G2,5,65%,,,Symplocos racemosa,0.5
S8,L1,G2,5,65%,,,Symplocos racemosa,0.6
S8,L1,G2,6,75%,,,Symplocos racemosa,1.2
S8,L1,G2,6,75%,,,Symplocos racemosa,1.2
S8,L1,G2,6,75%,,,Symplocos racemosa,0.4
S8,L1,G2,6,75%,,,Symplocos racemosa,0.4
S8,L1,G2,6,75%,,,Symplocos racemosa,0.5
S8,L1,G2,6,75%,,,Symplocos racemosa,0.4
S8,L1,G2,6,75%,,,Symplocos racemosa,0.6
S8,L1,G2,6,75%,,,Symplocos racemosa,1.3
S8,L1,G2,6,75%,,,Symplocos racemosa,0.9
S8,L1,G2,6,75%,,,Symplocos racemosa,10
S8,L1,G2,7,70%,,,Symplocos racemosa,69
S8,L1,G2,7,70%,,,Symplocos racemosa,40
S8,L1,G2,7,70%,,,Symplocos racemosa,0.9
S8,L1,G2,7,70%,,,Symplocos racemosa,0.9
S8,L1,G2,7,70%,,,Symplocos racemosa,1.2
S8,L1,G2,7,70%,,,Symplocos racemosa,1.2
S8,L1,G2,7,70%,,,Symplocos racemosa,1.3
S8,L1,G2,8,55%,,,Symplocos racemosa,1.2
S8,L1,G2,8,55%,,,Symplocos racemosa,0.9
S8,L1,G2,8,55%,,,Symplocos racemosa,0.4
S8,L1,G2,8,55%,,,Symplocos racemosa,0.4
S8,L1,G2,8,55%,,,Symplocos racemosa,1.2
S8,L1,G2,8,55%,,,Symplocos racemosa,2
S8,L1,G2,8,55%,,,Symplocos racemosa,2
S8,L1,G2,8,55%,,,Symplocos racemosa,1.2
S8,L1,G2,8,55%,,,Symplocos racemosa,2
S8,L1,G2,8,55%,,,Symplocos racemosa,12
S8,L1,G2,8,55%,,,Symplocos racemosa,1.2
S8,L1,G2,9,60%,,,Symplocos racemosa,1.2
S8,L1,G2,9,60%,,,Symplocos racemosa,1.2
S8,L1,G2,9,60%,,,Symplocos racemosa,0.4
S8,L1,G2,9,60%,,,Symplocos racemosa,52
S8,L1,G2,10,70%,,,Symplocos racemosa,2
S8,L1,G2,10,70%,,,Symplocos racemosa,1.6
S8,L1,G2,10,70%,,,Symplocos racemosa,1.2
S8,L1,G2,10,70%,,,Symplocos racemosa,22
S8,L1,G2,10,70%,,,Symplocos racemosa,35
S8,L1,G2,11,65%,,,Symplocos racemosa,1.5
S8,L1,G2,11,65%,,,Symplocos racemosa,0.9
S8,L1,G2,11,65%,,,Symplocos racemosa,0.4
S8,L1,G2,11,65%,,,Symplocos racemosa,0.6
S8,L1,G2,11,65%,,,Symplocos racemosa,105
S8,L1,G2,11,65%,,,Symplocos racemosa,52
S8,L1,G2,12,80%,,,Symplocos racemosa,0.4
S8,L1,G2,12,80%,,,Symplocos racemosa,0.4
S8,L1,G2,12,80%,,,Symplocos racemosa,0.4
S8,L1,G2,12,80%,,,Symplocos racemosa,1.2
S8,L1,G2,12,80%,,,Symplocos racemosa,1.2
S8,L1,G2,12,80%,,,Symplocos racemosa,1.2
S8,L1,G2,12,80%,,,Symplocos racemosa,1.2
S8,L1,G2,12,80%,,,Symplocos racemosa,90
S8,L1,G2,12,80%,,,Symplocos racemosa,0.5
S8,L1,G2,13,85%,,,Symplocos racemosa,9
S8,L1,G2,13,85%,,,Symplocos racemosa,0.9
S8,L1,G2,13,85%,,,Symplocos racemosa,0.8
S8,L1,G2,13,85%,,,Symplocos racemosa,0.5
S8,L1,G2,13,85%,,,Symplocos racemosa,0.5
S8,L1,G2,13,85%,,,Symplocos racemosa,0.9
S8,L1,G2,13,85%,,,Symplocos racemosa,30
S8,L1,G2,13,85%,,,Symplocos racemosa,0.5
S8,L1,G2,14,70%,,,Symplocos racemosa,0.5
S8,L1,G2,14,70%,,,Symplocos racemosa,0.5
S8,L1,G2,14,70%,,,Symplocos racemosa,0.4
S8,L1,G2,14,70%,,,Symplocos racemosa,0.9
S8,L1,G2,14,70%,,,Symplocos racemosa,0.5
S8,L1,G2,14,70%,,,Symplocos racemosa,0.4
S8,L1,G2,14,70%,,,Symplocos racemosa,0.4
S8,L1,G2,14,70%,,,Symplocos racemosa,0.5
S8,L1,G2,14,70%,,,Symplocos racemosa,0.4
S8,L1,G2,14,70%,,,Symplocos racemosa,15
S8,L1,G2,14,70%,,,Symplocos racemosa,0.4
S8,L1,G2,14,70%,,,Symplocos racemosa,1.5
S8,L1,G2,15,60%,,,Symplocos racemosa,1.5
S8,L1,G2,15,60%,,,Symplocos racemosa,1.2
S8,L1,G2,15,60%,,,Symplocos racemosa,1.2
S8,L1,G2,15,60%,,,Symplocos racemosa,1.2
S8,L1,G2,15,60%,,,Symplocos racemosa,0.6
S8,L1,G2,15,60%,,,Symplocos racemosa,1.3
S8,L1,G2,15,60%,,,Symplocos racemosa,0.4
S8,L1,G2,15,60%,,,Symplocos racemosa,0.5
S8,L1,G2,16,75%,,,Symplocos racemosa,1.2
S8,L1,G2,16,75%,,,Symplocos racemosa,0.5
S8,L1,G2,16,75%,,,Symplocos racemosa,0.5
S8,L1,G2,16,75%,,,Symplocos racemosa,0.5
S8,L1,G2,16,75%,,,Symplocos racemosa,2
S8,L1,G2,16,75%,,,Symplocos racemosa,1.2
S8,L1,G2,16,75%,,,Symplocos racemosa,1.2
S8,L1,G2,16,75%,,,Symplocos racemosa,0.5
S8,L1,G2,16,75%,,,Symplocos racemosa,0.5
S8,L1,G2,16,75%,,,Symplocos racemosa,0.4
S8,L1,G2,16,75%,,,Symplocos racemosa,0.4
S8,L1,G2,16,75%,,,Symplocos racemosa,0.4
S8,L1,G2,16,75%,,,Symplocos racemosa,0.4
S8,L1,G2,16,75%,,,Symplocos racemosa,0.5
S8,L1,G2,16,75%,,,Symplocos racemosa,0.5
S2,L1,G2,4,75%,,,Syzygium cumini,49
S2,L1,G2,5,78%,,,Syzygium cumini,54
S2,L1,G2,5,78%,,,Syzygium cumini,7
S2,L1,G2,5,78%,,,Syzygium cumini,16
S2,L1,G2,5,78%,,,Syzygium cumini,16
S2,L1,G2,5,78%,,,Syzygium cumini,22
S2,L1,G2,5,78%,,,Syzygium cumini,22
S2,L1,G2,5,78%,,,Syzygium cumini,25
S2,L1,G2,5,78%,,,Syzygium cumini,12
S2,L1,G2,5,78%,,,Syzygium cumini,32
S2,L1,G2,6,79%,,,Syzygium cumini,32
S2,L1,G2,10,75%,,,Syzygium cumini,60
S2,L1,G2,12,60%,,,Syzygium cumini,29
S2,L1,G2,13,65%,,,Syzygium cumini,30
S2,L1,G2,13,65%,,,Syzygium cumini,32
S2,L1,G2,13,65%,,,Syzygium cumini,9
S2,L1,G2,13,65%,,,Syzygium cumini,16
S2,L1,G2,13,65%,,,Syzygium cumini,15
S2,L1,G2,13,65%,,,Syzygium cumini,40
S2,L1,G2,13,65%,,,Syzygium cumini,8
S2,L1,G2,13,65%,,,Syzygium cumini,12
S2,L1,G2,13,65%,,,Syzygium cumini,9
S2,L1,G2,13,65%,,,Syzygium cumini,5
S2,L1,G2,13,65%,,,Syzygium cumini,36
S2,L1,G2,13,65%,,,Syzygium cumini,29
S2,L1,G2,13,65%,,,Syzygium cumini,60
S2,L1,G2,13,65%,,,Syzygium cumini,12
S2,L1,G2,13,65%,,,Syzygium cumini,5
S2,L1,G2,14,70%,,,Syzygium cumini,60
S2,L1,G2,14,70%,,,Syzygium cumini,15
S2,L1,G2,14,70%,,,Syzygium cumini,32
S8,L1,G2,2,65%,,,Syzygium cumini,65
S8,L1,G2,2,65%,,,Syzygium cumini,4
S13,L1,G2,3,30%,1 Net,0.5 plot,Syzygium gardneri,15
S13,L1,G2,8,55%,,,Syzygium gardneri,170
S18,L1,G2,9,60%,,,Syzygium gardneri,0.4
S13,L1,G2,16,50%,,,Syzygium laetum,1
S18,L1,G2,7,60%,,,Syzygium laetum,1.1
S18,L1,G2,7,60%,,,Syzygium laetum,1.1
S18,L1,G2,7,60%,,,Syzygium laetum,1.2
S18,L1,G2,7,60%,,,Syzygium laetum,1.2
S18,L1,G2,9,60%,,,Syzygium laetum,0.4
S18,L1,G2,9,60%,,,Syzygium laetum,0.4
S18,L1,G2,9,60%,,,Syzygium laetum,1.2
S18,L1,G2,9,60%,,,Syzygium laetum,1.1
S18,L1,G2,11,55%,1 Net,,Syzygium laetum,1.1
S18,L1,G2,11,55%,1 Net,,Syzygium laetum,0.5
S18,L1,G2,11,55%,1 Net,,Syzygium laetum,1.1
S18,L1,G2,12,55%,,,Syzygium laetum,1.3
S18,L1,G2,12,55%,,,Syzygium laetum,5
S18,L1,G2,12,55%,,,Syzygium laetum,1
S18,L1,G2,12,55%,,,Syzygium laetum,1
S18,L1,G2,13,57%,,,Syzygium laetum,1.1
S18,L1,G2,13,57%,,,Syzygium laetum,1.1
S18,L1,G2,13,57%,,,Syzygium laetum,0.9
S18,L1,G2,15,60%,,,Syzygium laetum,0.9
S18,L1,G2,15,60%,,,Syzygium laetum,0.9
S12,L2,G3,3,70%,,,Syzygium laetum,7
S12,L2,G3,3,70%,,,Syzygium laetum,5
S12,L2,G3,5,77%,,,Syzygium laetum,13
S12,L2,G3,5,77%,,,Syzygium laetum,6
S12,L2,G3,6,70%,,,Syzygium laetum,4
S12,L2,G3,11,85%,,,Syzygium laetum,5
S12,L2,G3,11,85%,,,Syzygium laetum,3
S12,L2,G3,11,85%,,,Syzygium laetum,4
S12,L2,G3,12,78%,1 Net,,Syzygium laetum,4
S12,L2,G3,12,78%,1 Net,,Syzygium laetum,3
S12,L2,G3,12,78%,1 Net,,Syzygium laetum,4
S12,L2,G3,12,78%,1 Net,,Syzygium laetum,4
S12,L2,G3,12,78%,1 Net,,Syzygium laetum,5
S12,L2,G3,12,78%,1 Net,,Syzygium laetum,4
S12,L2,G3,12,78%,1 Net,,Syzygium laetum,3
S12,L2,G3,12,78%,1 Net,,Syzygium laetum,4
S12,L2,G3,13,70%,,,Syzygium laetum,4
S12,L2,G3,13,70%,,,Syzygium laetum,4
S12,L2,G3,13,70%,,,Syzygium laetum,6
S12,L2,G3,13,70%,,,Syzygium laetum,3
S12,L2,G3,13,70%,,,Syzygium laetum,6
S12,L2,G3,13,70%,,,Syzygium laetum,2
S12,L2,G3,13,70%,,,Syzygium laetum,3
S12,L2,G3,13,70%,,,Syzygium laetum,4
S12,L2,G3,14,75%,,,Syzygium laetum,6
S3,L1,G2,1,60%,,,Syzygium laetum,0.6
S3,L1,G2,3,60%,,,Syzygium laetum,0.4
S3,L1,G2,12,75%,,,Syzygium laetum,2
S8,L1,G2,5,65%,,,Syzygium laetum,22
S8,L1,G2,5,65%,,,Syzygium laetum,0.4
S8,L1,G2,5,65%,,,Syzygium laetum,0.4
S8,L1,G2,5,65%,,,Syzygium laetum,0.4
S8,L1,G2,5,65%,,,Syzygium laetum,0.3
S8,L1,G2,5,65%,,,Syzygium laetum,1.2
S8,L1,G2,9,60%,,,Syzygium laetum,7
S8,L1,G2,9,60%,,,Syzygium laetum,1
S8,L1,G2,9,60%,,,Syzygium laetum,3
S8,L1,G2,9,60%,,,Syzygium laetum,1.2
S8,L1,G2,9,60%,,,Syzygium laetum,0.4
S8,L1,G2,16,75%,,,Syzygium laetum,0.5
S8,L1,G2,16,75%,,,Syzygium laetum,0.6
S8,L1,G2,16,75%,,,Syzygium laetum,0.5
S8,L1,G2,16,75%,,,Syzygium laetum,15
S8,L1,G2,16,75%,,,Syzygium laetum,1.2
S13,L1,G2,1,60%,,,Syzygium rubicundum,0.4
S13,L1,G2,1,60%,,,Syzygium rubicundum,0.3
S13,L1,G2,2,45%,,1 plot,Syzygium rubicundum,1.5
S13,L1,G2,2,45%,,1 plot,Syzygium rubicundum,1.5
S13,L1,G2,2,45%,,1 plot,Syzygium rubicundum,0.5
S13,L1,G2,2,45%,,1 plot,Syzygium rubicundum,0.5
S13,L1,G2,4,55%,,0.5 plot,Syzygium rubicundum,1
S13,L1,G2,6,70%,1 Net,,Syzygium rubicundum,91
S13,L1,G2,6,70%,1 Net,,Syzygium rubicundum,2
S13,L1,G2,6,70%,1 Net,,Syzygium rubicundum,0.2
S13,L1,G2,7,40%,,,Syzygium rubicundum,0.3
S13,L1,G2,7,40%,,,Syzygium rubicundum,0.6
S13,L1,G2,7,40%,,,Syzygium rubicundum,0.6
S13,L1,G2,7,40%,,,Syzygium rubicundum,0.6
S13,L1,G2,7,40%,,,Syzygium rubicundum,0.6
S13,L1,G2,7,40%,,,Syzygium rubicundum,0.4
S13,L1,G2,7,40%,,,Syzygium rubicundum,0.4
S13,L1,G2,7,40%,,,Syzygium rubicundum,0.4
S13,L1,G2,7,40%,,,Syzygium rubicundum,0.4
S13,L1,G2,7,40%,,,Syzygium rubicundum,0.4
S13,L1,G2,7,40%,,,Syzygium rubicundum,0.4
S13,L1,G2,7,40%,,,Syzygium rubicundum,0.4
S13,L1,G2,7,40%,,,Syzygium rubicundum,0.4
S13,L1,G2,7,40%,,,Syzygium rubicundum,0.4
S13,L1,G2,7,40%,,,Syzygium rubicundum,0.4
S13,L1,G2,7,40%,,,Syzygium rubicundum,0.4
S13,L1,G2,7,40%,,,Syzygium rubicundum,0.4
S13,L1,G2,7,40%,,,Syzygium rubicundum,0.4
S13,L1,G2,7,40%,,,Syzygium rubicundum,0.4
S13,L1,G2,7,40%,,,Syzygium rubicundum,0.4
S13,L1,G2,7,40%,,,Syzygium rubicundum,0.3
S13,L1,G2,7,40%,,,Syzygium rubicundum,0.3
S13,L1,G2,7,40%,,,Syzygium rubicundum,0.3
S13,L1,G2,7,40%,,,Syzygium rubicundum,0.3
S13,L1,G2,7,40%,,,Syzygium rubicundum,0.4
S13,L1,G2,7,40%,,,Syzygium rubicundum,0.4
S13,L1,G2,7,40%,,,Syzygium rubicundum,3
S13,L1,G2,7,40%,,,Syzygium rubicundum,0.3
S13,L1,G2,7,40%,,,Syzygium rubicundum,0.3
S13,L1,G2,7,40%,,,Syzygium rubicundum,0.3
S13,L1,G2,7,40%,,,Syzygium rubicundum,0.3
S13,L1,G2,7,40%,,,Syzygium rubicundum,0.3
S13,L1,G2,7,40%,,,Syzygium rubicundum,0.3
S13,L1,G2,7,40%,,,Syzygium rubicundum,0.3
S13,L1,G2,7,40%,,,Syzygium rubicundum,0.3
S13,L1,G2,7,40%,,,Syzygium rubicundum,0.3
S13,L1,G2,8,55%,,,Syzygium rubicundum,0.4
S13,L1,G2,8,55%,,,Syzygium rubicundum,0.4
S13,L1,G2,8,55%,,,Syzygium rubicundum,0.4
S13,L1,G2,8,55%,,,Syzygium rubicundum,1.5
S13,L1,G2,8,55%,,,Syzygium rubicundum,1.5
S13,L1,G2,8,55%,,,Syzygium rubicundum,1.5
S13,L1,G2,8,55%,,,Syzygium rubicundum,2.5
S13,L1,G2,8,55%,,,Syzygium rubicundum,0.4
S13,L1,G2,8,55%,,,Syzygium rubicundum,1.5
S13,L1,G2,8,55%,,,Syzygium rubicundum,0.4
S13,L1,G2,8,55%,,,Syzygium rubicundum,0.4
S13,L1,G2,8,55%,,,Syzygium rubicundum,0.4
S13,L1,G2,8,55%,,,Syzygium rubicundum,0.4
S13,L1,G2,8,55%,,,Syzygium rubicundum,0.4
S13,L1,G2,8,55%,,,Syzygium rubicundum,0.4
S13,L1,G2,8,55%,,,Syzygium rubicundum,0.4
S13,L1,G2,8,55%,,,Syzygium rubicundum,0.4
S13,L1,G2,8,55%,,,Syzygium rubicundum,0.4
S13,L1,G2,8,55%,,,Syzygium rubicundum,0.4
S13,L1,G2,8,55%,,,Syzygium rubicundum,0.4
S13,L1,G2,8,55%,,,Syzygium rubicundum,0.4
S13,L1,G2,8,55%,,,Syzygium rubicundum,0.4
S13,L1,G2,8,55%,,,Syzygium rubicundum,0.4
S13,L1,G2,8,55%,,,Syzygium rubicundum,0.4
S13,L1,G2,8,55%,,,Syzygium rubicundum,0.4
S13,L1,G2,8,55%,,,Syzygium rubicundum,0.4
S13,L1,G2,8,55%,,,Syzygium rubicundum,0.4
S13,L1,G2,8,55%,,,Syzygium rubicundum,0.4
S13,L1,G2,8,55%,,,Syzygium rubicundum,0.4
S13,L1,G2,8,55%,,,Syzygium rubicundum,0.4
S13,L1,G2,8,55%,,,Syzygium rubicundum,0.4
S13,L1,G2,8,55%,,,Syzygium rubicundum,0.4
S13,L1,G2,8,55%,,,Syzygium rubicundum,0.4
S13,L1,G2,8,55%,,,Syzygium rubicundum,0.4
S13,L1,G2,8,55%,,,Syzygium rubicundum,0.4
S13,L1,G2,8,55%,,,Syzygium rubicundum,0.4
S13,L1,G2,8,55%,,,Syzygium rubicundum,0.4
S13,L1,G2,8,55%,,,Syzygium rubicundum,1.5
S13,L1,G2,8,55%,,,Syzygium rubicundum,0.4
S13,L1,G2,8,55%,,,Syzygium rubicundum,0.4
S13,L1,G2,8,55%,,,Syzygium rubicundum,0.4
S13,L1,G2,8,55%,,,Syzygium rubicundum,0.4
S13,L1,G2,8,55%,,,Syzygium rubicundum,0.4
S13,L1,G2,8,55%,,,Syzygium rubicundum,0.4
S13,L1,G2,8,55%,,,Syzygium rubicundum,0.4
S13,L1,G2,8,55%,,,Syzygium rubicundum,0.4
S13,L1,G2,8,55%,,,Syzygium rubicundum,0.4
S13,L1,G2,8,55%,,,Syzygium rubicundum,0.4
S13,L1,G2,8,55%,,,Syzygium rubicundum,0.4
S13,L1,G2,8,55%,,,Syzygium rubicundum,0.4
S13,L1,G2,8,55%,,,Syzygium rubicundum,0.4
S13,L1,G2,8,55%,,,Syzygium rubicundum,0.4
S13,L1,G2,8,55%,,,Syzygium rubicundum,0.4
S13,L1,G2,8,55%,,,Syzygium rubicundum,0.4
S13,L1,G2,8,55%,,,Syzygium rubicundum,0.4
S13,L1,G2,8,55%,,,Syzygium rubicundum,0.4
S13,L1,G2,8,55%,,,Syzygium rubicundum,0.4
S13,L1,G2,8,55%,,,Syzygium rubicundum,0.4
S13,L1,G2,8,55%,,,Syzygium rubicundum,0.4
S13,L1,G2,8,55%,,,Syzygium rubicundum,0.4
S13,L1,G2,9,40%,,,Syzygium rubicundum,0.4
S13,L1,G2,9,40%,,,Syzygium rubicundum,0.4
S13,L1,G2,9,40%,,,Syzygium rubicundum,0.4
S13,L1,G2,9,40%,,,Syzygium rubicundum,0.4
S13,L1,G2,9,40%,,,Syzygium rubicundum,0.4
S13,L1,G2,9,40%,,,Syzygium rubicundum,0.4
S13,L1,G2,9,40%,,,Syzygium rubicundum,0.4
S13,L1,G2,9,40%,,,Syzygium rubicundum,0.4
S13,L1,G2,9,40%,,,Syzygium rubicundum,0.6
S13,L1,G2,9,40%,,,Syzygium rubicundum,0.4
S13,L1,G2,9,40%,,,Syzygium rubicundum,0.4
S13,L1,G2,9,40%,,,Syzygium rubicundum,0.4
S13,L1,G2,9,40%,,,Syzygium rubicundum,0.4
S13,L1,G2,9,40%,,,Syzygium rubicundum,0.4
S13,L1,G2,9,40%,,,Syzygium rubicundum,0.4
S13,L1,G2,9,40%,,,Syzygium rubicundum,0.5
S13,L1,G2,9,40%,,,Syzygium rubicundum,0.5
S13,L1,G2,9,40%,,,Syzygium rubicundum,0.4
S13,L1,G2,9,40%,,,Syzygium rubicundum,0.4
S13,L1,G2,9,40%,,,Syzygium rubicundum,0.4
S13,L1,G2,9,40%,,,Syzygium rubicundum,0.4
S13,L1,G2,9,40%,,,Syzygium rubicundum,0.4
S13,L1,G2,9,40%,,,Syzygium rubicundum,0.4
S13,L1,G2,9,40%,,,Syzygium rubicundum,0.4
S13,L1,G2,9,40%,,,Syzygium rubicundum,0.4
S13,L1,G2,9,40%,,,Syzygium rubicundum,0.4
S13,L1,G2,9,40%,,,Syzygium rubicundum,0.4
S13,L1,G2,9,40%,,,Syzygium rubicundum,0.4
S13,L1,G2,9,40%,,,Syzygium rubicundum,0.4
S13,L1,G2,9,40%,,,Syzygium rubicundum,0.4
S13,L1,G2,9,40%,,,Syzygium rubicundum,1.2
S13,L1,G2,9,40%,,,Syzygium rubicundum,1.2
S13,L1,G2,9,40%,,,Syzygium rubicundum,0.4
S13,L1,G2,9,40%,,,Syzygium rubicundum,0.4
S13,L1,G2,9,40%,,,Syzygium rubicundum,0.4
S13,L1,G2,9,40%,,,Syzygium rubicundum,0.4
S13,L1,G2,9,40%,,,Syzygium rubicundum,0.4
S13,L1,G2,9,40%,,,Syzygium rubicundum,0.4
S13,L1,G2,9,40%,,,Syzygium rubicundum,0.4
S13,L1,G2,9,40%,,,Syzygium rubicundum,1.5
S13,L1,G2,9,40%,,,Syzygium rubicundum,0.4
S13,L1,G2,9,40%,,,Syzygium rubicundum,0.4
S13,L1,G2,9,40%,,,Syzygium rubicundum,0.4
S13,L1,G2,9,40%,,,Syzygium rubicundum,0.4
S13,L1,G2,9,40%,,,Syzygium rubicundum,0.4
S13,L1,G2,9,40%,,,Syzygium rubicundum,0.4
S13,L1,G2,9,40%,,,Syzygium rubicundum,0.4
S13,L1,G2,9,40%,,,Syzygium rubicundum,1.5
S13,L1,G2,9,40%,,,Syzygium rubicundum,0.4
S13,L1,G2,9,40%,,,Syzygium rubicundum,0.4
S13,L1,G2,9,40%,,,Syzygium rubicundum,0.4
S13,L1,G2,9,40%,,,Syzygium rubicundum,0.6
S13,L1,G2,9,40%,,,Syzygium rubicundum,0.6
S13,L1,G2,9,40%,,,Syzygium rubicundum,0.4
S13,L1,G2,9,40%,,,Syzygium rubicundum,1.5
S13,L1,G2,9,40%,,,Syzygium rubicundum,0.9
S13,L1,G2,9,40%,,,Syzygium rubicundum,0.4
S13,L1,G2,9,40%,,,Syzygium rubicundum,0.4
S13,L1,G2,9,40%,,,Syzygium rubicundum,0.4
S13,L1,G2,9,40%,,,Syzygium rubicundum,0.4
S13,L1,G2,9,40%,,,Syzygium rubicundum,0.6
S13,L1,G2,9,40%,,,Syzygium rubicundum,0.4
S13,L1,G2,10,30%,,,Syzygium rubicundum,0.4
S13,L1,G2,10,30%,,,Syzygium rubicundum,0.4
S13,L1,G2,10,30%,,,Syzygium rubicundum,0.4
S13,L1,G2,10,30%,,,Syzygium rubicundum,0.4
S13,L1,G2,10,30%,,,Syzygium rubicundum,0.4
S13,L1,G2,10,30%,,,Syzygium rubicundum,0.4
S13,L1,G2,10,30%,,,Syzygium rubicundum,0.4
S13,L1,G2,10,30%,,,Syzygium rubicundum,0.4
S13,L1,G2,10,30%,,,Syzygium rubicundum,0.4
S13,L1,G2,10,30%,,,Syzygium rubicundum,0.4
S13,L1,G2,10,30%,,,Syzygium rubicundum,0.4
S13,L1,G2,10,30%,,,Syzygium rubicundum,0.4
S13,L1,G2,10,30%,,,Syzygium rubicundum,1.5
S13,L1,G2,10,30%,,,Syzygium rubicundum,0.4
S13,L1,G2,10,30%,,,Syzygium rubicundum,0.4
S13,L1,G2,10,30%,,,Syzygium rubicundum,0.4
S13,L1,G2,10,30%,,,Syzygium rubicundum,0.4
S13,L1,G2,10,30%,,,Syzygium rubicundum,1.5
S13,L1,G2,10,30%,,,Syzygium rubicundum,0.4
S13,L1,G2,10,30%,,,Syzygium rubicundum,0.4
S13,L1,G2,10,30%,,,Syzygium rubicundum,0.4
S13,L1,G2,10,30%,,,Syzygium rubicundum,0.4
S13,L1,G2,10,30%,,,Syzygium rubicundum,0.4
S13,L1,G2,10,30%,,,Syzygium rubicundum,0.4
S13,L1,G2,10,30%,,,Syzygium rubicundum,0.4
S13,L1,G2,10,30%,,,Syzygium rubicundum,0.4
S13,L1,G2,10,30%,,,Syzygium rubicundum,0.4
S13,L1,G2,10,30%,,,Syzygium rubicundum,0.4
S13,L1,G2,10,30%,,,Syzygium rubicundum,0.4
S13,L1,G2,10,30%,,,Syzygium rubicundum,0.4
S13,L1,G2,10,30%,,,Syzygium rubicundum,0.5
S13,L1,G2,11,50%,,,Syzygium rubicundum,39
S13,L1,G2,11,50%,,,Syzygium rubicundum,0.4
S13,L1,G2,11,50%,,,Syzygium rubicundum,0.5
S13,L1,G2,12,60%,,,Syzygium rubicundum,0.4
S13,L1,G2,13,50%,,,Syzygium rubicundum,5
S13,L1,G2,13,50%,,,Syzygium rubicundum,5
S13,L1,G2,13,50%,,,Syzygium rubicundum,3
S13,L1,G2,14,40%,,,Syzygium rubicundum,2
S13,L1,G2,16,50%,,,Syzygium rubicundum,0.4
S19,L1,G2,1,70%,,,Syzygium rubicundum,1.5
S19,L1,G2,1,70%,,,Syzygium rubicundum,1.2
S19,L1,G2,2,75%,1 Net,2 Plots,Syzygium rubicundum,0.5
S19,L1,G2,3,75%,1 Net,,Syzygium rubicundum,2
S19,L1,G2,4,70%,,,Syzygium rubicundum,2
S19,L1,G2,5,65%,,,Syzygium rubicundum,0.5
S19,L1,G2,8,50%,,,Syzygium rubicundum,0.4
S19,L1,G2,9,70%,,,Syzygium rubicundum,2
S19,L1,G2,9,70%,,,Syzygium rubicundum,1.3
S19,L1,G2,9,70%,,,Syzygium rubicundum,3
S19,L1,G2,9,70%,,,Syzygium rubicundum,4
S19,L1,G2,9,70%,,,Syzygium rubicundum,13
S19,L1,G2,9,70%,,,Syzygium rubicundum,0.3
S19,L1,G2,11,60%,,1 Plot,Syzygium rubicundum,2
S19,L1,G2,11,60%,,1 Plot,Syzygium rubicundum,1.3
S19,L1,G2,11,60%,,1 Plot,Syzygium rubicundum,0.4
S19,L1,G2,14,69%,1 Net,,Syzygium rubicundum,0.4
S19,L1,G2,15,75%,,,Syzygium rubicundum,0.4
S19,L1,G2,15,75%,,,Syzygium rubicundum,0.4
S19,L1,G2,16,70%,,,Syzygium rubicundum,65
S19,L1,G2,16,70%,,,Syzygium rubicundum,6
S19,L1,G2,16,70%,,,Syzygium rubicundum,0.4
S18,L1,G2,1,55%,,,Syzygium rubicundum,35
S18,L1,G2,1,55%,,,Syzygium rubicundum,2
S18,L1,G2,1,55%,,,Syzygium rubicundum,2.8
S18,L1,G2,1,55%,,,Syzygium rubicundum,1.2
S18,L1,G2,1,55%,,,Syzygium rubicundum,0.4
S18,L1,G2,1,55%,,,Syzygium rubicundum,0.4
S18,L1,G2,1,55%,,,Syzygium rubicundum,0.4
S18,L1,G2,2,55%,,,Syzygium rubicundum,0.3
S18,L1,G2,2,55%,,,Syzygium rubicundum,0.4
S18,L1,G2,2,55%,,,Syzygium rubicundum,0.4
S18,L1,G2,2,55%,,,Syzygium rubicundum,0.4
S18,L1,G2,2,55%,,,Syzygium rubicundum,7
S18,L1,G2,2,55%,,,Syzygium rubicundum,3.5
S18,L1,G2,2,55%,,,Syzygium rubicundum,5.5
S18,L1,G2,2,55%,,,Syzygium rubicundum,1.7
S18,L1,G2,2,55%,,,Syzygium rubicundum,0.5
S18,L1,G2,2,55%,,,Syzygium rubicundum,0.4
S18,L1,G2,2,55%,,,Syzygium rubicundum,0.4
S18,L1,G2,2,55%,,,Syzygium rubicundum,0.4
S18,L1,G2,2,55%,,,Syzygium rubicundum,0.4
S18,L1,G2,2,55%,,,Syzygium rubicundum,0.4
S18,L1,G2,2,55%,,,Syzygium rubicundum,0.4
S18,L1,G2,3,40%,,,Syzygium rubicundum,0.4
S18,L1,G2,3,40%,,,Syzygium rubicundum,5
S18,L1,G2,3,40%,,,Syzygium rubicundum,0.4
S18,L1,G2,3,40%,,,Syzygium rubicundum,0.4
S18,L1,G2,3,40%,,,Syzygium rubicundum,0.4
S18,L1,G2,3,40%,,,Syzygium rubicundum,0.4
S18,L1,G2,3,40%,,,Syzygium rubicundum,0.5
S18,L1,G2,3,40%,,,Syzygium rubicundum,2.2
S18,L1,G2,3,40%,,,Syzygium rubicundum,0.4
S18,L1,G2,3,40%,,,Syzygium rubicundum,6
S18,L1,G2,3,40%,,,Syzygium rubicundum,0.4
S18,L1,G2,3,40%,,,Syzygium rubicundum,0.4
S18,L1,G2,3,40%,,,Syzygium rubicundum,0.4
S18,L1,G2,3,40%,,,Syzygium rubicundum,0.4
S18,L1,G2,4,70%,,,Syzygium rubicundum,3
S18,L1,G2,4,70%,,,Syzygium rubicundum,0.5
S18,L1,G2,4,70%,,,Syzygium rubicundum,0.5
S18,L1,G2,4,70%,,,Syzygium rubicundum,0.4
S18,L1,G2,4,70%,,,Syzygium rubicundum,0.4
S18,L1,G2,4,70%,,,Syzygium rubicundum,0.4
S18,L1,G2,4,70%,,,Syzygium rubicundum,0.4
S18,L1,G2,4,70%,,,Syzygium rubicundum,0.4
S18,L1,G2,4,70%,,,Syzygium rubicundum,0.4
S18,L1,G2,4,70%,,,Syzygium rubicundum,0.4
S18,L1,G2,4,70%,,,Syzygium rubicundum,8.5
S18,L1,G2,4,70%,,,Syzygium rubicundum,7
S18,L1,G2,5,55%,,0.5 Plot,Syzygium rubicundum,0.4
S18,L1,G2,5,55%,,0.5 Plot,Syzygium rubicundum,0.4
S18,L1,G2,5,55%,,0.5 Plot,Syzygium rubicundum,0.4
S18,L1,G2,5,55%,,0.5 Plot,Syzygium rubicundum,1.2
S18,L1,G2,5,55%,,0.5 Plot,Syzygium rubicundum,20
S18,L1,G2,5,55%,,0.5 Plot,Syzygium rubicundum,2
S18,L1,G2,6,55%,1 Net,4 Plots,Syzygium rubicundum,2.7
S18,L1,G2,6,55%,1 Net,4 Plots,Syzygium rubicundum,5
S18,L1,G2,6,55%,1 Net,4 Plots,Syzygium rubicundum,7.5
S18,L1,G2,6,55%,1 Net,4 Plots,Syzygium rubicundum,0.4
S18,L1,G2,7,60%,,,Syzygium rubicundum,4
S18,L1,G2,7,60%,,,Syzygium rubicundum,1.3
S18,L1,G2,8,55%,,,Syzygium rubicundum,1.6
S18,L1,G2,8,55%,,,Syzygium rubicundum,1.5
S18,L1,G2,8,55%,,,Syzygium rubicundum,1.2
S18,L1,G2,8,55%,,,Syzygium rubicundum,3
S18,L1,G2,8,55%,,,Syzygium rubicundum,0.4
S18,L1,G2,8,55%,,,Syzygium rubicundum,1.2
S18,L1,G2,8,55%,,,Syzygium rubicundum,2
S18,L1,G2,8,55%,,,Syzygium rubicundum,0.3
S18,L1,G2,8,55%,,,Syzygium rubicundum,1.6
S18,L1,G2,9,60%,,,Syzygium rubicundum,0.8
S18,L1,G2,9,60%,,,Syzygium rubicundum,0.5
S18,L1,G2,9,60%,,,Syzygium rubicundum,1.2
S18,L1,G2,9,60%,,,Syzygium rubicundum,2
S18,L1,G2,9,60%,,,Syzygium rubicundum,2.1
S18,L1,G2,9,60%,,,Syzygium rubicundum,1.1
S18,L1,G2,9,60%,,,Syzygium rubicundum,1.7
S18,L1,G2,9,60%,,,Syzygium rubicundum,1.1
S18,L1,G2,10,65%,,,Syzygium rubicundum,3
S18,L1,G2,10,65%,,,Syzygium rubicundum,1.2
S18,L1,G2,10,65%,,,Syzygium rubicundum,2
S18,L1,G2,10,65%,,,Syzygium rubicundum,2.6
S18,L1,G2,10,65%,,,Syzygium rubicundum,3
S18,L1,G2,10,65%,,,Syzygium rubicundum,0.4
S18,L1,G2,10,65%,,,Syzygium rubicundum,0.3
S18,L1,G2,10,65%,,,Syzygium rubicundum,0.3
S18,L1,G2,10,65%,,,Syzygium rubicundum,0.4
S18,L1,G2,10,65%,,,Syzygium rubicundum,0.4
S18,L1,G2,10,65%,,,Syzygium rubicundum,1.6
S18,L1,G2,10,65%,,,Syzygium rubicundum,1.8
S18,L1,G2,10,65%,,,Syzygium rubicundum,0.4
S18,L1,G2,10,65%,,,Syzygium rubicundum,2.2
S18,L1,G2,10,65%,,,Syzygium rubicundum,1.2
S18,L1,G2,10,65%,,,Syzygium rubicundum,1
S18,L1,G2,10,65%,,,Syzygium rubicundum,1
S18,L1,G2,10,65%,,,Syzygium rubicundum,1.2
S18,L1,G2,10,65%,,,Syzygium rubicundum,1.1
S18,L1,G2,10,65%,,,Syzygium rubicundum,1.2
S18,L1,G2,10,65%,,,Syzygium rubicundum,1.2
S18,L1,G2,10,65%,,,Syzygium rubicundum,2.2
S18,L1,G2,10,65%,,,Syzygium rubicundum,1.6
S18,L1,G2,10,65%,,,Syzygium rubicundum,5.5
S18,L1,G2,10,65%,,,Syzygium rubicundum,5.6
S18,L1,G2,10,65%,,,Syzygium rubicundum,1.2
S18,L1,G2,10,65%,,,Syzygium rubicundum,4.6
S18,L1,G2,10,65%,,,Syzygium rubicundum,1.1
S18,L1,G2,11,55%,1 Net,,Syzygium rubicundum,4.2
S18,L1,G2,11,55%,1 Net,,Syzygium rubicundum,3.5
S18,L1,G2,11,55%,1 Net,,Syzygium rubicundum,0.6
S18,L1,G2,11,55%,1 Net,,Syzygium rubicundum,5.5
S18,L1,G2,11,55%,1 Net,,Syzygium rubicundum,5
S18,L1,G2,11,55%,1 Net,,Syzygium rubicundum,4.7
S18,L1,G2,11,55%,1 Net,,Syzygium rubicundum,2.2
S18,L1,G2,11,55%,1 Net,,Syzygium rubicundum,5
S18,L1,G2,11,55%,1 Net,,Syzygium rubicundum,2
S18,L1,G2,11,55%,1 Net,,Syzygium rubicundum,1.7
S18,L1,G2,11,55%,1 Net,,Syzygium rubicundum,5.6
S18,L1,G2,11,55%,1 Net,,Syzygium rubicundum,1.5
S18,L1,G2,11,55%,1 Net,,Syzygium rubicundum,5
S18,L1,G2,12,55%,,,Syzygium rubicundum,1.1
S18,L1,G2,12,55%,,,Syzygium rubicundum,6.5
S18,L1,G2,13,57%,,,Syzygium rubicundum,0.9
S18,L1,G2,13,57%,,,Syzygium rubicundum,5
S18,L1,G2,13,57%,,,Syzygium rubicundum,1.2
S18,L1,G2,13,57%,,,Syzygium rubicundum,0.4
S18,L1,G2,13,57%,,,Syzygium rubicundum,2
S18,L1,G2,13,57%,,,Syzygium rubicundum,1
S18,L1,G2,13,57%,,,Syzygium rubicundum,0.6
S18,L1,G2,13,57%,,,Syzygium rubicundum,1.2
S18,L1,G2,13,57%,,,Syzygium rubicundum,1.2
S18,L1,G2,13,57%,,,Syzygium rubicundum,1.2
S18,L1,G2,13,57%,,,Syzygium rubicundum,1.2
S18,L1,G2,13,57%,,,Syzygium rubicundum,1.2
S18,L1,G2,13,57%,,,Syzygium rubicundum,1
S18,L1,G2,14,60%,,,Syzygium rubicundum,0.4
S18,L1,G2,14,60%,,,Syzygium rubicundum,0.7
S18,L1,G2,14,60%,,,Syzygium rubicundum,1.8
S18,L1,G2,14,60%,,,Syzygium rubicundum,5.2
S18,L1,G2,14,60%,,,Syzygium rubicundum,1
S18,L1,G2,14,60%,,,Syzygium rubicundum,1
S18,L1,G2,14,60%,,,Syzygium rubicundum,1
S18,L1,G2,14,60%,,,Syzygium rubicundum,1.1
S18,L1,G2,14,60%,,,Syzygium rubicundum,2.8
S18,L1,G2,14,60%,,,Syzygium rubicundum,1.2
S18,L1,G2,14,60%,,,Syzygium rubicundum,1.2
S18,L1,G2,14,60%,,,Syzygium rubicundum,10.3
S18,L1,G2,14,60%,,,Syzygium rubicundum,0.6
S18,L1,G2,14,60%,,,Syzygium rubicundum,1.2
S18,L1,G2,14,60%,,,Syzygium rubicundum,0.4
S18,L1,G2,14,60%,,,Syzygium rubicundum,4.3
S18,L1,G2,14,60%,,,Syzygium rubicundum,0.5
S18,L1,G2,14,60%,,,Syzygium rubicundum,0.9
S18,L1,G2,14,60%,,,Syzygium rubicundum,0.8
S18,L1,G2,14,60%,,,Syzygium rubicundum,5.2
S18,L1,G2,14,60%,,,Syzygium rubicundum,0.8
S18,L1,G2,14,60%,,,Syzygium rubicundum,0.8
S18,L1,G2,14,60%,,,Syzygium rubicundum,1.3
S18,L1,G2,14,60%,,,Syzygium rubicundum,0.9
S18,L1,G2,14,60%,,,Syzygium rubicundum,1.2
S18,L1,G2,14,60%,,,Syzygium rubicundum,1.5
S18,L1,G2,14,60%,,,Syzygium rubicundum,0.5
S18,L1,G2,15,60%,,,Syzygium rubicundum,5.9
S18,L1,G2,15,60%,,,Syzygium rubicundum,1.3
S18,L1,G2,15,60%,,,Syzygium rubicundum,1.7
S18,L1,G2,15,60%,,,Syzygium rubicundum,1
S18,L1,G2,15,60%,,,Syzygium rubicundum,0.9
S18,L1,G2,15,60%,,,Syzygium rubicundum,0.8
S18,L1,G2,15,60%,,,Syzygium rubicundum,0.4
S18,L1,G2,15,60%,,,Syzygium rubicundum,1.8
S18,L1,G2,15,60%,,,Syzygium rubicundum,1.4
S18,L1,G2,15,60%,,,Syzygium rubicundum,0.4
S18,L1,G2,15,60%,,,Syzygium rubicundum,5.6
S18,L1,G2,15,60%,,,Syzygium rubicundum,0.4
S18,L1,G2,15,60%,,,Syzygium rubicundum,1.1
S18,L1,G2,15,60%,,,Syzygium rubicundum,0.6
S18,L1,G2,15,60%,,,Syzygium rubicundum,0.8
S18,L1,G2,15,60%,,,Syzygium rubicundum,1.2
S18,L1,G2,15,60%,,,Syzygium rubicundum,0.9
S18,L1,G2,15,60%,,,Syzygium rubicundum,1
S18,L1,G2,15,60%,,,Syzygium rubicundum,1
S18,L1,G2,15,60%,,,Syzygium rubicundum,0.6
S18,L1,G2,15,60%,,,Syzygium rubicundum,4.2
S18,L1,G2,15,60%,,,Syzygium rubicundum,0.4
S18,L1,G2,15,60%,,,Syzygium rubicundum,4.2
S18,L1,G2,15,60%,,,Syzygium rubicundum,0.4
S18,L1,G2,15,60%,,,Syzygium rubicundum,1.2
S18,L1,G2,15,60%,,,Syzygium rubicundum,0.4
S18,L1,G2,15,60%,,,Syzygium rubicundum,1.2
S18,L1,G2,15,60%,,,Syzygium rubicundum,0.4
S18,L1,G2,15,60%,,,Syzygium rubicundum,0.4
S18,L1,G2,15,60%,,,Syzygium rubicundum,1.2
S18,L1,G2,15,60%,,,Syzygium rubicundum,1.3
S18,L1,G2,15,60%,,,Syzygium rubicundum,0.6
S18,L1,G2,15,60%,,,Syzygium rubicundum,3.2
S18,L1,G2,15,60%,,,Syzygium rubicundum,1.7
S18,L1,G2,15,60%,,,Syzygium rubicundum,0.5
S18,L1,G2,15,60%,,,Syzygium rubicundum,3.7
S18,L1,G2,15,60%,,,Syzygium rubicundum,0.7
S18,L1,G2,15,60%,,,Syzygium rubicundum,1
S18,L1,G2,15,60%,,,Syzygium rubicundum,0.4
S18,L1,G2,16,65%,,,Syzygium rubicundum,0.4
S18,L1,G2,16,65%,,,Syzygium rubicundum,5.7
S18,L1,G2,16,65%,,,Syzygium rubicundum,8.2
S18,L1,G2,16,65%,,,Syzygium rubicundum,0.7
S18,L1,G2,16,65%,,,Syzygium rubicundum,0.4
S12,L2,G3,1,75%,1 Net,,Syzygium rubicundum,4
S12,L2,G3,5,77%,,,Syzygium rubicundum,3
S12,L2,G3,5,77%,,,Syzygium rubicundum,1.2
S12,L2,G3,5,77%,,,Syzygium rubicundum,1.2
S12,L2,G3,6,70%,,,Syzygium rubicundum,17
S12,L2,G3,6,70%,,,Syzygium rubicundum,5
S12,L2,G3,8,80%,,,Syzygium rubicundum,1.1
S12,L2,G3,8,80%,,,Syzygium rubicundum,2
S12,L2,G3,9,75%,,,Syzygium rubicundum,16
S12,L2,G3,9,75%,,,Syzygium rubicundum,40
S12,L2,G3,12,78%,1 Net,,Syzygium rubicundum,2
S12,L2,G3,14,75%,,,Syzygium rubicundum,1.2
S3,L1,G2,1,60%,,,Syzygium rubicundum,2
S3,L1,G2,1,60%,,,Syzygium rubicundum,16
S3,L1,G2,1,60%,,,Syzygium rubicundum,4
S3,L1,G2,1,60%,,,Syzygium rubicundum,0.4
S3,L1,G2,1,60%,,,Syzygium rubicundum,0.4
S3,L1,G2,1,60%,,,Syzygium rubicundum,1.3
S3,L1,G2,2,78%,,,Syzygium rubicundum,2.5
S3,L1,G2,2,78%,,,Syzygium rubicundum,19
S3,L1,G2,2,78%,,,Syzygium rubicundum,1.5
S3,L1,G2,2,78%,,,Syzygium rubicundum,2
S3,L1,G2,2,78%,,,Syzygium rubicundum,2
S3,L1,G2,2,78%,,,Syzygium rubicundum,6
S3,L1,G2,2,78%,,,Syzygium rubicundum,0.5
S3,L1,G2,2,78%,,,Syzygium rubicundum,0.7
S3,L1,G2,2,78%,,,Syzygium rubicundum,2
S3,L1,G2,2,78%,,,Syzygium rubicundum,11
S3,L1,G2,2,78%,,,Syzygium rubicundum,5
S3,L1,G2,2,78%,,,Syzygium rubicundum,3
S3,L1,G2,2,78%,,,Syzygium rubicundum,1.2
S3,L1,G2,3,60%,,,Syzygium rubicundum,0.4
S3,L1,G2,3,60%,,,Syzygium rubicundum,1.2
S3,L1,G2,4,75%,,,Syzygium rubicundum,6
S3,L1,G2,5,65%,,,Syzygium rubicundum,0.6
S3,L1,G2,5,65%,,,Syzygium rubicundum,1.5
S3,L1,G2,5,65%,,,Syzygium rubicundum,2.5
S3,L1,G2,5,65%,,,Syzygium rubicundum,1
S3,L1,G2,5,65%,,,Syzygium rubicundum,2
S3,L1,G2,5,65%,,,Syzygium rubicundum,3.5
S3,L1,G2,5,65%,,,Syzygium rubicundum,4
S3,L1,G2,5,65%,,,Syzygium rubicundum,1.5
S3,L1,G2,5,65%,,,Syzygium rubicundum,3
S3,L1,G2,5,65%,,,Syzygium rubicundum,1.2
S3,L1,G2,6,76%,,,Syzygium rubicundum,3
S3,L1,G2,6,76%,,,Syzygium rubicundum,4
S3,L1,G2,6,76%,,,Syzygium rubicundum,1.2
S3,L1,G2,6,76%,,,Syzygium rubicundum,1.2
S3,L1,G2,6,76%,,,Syzygium rubicundum,3
S3,L1,G2,6,76%,,,Syzygium rubicundum,1.2
S3,L1,G2,6,76%,,,Syzygium rubicundum,1.5
S3,L1,G2,6,76%,,,Syzygium rubicundum,2
S3,L1,G2,6,76%,,,Syzygium rubicundum,1.2
S3,L1,G2,6,76%,,,Syzygium rubicundum,0.5
S3,L1,G2,6,76%,,,Syzygium rubicundum,0.7
S3,L1,G2,6,76%,,,Syzygium rubicundum,1.5
S3,L1,G2,6,76%,,,Syzygium rubicundum,1.5
S3,L1,G2,6,76%,,,Syzygium rubicundum,1.5
S3,L1,G2,6,76%,,,Syzygium rubicundum,1.2
S3,L1,G2,6,76%,,,Syzygium rubicundum,1.5
S3,L1,G2,6,76%,,,Syzygium rubicundum,7
S3,L1,G2,6,76%,,,Syzygium rubicundum,1.2
S3,L1,G2,6,76%,,,Syzygium rubicundum,1.5
S3,L1,G2,6,76%,,,Syzygium rubicundum,2
S3,L1,G2,6,76%,,,Syzygium rubicundum,3.5
S3,L1,G2,6,76%,,,Syzygium rubicundum,3.5
S3,L1,G2,6,76%,,,Syzygium rubicundum,4.5
S3,L1,G2,6,76%,,,Syzygium rubicundum,1
S3,L1,G2,6,76%,,,Syzygium rubicundum,2
S3,L1,G2,6,76%,,,Syzygium rubicundum,0.7
S3,L1,G2,6,76%,,,Syzygium rubicundum,1.2
S3,L1,G2,6,76%,,,Syzygium rubicundum,1.5
S3,L1,G2,7,70%,,,Syzygium rubicundum,0.5
S3,L1,G2,7,70%,,,Syzygium rubicundum,0.7
S3,L1,G2,7,70%,,,Syzygium rubicundum,4
S3,L1,G2,7,70%,,,Syzygium rubicundum,5.5
S3,L1,G2,7,70%,,,Syzygium rubicundum,2
S3,L1,G2,7,70%,,,Syzygium rubicundum,4
S3,L1,G2,7,70%,,,Syzygium rubicundum,5
S3,L1,G2,7,70%,,,Syzygium rubicundum,3
S3,L1,G2,7,70%,,,Syzygium rubicundum,4
S3,L1,G2,7,70%,,,Syzygium rubicundum,0.7
S3,L1,G2,7,70%,,,Syzygium rubicundum,2
S3,L1,G2,7,70%,,,Syzygium rubicundum,1.5
S3,L1,G2,7,70%,,,Syzygium rubicundum,1.2
S3,L1,G2,7,70%,,,Syzygium rubicundum,4
S3,L1,G2,7,70%,,,Syzygium rubicundum,2.1
S3,L1,G2,7,70%,,,Syzygium rubicundum,7
S3,L1,G2,7,70%,,,Syzygium rubicundum,19
S3,L1,G2,7,70%,,,Syzygium rubicundum,1.5
S3,L1,G2,7,70%,,,Syzygium rubicundum,2
S3,L1,G2,7,70%,,,Syzygium rubicundum,1.3
S3,L1,G2,7,70%,,,Syzygium rubicundum,8
S3,L1,G2,7,70%,,,Syzygium rubicundum,0.5
S3,L1,G2,7,70%,,,Syzygium rubicundum,1.5
S3,L1,G2,7,70%,,,Syzygium rubicundum,1.2
S3,L1,G2,8,60%,,,Syzygium rubicundum,3
S3,L1,G2,8,60%,,,Syzygium rubicundum,6
S3,L1,G2,8,60%,,,Syzygium rubicundum,6
S3,L1,G2,8,60%,,,Syzygium rubicundum,0.5
S3,L1,G2,8,60%,,,Syzygium rubicundum,1.2
S3,L1,G2,8,60%,,,Syzygium rubicundum,6
S3,L1,G2,8,60%,,,Syzygium rubicundum,1.5
S3,L1,G2,8,60%,,,Syzygium rubicundum,0.6
S3,L1,G2,8,60%,,,Syzygium rubicundum,27
S3,L1,G2,9,75%,,,Syzygium rubicundum,2
S3,L1,G2,9,75%,,,Syzygium rubicundum,1.5
S3,L1,G2,9,75%,,,Syzygium rubicundum,2.5
S3,L1,G2,9,75%,,,Syzygium rubicundum,3.5
S3,L1,G2,9,75%,,,Syzygium rubicundum,1.3
S3,L1,G2,9,75%,,,Syzygium rubicundum,0.7
S3,L1,G2,9,75%,,,Syzygium rubicundum,2
S3,L1,G2,9,75%,,,Syzygium rubicundum,1.2
S3,L1,G2,9,75%,,,Syzygium rubicundum,0.5
S3,L1,G2,9,75%,,,Syzygium rubicundum,1.2
S3,L1,G2,9,75%,,,Syzygium rubicundum,5
S3,L1,G2,9,75%,,,Syzygium rubicundum,8
S3,L1,G2,9,75%,,,Syzygium rubicundum,52
S3,L1,G2,9,75%,,,Syzygium rubicundum,1.2
S3,L1,G2,9,75%,,,Syzygium rubicundum,1.5
S3,L1,G2,9,75%,,,Syzygium rubicundum,2.5
S3,L1,G2,9,75%,,,Syzygium rubicundum,3
S3,L1,G2,9,75%,,,Syzygium rubicundum,4
S3,L1,G2,9,75%,,,Syzygium rubicundum,5.5
S3,L1,G2,9,75%,,,Syzygium rubicundum,2.5
S3,L1,G2,9,75%,,,Syzygium rubicundum,1.5
S3,L1,G2,9,75%,,,Syzygium rubicundum,3.5
S3,L1,G2,9,75%,,,Syzygium rubicundum,15
S3,L1,G2,9,75%,,,Syzygium rubicundum,1.2
S3,L1,G2,9,75%,,,Syzygium rubicundum,3.5
S3,L1,G2,9,75%,,,Syzygium rubicundum,4
S3,L1,G2,9,75%,,,Syzygium rubicundum,2.5
S3,L1,G2,9,75%,,,Syzygium rubicundum,3.5
S3,L1,G2,10,70%,,,Syzygium rubicundum,1.5
S3,L1,G2,10,70%,,,Syzygium rubicundum,1.5
S3,L1,G2,10,70%,,,Syzygium rubicundum,8
S3,L1,G2,10,70%,,,Syzygium rubicundum,0.5
S3,L1,G2,10,70%,,,Syzygium rubicundum,2.5
S3,L1,G2,10,70%,,,Syzygium rubicundum,1.2
S3,L1,G2,10,70%,,,Syzygium rubicundum,0.5
S3,L1,G2,10,70%,,,Syzygium rubicundum,1.2
S3,L1,G2,10,70%,,,Syzygium rubicundum,9
S3,L1,G2,10,70%,,,Syzygium rubicundum,55
S3,L1,G2,10,70%,,,Syzygium rubicundum,1.5
S3,L1,G2,10,70%,,,Syzygium rubicundum,2
S3,L1,G2,10,70%,,,Syzygium rubicundum,3.5
S3,L1,G2,10,70%,,,Syzygium rubicundum,19
S3,L1,G2,11,75%,,,Syzygium rubicundum,0.5
S3,L1,G2,11,75%,,,Syzygium rubicundum,2.5
S3,L1,G2,11,75%,,,Syzygium rubicundum,4
S3,L1,G2,11,75%,,,Syzygium rubicundum,21
S3,L1,G2,11,75%,,,Syzygium rubicundum,0.7
S3,L1,G2,11,75%,,,Syzygium rubicundum,0.4
S3,L1,G2,11,75%,,,Syzygium rubicundum,1.2
S3,L1,G2,11,75%,,,Syzygium rubicundum,1.5
S3,L1,G2,11,75%,,,Syzygium rubicundum,1.5
S3,L1,G2,11,75%,,,Syzygium rubicundum,1.2
S3,L1,G2,11,75%,,,Syzygium rubicundum,4.5
S3,L1,G2,11,75%,,,Syzygium rubicundum,3
S3,L1,G2,11,75%,,,Syzygium rubicundum,1.5
S3,L1,G2,11,75%,,,Syzygium rubicundum,4.5
S3,L1,G2,11,75%,,,Syzygium rubicundum,2.5
S3,L1,G2,11,75%,,,Syzygium rubicundum,3
S3,L1,G2,11,75%,,,Syzygium rubicundum,2.5
S3,L1,G2,11,75%,,,Syzygium rubicundum,3
S3,L1,G2,12,75%,,,Syzygium rubicundum,1.2
S3,L1,G2,12,75%,,,Syzygium rubicundum,1.5
S3,L1,G2,12,75%,,,Syzygium rubicundum,2.4
S3,L1,G2,12,75%,,,Syzygium rubicundum,1.5
S3,L1,G2,12,75%,,,Syzygium rubicundum,3
S3,L1,G2,12,75%,,,Syzygium rubicundum,1.5
S3,L1,G2,12,75%,,,Syzygium rubicundum,2.3
S3,L1,G2,12,75%,,,Syzygium rubicundum,4
S3,L1,G2,12,75%,,,Syzygium rubicundum,0.5
S3,L1,G2,12,75%,,,Syzygium rubicundum,0.7
S3,L1,G2,12,75%,,,Syzygium rubicundum,0.7
S3,L1,G2,12,75%,,,Syzygium rubicundum,1.2
S3,L1,G2,12,75%,,,Syzygium rubicundum,4
S3,L1,G2,12,75%,,,Syzygium rubicundum,3.5
S3,L1,G2,12,75%,,,Syzygium rubicundum,2.5
S3,L1,G2,12,75%,,,Syzygium rubicundum,3.5
S3,L1,G2,12,75%,,,Syzygium rubicundum,2.5
S3,L1,G2,12,75%,,,Syzygium rubicundum,1.2
S3,L1,G2,12,75%,,,Syzygium rubicundum,2.5
S3,L1,G2,12,75%,,,Syzygium rubicundum,3.5
S3,L1,G2,12,75%,,,Syzygium rubicundum,1.2
S3,L1,G2,12,75%,,,Syzygium rubicundum,5
S3,L1,G2,12,75%,,,Syzygium rubicundum,1.5
S3,L1,G2,12,75%,,,Syzygium rubicundum,2.3
S3,L1,G2,12,75%,,,Syzygium rubicundum,5
S3,L1,G2,12,75%,,,Syzygium rubicundum,4.5
S3,L1,G2,12,75%,,,Syzygium rubicundum,5.5
S3,L1,G2,12,75%,,,Syzygium rubicundum,3.5
S3,L1,G2,12,75%,,,Syzygium rubicundum,0.7
S3,L1,G2,13,68%,,,Syzygium rubicundum,5
S3,L1,G2,13,68%,,,Syzygium rubicundum,1.5
S3,L1,G2,13,68%,,,Syzygium rubicundum,4
S3,L1,G2,13,68%,,,Syzygium rubicundum,1.5
S3,L1,G2,13,68%,,,Syzygium rubicundum,2
S3,L1,G2,13,68%,,,Syzygium rubicundum,1.5
S3,L1,G2,13,68%,,,Syzygium rubicundum,2.3
S3,L1,G2,13,68%,,,Syzygium rubicundum,4
S3,L1,G2,13,68%,,,Syzygium rubicundum,3
S3,L1,G2,13,68%,,,Syzygium rubicundum,2.5
S3,L1,G2,13,68%,,,Syzygium rubicundum,0.5
S3,L1,G2,13,68%,,,Syzygium rubicundum,1.5
S3,L1,G2,13,68%,,,Syzygium rubicundum,1.2
S3,L1,G2,13,68%,,,Syzygium rubicundum,0.7
S3,L1,G2,13,68%,,,Syzygium rubicundum,2.5
S3,L1,G2,13,68%,,,Syzygium rubicundum,2.5
S3,L1,G2,13,68%,,,Syzygium rubicundum,4.5
S3,L1,G2,13,68%,,,Syzygium rubicundum,1.5
S3,L1,G2,13,68%,,,Syzygium rubicundum,4.5
S3,L1,G2,13,68%,,,Syzygium rubicundum,3
S3,L1,G2,13,68%,,,Syzygium rubicundum,1.2
S3,L1,G2,13,68%,,,Syzygium rubicundum,4
S3,L1,G2,13,68%,,,Syzygium rubicundum,4.5
S3,L1,G2,13,68%,,,Syzygium rubicundum,0.7
S3,L1,G2,13,68%,,,Syzygium rubicundum,0.2
S3,L1,G2,13,68%,,,Syzygium rubicundum,1.2
S3,L1,G2,13,68%,,,Syzygium rubicundum,0.5
S3,L1,G2,13,68%,,,Syzygium rubicundum,0.5
S3,L1,G2,14,80%,,,Syzygium rubicundum,0.5
S3,L1,G2,14,80%,,,Syzygium rubicundum,0.7
S3,L1,G2,14,80%,,,Syzygium rubicundum,1.2
S3,L1,G2,14,80%,,,Syzygium rubicundum,0.5
S3,L1,G2,14,80%,,,Syzygium rubicundum,0.7
S3,L1,G2,14,80%,,,Syzygium rubicundum,0.5
S3,L1,G2,14,80%,,,Syzygium rubicundum,0.5
S3,L1,G2,14,80%,,,Syzygium rubicundum,0.5
S3,L1,G2,14,80%,,,Syzygium rubicundum,0.5
S3,L1,G2,14,80%,,,Syzygium rubicundum,1.2
S3,L1,G2,14,80%,,,Syzygium rubicundum,0.7
S3,L1,G2,14,80%,,,Syzygium rubicundum,0.5
S3,L1,G2,14,80%,,,Syzygium rubicundum,1.2
S3,L1,G2,14,80%,,,Syzygium rubicundum,0.5
S3,L1,G2,14,80%,,,Syzygium rubicundum,0.7
S3,L1,G2,14,80%,,,Syzygium rubicundum,1.5
S3,L1,G2,14,80%,,,Syzygium rubicundum,1.2
S3,L1,G2,14,80%,,,Syzygium rubicundum,0.7
S3,L1,G2,15,70%,,,Syzygium rubicundum,1.2
S3,L1,G2,15,70%,,,Syzygium rubicundum,0.7
S3,L1,G2,15,70%,,,Syzygium rubicundum,1.2
S3,L1,G2,15,70%,,,Syzygium rubicundum,0.7
S3,L1,G2,15,70%,,,Syzygium rubicundum,1.2
S3,L1,G2,15,70%,,,Syzygium rubicundum,1.2
S3,L1,G2,15,70%,,,Syzygium rubicundum,1.5
S3,L1,G2,15,70%,,,Syzygium rubicundum,2.3
S3,L1,G2,15,70%,,,Syzygium rubicundum,5.1
S3,L1,G2,15,70%,,,Syzygium rubicundum,1.5
S3,L1,G2,15,70%,,,Syzygium rubicundum,1.2
S3,L1,G2,15,70%,,,Syzygium rubicundum,0.5
S3,L1,G2,15,70%,,,Syzygium rubicundum,12
S3,L1,G2,15,70%,,,Syzygium rubicundum,7.5
S3,L1,G2,16,80%,,,Syzygium rubicundum,1.2
S3,L1,G2,16,80%,,,Syzygium rubicundum,0.5
S3,L1,G2,16,80%,,,Syzygium rubicundum,2
S3,L1,G2,16,80%,,,Syzygium rubicundum,0.5
S3,L1,G2,16,80%,,,Syzygium rubicundum,0.7
S3,L1,G2,16,80%,,,Syzygium rubicundum,0.7
S3,L1,G2,16,80%,,,Syzygium rubicundum,0.5
S3,L1,G2,16,80%,,,Syzygium rubicundum,0.4
S3,L1,G2,16,80%,,,Syzygium rubicundum,1.2
S3,L1,G2,16,80%,,,Syzygium rubicundum,0.5
S3,L1,G2,16,80%,,,Syzygium rubicundum,2.5
S3,L1,G2,16,80%,,,Syzygium rubicundum,1.5
S3,L1,G2,16,80%,,,Syzygium rubicundum,1.5
S3,L1,G2,16,80%,,,Syzygium rubicundum,0.5
S3,L1,G2,16,80%,,,Syzygium rubicundum,1.2
S3,L1,G2,16,80%,,,Syzygium rubicundum,1.2
S3,L1,G2,16,80%,,,Syzygium rubicundum,1.3
S3,L1,G2,16,80%,,,Syzygium rubicundum,0.5
S3,L1,G2,16,80%,,,Syzygium rubicundum,0.7
S3,L1,G2,16,80%,,,Syzygium rubicundum,1.2
S3,L1,G2,16,80%,,,Syzygium rubicundum,6.5
S3,L1,G2,16,80%,,,Syzygium rubicundum,2.3
S3,L1,G2,16,80%,,,Syzygium rubicundum,0.6
S3,L1,G2,16,80%,,,Syzygium rubicundum,1.2
S3,L1,G2,16,80%,,,Syzygium rubicundum,5
S3,L1,G2,16,80%,,,Syzygium rubicundum,0.7
S3,L1,G2,16,80%,,,Syzygium rubicundum,0.5
S3,L1,G2,16,80%,,,Syzygium rubicundum,1.2
S3,L1,G2,16,80%,,,Syzygium rubicundum,3
S3,L1,G2,16,80%,,,Syzygium rubicundum,0.7
S5,L2,G2,1,60%,,,Syzygium rubicundum,4.5
S5,L2,G2,1,60%,,,Syzygium rubicundum,2.5
S5,L2,G2,1,60%,,,Syzygium rubicundum,1.6
S5,L2,G2,1,60%,,,Syzygium rubicundum,19
S5,L2,G2,1,60%,,,Syzygium rubicundum,15
S5,L2,G2,1,60%,,,Syzygium rubicundum,3.5
S5,L2,G2,1,60%,,,Syzygium rubicundum,2
S5,L2,G2,1,60%,,,Syzygium rubicundum,0.6
S5,L2,G2,1,60%,,,Syzygium rubicundum,1.5
S5,L2,G2,1,60%,,,Syzygium rubicundum,12
S5,L2,G2,1,60%,,,Syzygium rubicundum,9
S5,L2,G2,2,75%,,,Syzygium rubicundum,10
S5,L2,G2,4,80%,,,Syzygium rubicundum,2.3
S5,L2,G2,5,78%,,,Syzygium rubicundum,25
S5,L2,G2,5,78%,,,Syzygium rubicundum,28
S5,L2,G2,5,78%,,,Syzygium rubicundum,30
S5,L2,G2,5,78%,,,Syzygium rubicundum,31
S5,L2,G2,5,78%,,,Syzygium rubicundum,30
S5,L2,G2,5,78%,,,Syzygium rubicundum,26
S5,L2,G2,5,78%,,,Syzygium rubicundum,8
S5,L2,G2,6,76%,,,Syzygium rubicundum,16
S5,L2,G2,6,76%,,,Syzygium rubicundum,0.4
S5,L2,G2,6,76%,,,Syzygium rubicundum,0.4
S5,L2,G2,6,76%,,,Syzygium rubicundum,0.5
S5,L2,G2,7,80%,,,Syzygium rubicundum,0.5
S5,L2,G2,7,80%,,,Syzygium rubicundum,1.3
S5,L2,G2,7,80%,,,Syzygium rubicundum,0.5
S5,L2,G2,7,80%,,,Syzygium rubicundum,2
S5,L2,G2,7,80%,,,Syzygium rubicundum,0.5
S5,L2,G2,7,80%,,,Syzygium rubicundum,0.5
S5,L2,G2,7,80%,,,Syzygium rubicundum,0.5
S5,L2,G2,7,80%,,,Syzygium rubicundum,0.5
S5,L2,G2,7,80%,,,Syzygium rubicundum,0.5
S5,L2,G2,7,80%,,,Syzygium rubicundum,0.5
S5,L2,G2,8,75%,,,Syzygium rubicundum,0.5
S5,L2,G2,8,75%,,,Syzygium rubicundum,31
S5,L2,G2,8,75%,,,Syzygium rubicundum,0.5
S5,L2,G2,8,75%,,,Syzygium rubicundum,0.5
S5,L2,G2,8,75%,,,Syzygium rubicundum,16
S5,L2,G2,8,75%,,,Syzygium rubicundum,0.5
S5,L2,G2,8,75%,,,Syzygium rubicundum,10
S5,L2,G2,8,75%,,,Syzygium rubicundum,10
S5,L2,G2,8,75%,,,Syzygium rubicundum,9
S5,L2,G2,8,75%,,,Syzygium rubicundum,17
S5,L2,G2,9,80%,,,Syzygium rubicundum,19
S5,L2,G2,11,76%,,,Syzygium rubicundum,13
S5,L2,G2,11,76%,,,Syzygium rubicundum,0.5
S5,L2,G2,12,78%,,,Syzygium rubicundum,9
S5,L2,G2,12,78%,,,Syzygium rubicundum,15
S5,L2,G2,12,78%,,,Syzygium rubicundum,15
S5,L2,G2,12,78%,,,Syzygium rubicundum,7
S5,L2,G2,12,78%,,,Syzygium rubicundum,4.7
S5,L2,G2,13,75%,,,Syzygium rubicundum,7
S5,L2,G2,13,75%,,,Syzygium rubicundum,3.5
S5,L2,G2,14,70%,,,Syzygium rubicundum,6
S5,L2,G2,14,70%,,,Syzygium rubicundum,8
S5,L2,G2,14,70%,,,Syzygium rubicundum,6.4
S5,L2,G2,14,70%,,,Syzygium rubicundum,1.9
S5,L2,G2,14,70%,,,Syzygium rubicundum,17
S5,L2,G2,14,70%,,,Syzygium rubicundum,2.1
S5,L2,G2,15,67%,,,Syzygium rubicundum,13
S5,L2,G2,15,67%,,,Syzygium rubicundum,7.3
S5,L2,G2,15,67%,,,Syzygium rubicundum,11
S5,L2,G2,15,67%,,,Syzygium rubicundum,9.5
S5,L2,G2,15,67%,,,Syzygium rubicundum,7
S5,L2,G2,16,75%,,,Syzygium rubicundum,35
S5,L2,G2,16,75%,,,Syzygium rubicundum,12
S5,L2,G2,16,75%,,,Syzygium rubicundum,0.5
S5,L2,G2,16,75%,,,Syzygium rubicundum,0.5
S5,L2,G2,16,75%,,,Syzygium rubicundum,0.5
S8,L1,G2,1,70%,,,Syzygium rubicundum,1.2
S8,L1,G2,1,70%,,,Syzygium rubicundum,1.3
S8,L1,G2,1,70%,,,Syzygium rubicundum,0.5
S8,L1,G2,1,70%,,,Syzygium rubicundum,0.5
S8,L1,G2,1,70%,,,Syzygium rubicundum,0.5
S8,L1,G2,1,70%,,,Syzygium rubicundum,0.5
S8,L1,G2,1,70%,,,Syzygium rubicundum,0.5
S8,L1,G2,1,70%,,,Syzygium rubicundum,6
S8,L1,G2,1,70%,,,Syzygium rubicundum,2.5
S8,L1,G2,1,70%,,,Syzygium rubicundum,0.4
S8,L1,G2,1,70%,,,Syzygium rubicundum,0.4
S8,L1,G2,1,70%,,,Syzygium rubicundum,0.4
S8,L1,G2,1,70%,,,Syzygium rubicundum,0.4
S8,L1,G2,1,70%,,,Syzygium rubicundum,19
S8,L1,G2,2,65%,,,Syzygium rubicundum,56
S8,L1,G2,2,65%,,,Syzygium rubicundum,0.4
S8,L1,G2,2,65%,,,Syzygium rubicundum,0.6
S8,L1,G2,2,65%,,,Syzygium rubicundum,0.6
S8,L1,G2,2,65%,,,Syzygium rubicundum,0.6
S8,L1,G2,2,65%,,,Syzygium rubicundum,72
S8,L1,G2,3,60%,,,Syzygium rubicundum,15
S8,L1,G2,3,60%,,,Syzygium rubicundum,20
S8,L1,G2,5,65%,,,Syzygium rubicundum,0.4
S8,L1,G2,5,65%,,,Syzygium rubicundum,2
S8,L1,G2,7,70%,,,Syzygium rubicundum,25
S8,L1,G2,8,55%,,,Syzygium rubicundum,12
S8,L1,G2,8,55%,,,Syzygium rubicundum,1.2
S8,L1,G2,9,60%,,,Syzygium rubicundum,0.5
S8,L1,G2,11,65%,,,Syzygium rubicundum,0.5
S8,L1,G2,11,65%,,,Syzygium rubicundum,1.2
S8,L1,G2,11,65%,,,Syzygium rubicundum,8
S8,L1,G2,12,80%,,,Syzygium rubicundum,0.6
S8,L1,G2,12,80%,,,Syzygium rubicundum,6
S8,L1,G2,12,80%,,,Syzygium rubicundum,1.2
S8,L1,G2,13,85%,,,Syzygium rubicundum,40
S8,L1,G2,14,70%,,,Syzygium rubicundum,1.5
S8,L1,G2,14,70%,,,Syzygium rubicundum,0.9
S8,L1,G2,14,70%,,,Syzygium rubicundum,9
S8,L1,G2,14,70%,,,Syzygium rubicundum,29
S8,L1,G2,15,60%,,,Syzygium rubicundum,1.2
S8,L1,G2,15,60%,,,Syzygium rubicundum,0.5
S8,L1,G2,15,60%,,,Syzygium rubicundum,1.2
S3,L1,G2,3,60%,,,Syzygium sp.,0.7
S3,L1,G2,3,60%,,,Syzygium sp.,1.1
S3,L1,G2,4,75%,,,Syzygium sp.,1.1
S3,L1,G2,4,75%,,,Syzygium sp.,1.1
S3,L1,G2,4,75%,,,Syzygium sp.,0.6
S13,L1,G2,8,55%,,,Toona ciliata,47
S13,L1,G2,8,55%,,,Toona ciliata,49
S13,L1,G2,8,55%,,,Toona ciliata,30
S13,L1,G2,13,50%,,,Trichilia connaroides,73
S18,L1,G2,14,60%,,,Trichilia connaroides,0.4
S12,L2,G3,15,80%,,,Trichilia connaroides,0.4
S3,L1,G2,1,60%,,,Trichilia connaroides,0.4
S3,L1,G2,2,78%,,,Trichilia connaroides,0.5
S3,L1,G2,2,78%,,,Trichilia connaroides,0.5
S3,L1,G2,4,75%,,,Trichilia connaroides,0.4
S3,L1,G2,4,75%,,,Trichilia connaroides,3
S3,L1,G2,4,75%,,,Trichilia connaroides,0.4
S3,L1,G2,5,65%,,,Trichilia connaroides,30
S3,L1,G2,7,70%,,,Trichilia connaroides,52
S3,L1,G2,10,70%,,,Trichilia connaroides,29
S3,L1,G2,11,75%,,,Trichilia connaroides,3
S3,L1,G2,14,80%,,,Trichilia connaroides,0.4
S3,L1,G2,15,70%,,,Trichilia connaroides,19
S2,L1,G2,1,80%,,,Trichilia connaroides,0.5
S2,L1,G2,5,78%,,,Trichilia connaroides,19
S2,L1,G2,11,75%,,,Trichilia connaroides,7
S2,L1,G2,11,75%,,,Trichilia connaroides,55
S2,L1,G2,12,60%,,,Trichilia connaroides,0.5
S2,L1,G2,13,65%,,,Trichilia connaroides,0.3
S2,L1,G2,14,70%,,,Trichilia connaroides,3
S5,L2,G2,5,78%,,,Trichilia connaroides,60
S5,L2,G2,5,78%,,,Trichilia connaroides,32
S8,L1,G2,3,60%,,,Trichilia connaroides,0.3
S8,L1,G2,4,60%,,,Trichilia connaroides,0.3
S8,L1,G2,4,60%,,,Trichilia connaroides,1.2
S8,L1,G2,4,60%,,,Trichilia connaroides,1
S8,L1,G2,5,65%,,,Trichilia connaroides,0.3
S8,L1,G2,6,75%,,,Trichilia connaroides,1.1
S8,L1,G2,6,75%,,,Trichilia connaroides,1
S8,L1,G2,8,55%,,,Trichilia connaroides,0.4
S8,L1,G2,8,55%,,,Trichilia connaroides,0.4
S8,L1,G2,9,60%,,,Trichilia connaroides,0.4
S8,L1,G2,9,60%,,,Trichilia connaroides,0.4
S8,L1,G2,9,60%,,,Trichilia connaroides,0.4
S8,L1,G2,10,70%,,,Trichilia connaroides,0.4
S8,L1,G2,10,70%,,,Trichilia connaroides,1.2
S8,L1,G2,10,70%,,,Trichilia connaroides,0.4
S8,L1,G2,11,65%,,,Trichilia connaroides,0.4
S8,L1,G2,11,65%,,,Trichilia connaroides,0.4
S8,L1,G2,11,65%,,,Trichilia connaroides,0.4
S8,L1,G2,11,65%,,,Trichilia connaroides,0.4
S8,L1,G2,11,65%,,,Trichilia connaroides,1.2
S8,L1,G2,11,65%,,,Trichilia connaroides,0.4
S8,L1,G2,12,80%,,,Trichilia connaroides,0.4
S8,L1,G2,13,85%,,,Trichilia connaroides,0.5
S8,L1,G2,14,70%,,,Trichilia connaroides,0.4
S8,L1,G2,14,70%,,,Trichilia connaroides,0.4
S8,L1,G2,14,70%,,,Trichilia connaroides,0.4
S8,L1,G2,14,70%,,,Trichilia connaroides,2
S8,L1,G2,15,60%,,,Trichilia connaroides,0.4
S8,L1,G2,15,60%,,,Trichilia connaroides,0.4
S8,L1,G2,15,60%,,,Trichilia connaroides,0.4
S8,L1,G2,15,60%,,,Trichilia connaroides,0.4
S13,L1,G2,7,40%,,,UID 612,1
S13,L1,G2,9,40%,,,UID alt,1
S8,L1,G2,4,60%,,,UID alt,1.3
S8,L1,G2,4,60%,,,UID alt,0.4
S8,L1,G2,5,65%,,,UID alt ,0.9
S18,L1,G2,10,65%,,,UID alternate seedling,0.7
S18,L1,G2,10,65%,,,UID alternate seedling,0.4
S18,L1,G2,10,65%,,,UID alternate seedling,1.1
S18,L1,G2,11,55%,1 Net,,UID alternate seedling,0.4
S18,L1,G2,13,57%,,,UID alternate seedling,0.5
S19,L1,G2,7,60%,,I Plot,UID compound,75
S19,L1,G2,1,70%,,,UID opp leaf seedling,0.4
S19,L1,G2,1,70%,,,UID opp leaf seedling,0.4
S19,L1,G2,1,70%,,,UID opp leaf seedling,0.4
S19,L1,G2,1,70%,,,UID opp leaf seedling,0.4
S8,L1,G2,6,75%,,,UID sap,0.5
S18,L1,G2,8,55%,,,UID seedling,1.1
